!Copyright (C) 2025  Altera Corporation. All rights reserved.
!Your use of Altera Corporation's design tools, logic functions 
!and other software and tools, and any partner logic 
!functions, and any output files from any of the foregoing 
!(including device programming or simulation files), and any 
!associated documentation or information are expressly subject 
!to the terms and conditions of the Altera Program License 
!Subscription Agreement, the Altera Quartus Prime License Agreement,
!the Altera IP License Agreement, or other applicable license
!agreement, including, without limitation, that your use is for
!the sole purpose of programming logic devices manufactured by
!Altera and sold by Altera or its authorized distributors.  Please
!refer to the Altera Software License Subscription Agreements 
!on the Quartus Prime software download page.
!
!Quartus Prime SVF converter 25.1
!
!Device #1: EPM240 - output_files/pistorm_epm240.pof Mon Sep 21 20:57:29 2026
!
!NOTE "USERCODE" "00181276";
!
!NOTE "CHECKSUM" "00181586";
!
!
!
FREQUENCY 1.00E+07 HZ;
!
!
!
TRST ABSENT;
ENDDR IDLE;
ENDIR IRPAUSE;
STATE IDLE;
SIR 10 TDI (005);
RUNTEST IDLE 53 TCK ENDSTATE IDLE;
SDR 240 TDI (FFFFFFFFFFFFFFFFFFFFFFFFFFFFFFFFFFFFFFFFFFFFFFFFFFFFFFFFFFFF);
SIR 10 TDI (3FF);
RUNTEST 10003 TCK;
SIR 10 TDI (2CC);
RUNTEST 10003 TCK;
!
!
!
!CHECKING SILICON ID
!
!
!
SIR 10 TDI (203);
RUNTEST 53 TCK;
SDR 13 TDI (0089);
SIR 10 TDI (205);
RUNTEST 53 TCK;
SDR 16 TDI (FFFF) TDO (8232) MASK (FFFF);
SDR 16 TDI (FFFF) TDO (2AA2);
SDR 16 TDI (FFFF) TDO (4A82);
SDR 16 TDI (FFFF) TDO (0C2C);
SDR 16 TDI (FFFF) TDO (0000);
!
!
!
!BULK ERASE
!
!
!
SIR 10 TDI (203);
RUNTEST 53 TCK;
SDR 13 TDI (0011);
SIR 10 TDI (2F2);
RUNTEST 5000003 TCK;
SIR 10 TDI (203);
RUNTEST 53 TCK;
SDR 13 TDI (0001);
SIR 10 TDI (2F2);
RUNTEST 5000003 TCK;
SIR 10 TDI (203);
RUNTEST 53 TCK;
SDR 13 TDI (0000);
SIR 10 TDI (2F2);
RUNTEST 5000003 TCK;
!
!
!
!PROGRAM
!
!
!
SIR 10 TDI (203);
RUNTEST 53 TCK;
SDR 13 TDI (0000);
SIR 10 TDI (2F4);
RUNTEST 53 TCK;
SDR 16 TDI (7FFF);
RUNTEST 1000 TCK;
SDR 16 TDI (FFFF);
RUNTEST 1000 TCK;
SDR 16 TDI (BFFF);
RUNTEST 1000 TCK;
SDR 16 TDI (FFFF);
RUNTEST 1000 TCK;
SDR 16 TDI (7FFF);
RUNTEST 1000 TCK;
SDR 16 TDI (FFFF);
RUNTEST 1000 TCK;
SDR 16 TDI (BFFF);
RUNTEST 1000 TCK;
SDR 16 TDI (FFFF);
RUNTEST 1000 TCK;
SDR 16 TDI (7FFF);
RUNTEST 1000 TCK;
SDR 16 TDI (FFFF);
RUNTEST 1000 TCK;
SDR 16 TDI (BFFF);
RUNTEST 1000 TCK;
SDR 16 TDI (FFFF);
RUNTEST 1000 TCK;
SDR 16 TDI (7FFF);
RUNTEST 1000 TCK;
SDR 16 TDI (FFFF);
RUNTEST 1000 TCK;
SDR 16 TDI (BFFF);
RUNTEST 1000 TCK;
SDR 16 TDI (FFFF);
RUNTEST 1000 TCK;
SDR 16 TDI (7FFF);
RUNTEST 1000 TCK;
SDR 16 TDI (FFFF);
RUNTEST 1000 TCK;
SDR 16 TDI (BFF7);
RUNTEST 1000 TCK;
SDR 16 TDI (FFFF);
RUNTEST 1000 TCK;
SDR 16 TDI (7FFF);
RUNTEST 1000 TCK;
SDR 16 TDI (FFFF);
RUNTEST 1000 TCK;
SDR 16 TDI (BFFF);
RUNTEST 1000 TCK;
SDR 16 TDI (FFFF);
RUNTEST 1000 TCK;
SDR 16 TDI (7FFF);
RUNTEST 1000 TCK;
SDR 16 TDI (FFFB);
RUNTEST 1000 TCK;
SDR 16 TDI (BFFF);
RUNTEST 1000 TCK;
SDR 16 TDI (FFFF);
RUNTEST 1000 TCK;
SDR 16 TDI (7FFF);
RUNTEST 1000 TCK;
SDR 16 TDI (FFFF);
RUNTEST 1000 TCK;
SDR 16 TDI (BFFF);
RUNTEST 1000 TCK;
SDR 16 TDI (FFFF);
RUNTEST 1000 TCK;
SDR 16 TDI (77FF);
RUNTEST 1000 TCK;
SDR 16 TDI (FFFF);
RUNTEST 1000 TCK;
SDR 16 TDI (BFFF);
RUNTEST 1000 TCK;
SDR 16 TDI (CEEE);
RUNTEST 1000 TCK;
SDR 16 TDI (7FFB);
RUNTEST 1000 TCK;
SDR 16 TDI (FF7F);
RUNTEST 1000 TCK;
SDR 16 TDI (BF6E);
RUNTEST 1000 TCK;
SDR 16 TDI (EFF9);
RUNTEST 1000 TCK;
SDR 16 TDI (733F);
RUNTEST 1000 TCK;
SDR 16 TDI (FF9F);
RUNTEST 1000 TCK;
SDR 16 TDI (B77F);
RUNTEST 1000 TCK;
SDR 16 TDI (ECCF);
RUNTEST 1000 TCK;
SDR 16 TDI (7FFD);
RUNTEST 1000 TCK;
SDR 16 TDI (7FBF);
RUNTEST 1000 TCK;
SDR 16 TDI (BECC);
RUNTEST 1000 TCK;
SDR 16 TDI (CFFE);
RUNTEST 1000 TCK;
SDR 16 TDI (7FFF);
RUNTEST 1000 TCK;
SDR 16 TDI (FFFF);
RUNTEST 1000 TCK;
SDR 16 TDI (BFFF);
RUNTEST 1000 TCK;
SDR 16 TDI (FEEE);
RUNTEST 1000 TCK;
SDR 16 TDI (7FFB);
RUNTEST 1000 TCK;
SDR 16 TDI (FFFF);
RUNTEST 1000 TCK;
SDR 16 TDI (BFEE);
RUNTEST 1000 TCK;
SDR 16 TDI (EFFF);
RUNTEST 1000 TCK;
SDR 16 TDI (7F7F);
RUNTEST 1000 TCK;
SDR 16 TDI (FBFD);
RUNTEST 1000 TCK;
SDR 16 TDI (B77F);
RUNTEST 1000 TCK;
SDR 16 TDI (EFFF);
RUNTEST 1000 TCK;
SDR 16 TDI (7FFF);
RUNTEST 1000 TCK;
SDR 16 TDI (D9BF);
RUNTEST 1000 TCK;
SDR 16 TDI (BEFF);
RUNTEST 1000 TCK;
SDR 16 TDI (FFFE);
RUNTEST 1000 TCK;
SDR 16 TDI (6FFF);
RUNTEST 1000 TCK;
SDR 16 TDI (FFFF);
RUNTEST 1000 TCK;
SDR 16 TDI (BFFF);
RUNTEST 1000 TCK;
SDR 16 TDI (FFFF);
RUNTEST 1000 TCK;
SDR 16 TDI (7FFF);
RUNTEST 1000 TCK;
SDR 16 TDI (FFFF);
RUNTEST 1000 TCK;
SDR 16 TDI (BFFF);
RUNTEST 1000 TCK;
SDR 16 TDI (FFFF);
RUNTEST 1000 TCK;
SDR 16 TDI (7FFF);
RUNTEST 1000 TCK;
SDR 16 TDI (EFFF);
RUNTEST 1000 TCK;
SDR 16 TDI (BFF7);
RUNTEST 1000 TCK;
SDR 16 TDI (FFFF);
RUNTEST 1000 TCK;
SDR 16 TDI (7FFF);
RUNTEST 1000 TCK;
SDR 16 TDI (FFFF);
RUNTEST 1000 TCK;
SDR 16 TDI (BFFF);
RUNTEST 1000 TCK;
SDR 16 TDI (FFFF);
RUNTEST 1000 TCK;
SDR 16 TDI (7FFF);
RUNTEST 1000 TCK;
SDR 16 TDI (FFFF);
RUNTEST 1000 TCK;
SDR 16 TDI (BFFF);
RUNTEST 1000 TCK;
SDR 16 TDI (FFFF);
RUNTEST 1000 TCK;
SDR 16 TDI (7FFF);
RUNTEST 1000 TCK;
SDR 16 TDI (FFFF);
RUNTEST 1000 TCK;
SDR 16 TDI (BFFF);
RUNTEST 1000 TCK;
SDR 16 TDI (FFFF);
RUNTEST 1000 TCK;
SDR 16 TDI (7FFF);
RUNTEST 1000 TCK;
SDR 16 TDI (EFFF);
RUNTEST 1000 TCK;
SDR 16 TDI (BFFF);
RUNTEST 1000 TCK;
SDR 16 TDI (FFFF);
RUNTEST 1000 TCK;
SDR 16 TDI (7FFF);
RUNTEST 1000 TCK;
SDR 16 TDI (BBFF);
RUNTEST 1000 TCK;
SDR 16 TDI (BFFF);
RUNTEST 1000 TCK;
SDR 16 TDI (FBFE);
RUNTEST 1000 TCK;
SDR 16 TDI (7FFF);
RUNTEST 1000 TCK;
SDR 16 TDI (FFFF);
RUNTEST 1000 TCK;
SDR 16 TDI (BFFF);
RUNTEST 1000 TCK;
SDR 16 TDI (FDDD);
RUNTEST 1000 TCK;
SDR 16 TDI (7FFD);
RUNTEST 1000 TCK;
SDR 16 TDI (FFFF);
RUNTEST 1000 TCK;
SDR 16 TDI (BFDD);
RUNTEST 1000 TCK;
SDR 16 TDI (DFFF);
RUNTEST 1000 TCK;
SDR 16 TDI (7F7F);
RUNTEST 1000 TCK;
SDR 16 TDI (EFFE);
RUNTEST 1000 TCK;
SDR 16 TDI (AEFF);
RUNTEST 1000 TCK;
SDR 16 TDI (F7FF);
RUNTEST 1000 TCK;
SDR 16 TDI (7FFF);
RUNTEST 1000 TCK;
SDR 16 TDI (EE7F);
RUNTEST 1000 TCK;
SDR 16 TDI (BF7F);
RUNTEST 1000 TCK;
SDR 16 TDI (FFFE);
RUNTEST 1000 TCK;
SDR 16 TDI (7FFF);
RUNTEST 1000 TCK;
SDR 16 TDI (FFFF);
RUNTEST 1000 TCK;
SDR 16 TDI (BFFF);
RUNTEST 1000 TCK;
SDR 16 TDI (FFFF);
RUNTEST 1000 TCK;
SDR 16 TDI (7FFF);
RUNTEST 1000 TCK;
SDR 16 TDI (FFFF);
RUNTEST 1000 TCK;
SDR 16 TDI (BFFF);
RUNTEST 1000 TCK;
SDR 16 TDI (FFF7);
RUNTEST 1000 TCK;
SDR 16 TDI (7FFF);
RUNTEST 1000 TCK;
SDR 16 TDI (EFFF);
RUNTEST 1000 TCK;
SDR 16 TDI (BFFF);
RUNTEST 1000 TCK;
SDR 16 TDI (FFFF);
RUNTEST 1000 TCK;
SDR 16 TDI (7FFF);
RUNTEST 1000 TCK;
SDR 16 TDI (FFFF);
RUNTEST 1000 TCK;
SDR 16 TDI (BFFF);
RUNTEST 1000 TCK;
SDR 16 TDI (BFFE);
RUNTEST 1000 TCK;
SDR 16 TDI (7FFF);
RUNTEST 1000 TCK;
SDR 16 TDI (FFFF);
RUNTEST 1000 TCK;
SDR 16 TDI (BFFF);
RUNTEST 1000 TCK;
SDR 16 TDI (FFFF);
RUNTEST 1000 TCK;
SDR 16 TDI (7FFF);
RUNTEST 1000 TCK;
SDR 16 TDI (DFFF);
RUNTEST 1000 TCK;
SDR 16 TDI (BFFF);
RUNTEST 1000 TCK;
SDR 16 TDI (FFFF);
RUNTEST 1000 TCK;
SDR 16 TDI (7DFF);
RUNTEST 1000 TCK;
SDR 16 TDI (EFFF);
RUNTEST 1000 TCK;
SDR 16 TDI (BFFF);
RUNTEST 1000 TCK;
SDR 16 TDI (FF7F);
RUNTEST 1000 TCK;
SDR 16 TDI (7DFF);
RUNTEST 1000 TCK;
SDR 16 TDI (FFFF);
RUNTEST 1000 TCK;
SDR 16 TDI (BFEF);
RUNTEST 1000 TCK;
SDR 16 TDI (F7FF);
RUNTEST 1000 TCK;
SDR 16 TDI (7FFF);
RUNTEST 1000 TCK;
SDR 16 TDI (FFFF);
RUNTEST 1000 TCK;
SDR 16 TDI (BFFF);
RUNTEST 1000 TCK;
SDR 16 TDI (FFFF);
RUNTEST 1000 TCK;
SDR 16 TDI (7FFF);
RUNTEST 1000 TCK;
SDR 16 TDI (DFFF);
RUNTEST 1000 TCK;
SDR 16 TDI (BFFF);
RUNTEST 1000 TCK;
SDR 16 TDI (FFFF);
RUNTEST 1000 TCK;
SDR 16 TDI (7DFF);
RUNTEST 1000 TCK;
SDR 16 TDI (EFFF);
RUNTEST 1000 TCK;
SDR 16 TDI (BFFF);
RUNTEST 1000 TCK;
SDR 16 TDI (FEFF);
RUNTEST 1000 TCK;
SDR 16 TDI (7FFF);
RUNTEST 1000 TCK;
SDR 16 TDI (FFFF);
RUNTEST 1000 TCK;
SDR 16 TDI (BFFF);
RUNTEST 1000 TCK;
SDR 16 TDI (CFFF);
RUNTEST 1000 TCK;
SDR 16 TDI (7FFF);
RUNTEST 1000 TCK;
SDR 16 TDI (FFFF);
RUNTEST 1000 TCK;
SDR 16 TDI (BFFF);
RUNTEST 1000 TCK;
SDR 16 TDI (FFFF);
RUNTEST 1000 TCK;
SDR 16 TDI (7FFF);
RUNTEST 1000 TCK;
SDR 16 TDI (FFFF);
RUNTEST 1000 TCK;
SDR 16 TDI (BFFF);
RUNTEST 1000 TCK;
SDR 16 TDI (FFF7);
RUNTEST 1000 TCK;
SDR 16 TDI (7FFF);
RUNTEST 1000 TCK;
SDR 16 TDI (FFFF);
RUNTEST 1000 TCK;
SDR 16 TDI (BFFF);
RUNTEST 1000 TCK;
SDR 16 TDI (FFFF);
RUNTEST 1000 TCK;
SDR 16 TDI (7FFF);
RUNTEST 1000 TCK;
SDR 16 TDI (FFFF);
RUNTEST 1000 TCK;
SDR 16 TDI (BFFF);
RUNTEST 1000 TCK;
SDR 16 TDI (FFFE);
RUNTEST 1000 TCK;
SDR 16 TDI (6FFF);
RUNTEST 1000 TCK;
SDR 16 TDI (FFFF);
RUNTEST 1000 TCK;
SDR 16 TDI (BFFF);
RUNTEST 1000 TCK;
SDR 16 TDI (FFFF);
RUNTEST 1000 TCK;
SDR 16 TDI (7FFF);
RUNTEST 1000 TCK;
SDR 16 TDI (FFFF);
RUNTEST 1000 TCK;
SDR 16 TDI (BFFF);
RUNTEST 1000 TCK;
SDR 16 TDI (FFFF);
RUNTEST 1000 TCK;
SDR 16 TDI (7FFF);
RUNTEST 1000 TCK;
SDR 16 TDI (FFFF);
RUNTEST 1000 TCK;
SDR 16 TDI (BFFF);
RUNTEST 1000 TCK;
SDR 16 TDI (FFFF);
RUNTEST 1000 TCK;
SDR 16 TDI (7EFD);
RUNTEST 1000 TCK;
SDR 16 TDI (FFFF);
RUNTEST 1000 TCK;
SDR 16 TDI (BFFF);
RUNTEST 1000 TCK;
SDR 16 TDI (FFFF);
RUNTEST 1000 TCK;
SDR 16 TDI (7FFF);
RUNTEST 1000 TCK;
SDR 16 TDI (FFFF);
RUNTEST 1000 TCK;
SDR 16 TDI (BFFF);
RUNTEST 1000 TCK;
SDR 16 TDI (FFFF);
RUNTEST 1000 TCK;
SDR 16 TDI (7FFF);
RUNTEST 1000 TCK;
SDR 16 TDI (FFFF);
RUNTEST 1000 TCK;
SDR 16 TDI (BFFF);
RUNTEST 1000 TCK;
SDR 16 TDI (FFFF);
RUNTEST 1000 TCK;
SDR 16 TDI (7FFF);
RUNTEST 1000 TCK;
SDR 16 TDI (FFFF);
RUNTEST 1000 TCK;
SDR 16 TDI (BFFF);
RUNTEST 1000 TCK;
SDR 16 TDI (FFFF);
RUNTEST 1000 TCK;
SDR 16 TDI (7FFF);
RUNTEST 1000 TCK;
SDR 16 TDI (FFFF);
RUNTEST 1000 TCK;
SDR 16 TDI (BDFF);
RUNTEST 1000 TCK;
SDR 16 TDI (DFFF);
RUNTEST 1000 TCK;
SDR 16 TDI (7FFF);
RUNTEST 1000 TCK;
SDR 16 TDI (FFFF);
RUNTEST 1000 TCK;
SDR 16 TDI (BFFF);
RUNTEST 1000 TCK;
SDR 16 TDI (BBFF);
RUNTEST 1000 TCK;
SDR 16 TDI (7FFF);
RUNTEST 1000 TCK;
SDR 16 TDI (FFFF);
RUNTEST 1000 TCK;
SDR 16 TDI (BFFF);
RUNTEST 1000 TCK;
SDR 16 TDI (FFF7);
RUNTEST 1000 TCK;
SDR 16 TDI (7FFF);
RUNTEST 1000 TCK;
SDR 16 TDI (EFFF);
RUNTEST 1000 TCK;
SDR 16 TDI (BFFF);
RUNTEST 1000 TCK;
SDR 16 TDI (BBFE);
RUNTEST 1000 TCK;
SDR 16 TDI (7FFD);
RUNTEST 1000 TCK;
SDR 16 TDI (FFFF);
RUNTEST 1000 TCK;
SDR 16 TDI (BFEF);
RUNTEST 1000 TCK;
SDR 16 TDI (DFF7);
RUNTEST 1000 TCK;
SDR 16 TDI (7FFF);
RUNTEST 1000 TCK;
SDR 16 TDI (FFFF);
RUNTEST 1000 TCK;
SDR 16 TDI (BFFF);
RUNTEST 1000 TCK;
SDR 16 TDI (FFFF);
RUNTEST 1000 TCK;
SDR 16 TDI (7FFF);
RUNTEST 1000 TCK;
SDR 16 TDI (FFFF);
RUNTEST 1000 TCK;
SDR 16 TDI (BFFF);
RUNTEST 1000 TCK;
SDR 16 TDI (FFFF);
RUNTEST 1000 TCK;
SDR 16 TDI (7FFF);
RUNTEST 1000 TCK;
SDR 16 TDI (EFFF);
RUNTEST 1000 TCK;
SDR 16 TDI (BFFF);
RUNTEST 1000 TCK;
SDR 16 TDI (FFFF);
RUNTEST 1000 TCK;
SDR 16 TDI (7DFF);
RUNTEST 1000 TCK;
SDR 16 TDI (FFFF);
RUNTEST 1000 TCK;
SDR 16 TDI (BDFF);
RUNTEST 1000 TCK;
SDR 16 TDI (FFFF);
RUNTEST 1000 TCK;
SDR 16 TDI (7FFF);
RUNTEST 1000 TCK;
SDR 16 TDI (FFFF);
RUNTEST 1000 TCK;
SDR 16 TDI (BFFF);
RUNTEST 1000 TCK;
SDR 16 TDI (FFFF);
RUNTEST 1000 TCK;
SDR 16 TDI (7FFF);
RUNTEST 1000 TCK;
SDR 16 TDI (FFFF);
RUNTEST 1000 TCK;
SDR 16 TDI (BFFF);
RUNTEST 1000 TCK;
SDR 16 TDI (FFFF);
RUNTEST 1000 TCK;
SDR 16 TDI (7FFF);
RUNTEST 1000 TCK;
SDR 16 TDI (EFFF);
RUNTEST 1000 TCK;
SDR 16 TDI (BFFF);
RUNTEST 1000 TCK;
SDR 16 TDI (FDFF);
RUNTEST 1000 TCK;
SDR 16 TDI (7FFF);
RUNTEST 1000 TCK;
SDR 16 TDI (FFFF);
RUNTEST 1000 TCK;
SDR 16 TDI (BFFF);
RUNTEST 1000 TCK;
SDR 16 TDI (FFFF);
RUNTEST 1000 TCK;
SDR 16 TDI (7FFF);
RUNTEST 1000 TCK;
SDR 16 TDI (FFFF);
RUNTEST 1000 TCK;
SDR 16 TDI (BFFF);
RUNTEST 1000 TCK;
SDR 16 TDI (FFFF);
RUNTEST 1000 TCK;
SDR 16 TDI (7FFF);
RUNTEST 1000 TCK;
SDR 16 TDI (FFFF);
RUNTEST 1000 TCK;
SDR 16 TDI (BFFF);
RUNTEST 1000 TCK;
SDR 16 TDI (FFFF);
RUNTEST 1000 TCK;
SDR 16 TDI (7FFF);
RUNTEST 1000 TCK;
SDR 16 TDI (EFFF);
RUNTEST 1000 TCK;
SDR 16 TDI (BFBF);
RUNTEST 1000 TCK;
SDR 16 TDI (FFFF);
RUNTEST 1000 TCK;
SDR 16 TDI (7FEF);
RUNTEST 1000 TCK;
SDR 16 TDI (FFDF);
RUNTEST 1000 TCK;
SDR 16 TDI (BFAF);
RUNTEST 1000 TCK;
SDR 16 TDI (FFFF);
RUNTEST 1000 TCK;
SDR 16 TDI (7FFF);
RUNTEST 1000 TCK;
SDR 16 TDI (FFFF);
RUNTEST 1000 TCK;
SDR 16 TDI (BFFF);
RUNTEST 1000 TCK;
SDR 16 TDI (FFFF);
RUNTEST 1000 TCK;
SDR 16 TDI (7FFF);
RUNTEST 1000 TCK;
SDR 16 TDI (FFFF);
RUNTEST 1000 TCK;
SDR 16 TDI (BFFF);
RUNTEST 1000 TCK;
SDR 16 TDI (FFFF);
RUNTEST 1000 TCK;
SDR 16 TDI (7FFF);
RUNTEST 1000 TCK;
SDR 16 TDI (FFFF);
RUNTEST 1000 TCK;
SDR 16 TDI (BFBF);
RUNTEST 1000 TCK;
SDR 16 TDI (FFFF);
RUNTEST 1000 TCK;
SDR 16 TDI (7FBB);
RUNTEST 1000 TCK;
SDR 16 TDI (FFFF);
RUNTEST 1000 TCK;
SDR 16 TDI (BFFF);
RUNTEST 1000 TCK;
SDR 16 TDI (FFFF);
RUNTEST 1000 TCK;
SDR 16 TDI (7FFF);
RUNTEST 1000 TCK;
SDR 16 TDI (FFFF);
RUNTEST 1000 TCK;
SDR 16 TDI (BFFF);
RUNTEST 1000 TCK;
SDR 16 TDI (FFFF);
RUNTEST 1000 TCK;
SDR 16 TDI (7FFF);
RUNTEST 1000 TCK;
SDR 16 TDI (FFFF);
RUNTEST 1000 TCK;
SDR 16 TDI (BFFF);
RUNTEST 1000 TCK;
SDR 16 TDI (FFFF);
RUNTEST 1000 TCK;
SDR 16 TDI (7FFF);
RUNTEST 1000 TCK;
SDR 16 TDI (FFFF);
RUNTEST 1000 TCK;
SDR 16 TDI (BFFF);
RUNTEST 1000 TCK;
SDR 16 TDI (FDFF);
RUNTEST 1000 TCK;
SDR 16 TDI (7FEF);
RUNTEST 1000 TCK;
SDR 16 TDI (FFFF);
RUNTEST 1000 TCK;
SDR 16 TDI (BFD7);
RUNTEST 1000 TCK;
SDR 16 TDI (FFFF);
RUNTEST 1000 TCK;
SDR 16 TDI (7FFF);
RUNTEST 1000 TCK;
SDR 16 TDI (FFFF);
RUNTEST 1000 TCK;
SDR 16 TDI (A55F);
RUNTEST 1000 TCK;
SDR 16 TDI (FFFF);
RUNTEST 1000 TCK;
SDR 16 TDI (7FFF);
RUNTEST 1000 TCK;
SDR 16 TDI (FFFF);
RUNTEST 1000 TCK;
SDR 16 TDI (BFFF);
RUNTEST 1000 TCK;
SDR 16 TDI (FFFF);
RUNTEST 1000 TCK;
SDR 16 TDI (7FFF);
RUNTEST 1000 TCK;
SDR 16 TDI (FFFF);
RUNTEST 1000 TCK;
SDR 16 TDI (BFFF);
RUNTEST 1000 TCK;
SDR 16 TDI (FFFF);
RUNTEST 1000 TCK;
SDR 16 TDI (7FDF);
RUNTEST 1000 TCK;
SDR 16 TDI (F7FF);
RUNTEST 1000 TCK;
SDR 16 TDI (BFFF);
RUNTEST 1000 TCK;
SDR 16 TDI (77F5);
RUNTEST 1000 TCK;
SDR 16 TDI (6BFF);
RUNTEST 1000 TCK;
SDR 16 TDI (FFFF);
RUNTEST 1000 TCK;
SDR 16 TDI (AFFF);
RUNTEST 1000 TCK;
SDR 16 TDI (FFFF);
RUNTEST 1000 TCK;
SDR 16 TDI (7FFF);
RUNTEST 1000 TCK;
SDR 16 TDI (FFFF);
RUNTEST 1000 TCK;
SDR 16 TDI (BFFF);
RUNTEST 1000 TCK;
SDR 16 TDI (FFFF);
RUNTEST 1000 TCK;
SDR 16 TDI (7FFF);
RUNTEST 1000 TCK;
SDR 16 TDI (FDFF);
RUNTEST 1000 TCK;
SDR 16 TDI (BFFF);
RUNTEST 1000 TCK;
SDR 16 TDI (FFFD);
RUNTEST 1000 TCK;
SDR 16 TDI (7FFF);
RUNTEST 1000 TCK;
SDR 16 TDI (7FEF);
RUNTEST 1000 TCK;
SDR 16 TDI (BFFF);
RUNTEST 1000 TCK;
SDR 16 TDI (FF7F);
RUNTEST 1000 TCK;
SDR 16 TDI (7FFF);
RUNTEST 1000 TCK;
SDR 16 TDI (FFFF);
RUNTEST 1000 TCK;
SDR 16 TDI (B55F);
RUNTEST 1000 TCK;
SDR 16 TDI (FFFF);
RUNTEST 1000 TCK;
SDR 16 TDI (7FFF);
RUNTEST 1000 TCK;
SDR 16 TDI (FFFF);
RUNTEST 1000 TCK;
SDR 16 TDI (BFFF);
RUNTEST 1000 TCK;
SDR 16 TDI (FFFF);
RUNTEST 1000 TCK;
SDR 16 TDI (7FFF);
RUNTEST 1000 TCK;
SDR 16 TDI (FFFF);
RUNTEST 1000 TCK;
SDR 16 TDI (BFFF);
RUNTEST 1000 TCK;
SDR 16 TDI (FFFF);
RUNTEST 1000 TCK;
SDR 16 TDI (7F7F);
RUNTEST 1000 TCK;
SDR 16 TDI (ADFF);
RUNTEST 1000 TCK;
SDR 16 TDI (BDDD);
RUNTEST 1000 TCK;
SDR 16 TDI (DD75);
RUNTEST 1000 TCK;
SDR 16 TDI (6BFF);
RUNTEST 1000 TCK;
SDR 16 TDI (FFFF);
RUNTEST 1000 TCK;
SDR 16 TDI (BAAF);
RUNTEST 1000 TCK;
SDR 16 TDI (FFFF);
RUNTEST 1000 TCK;
SDR 16 TDI (7FFF);
RUNTEST 1000 TCK;
SDR 16 TDI (FFFF);
RUNTEST 1000 TCK;
SDR 16 TDI (BFFF);
RUNTEST 1000 TCK;
SDR 16 TDI (FFFF);
RUNTEST 1000 TCK;
SDR 16 TDI (7FFF);
RUNTEST 1000 TCK;
SDR 16 TDI (F7FF);
RUNTEST 1000 TCK;
SDR 16 TDI (BFFD);
RUNTEST 1000 TCK;
SDR 16 TDI (FFFF);
RUNTEST 1000 TCK;
SDR 16 TDI (7BFD);
RUNTEST 1000 TCK;
SDR 16 TDI (FFDF);
RUNTEST 1000 TCK;
SDR 16 TDI (BDDF);
RUNTEST 1000 TCK;
SDR 16 TDI (FFFA);
RUNTEST 1000 TCK;
SDR 16 TDI (77FF);
RUNTEST 1000 TCK;
SDR 16 TDI (FFFF);
RUNTEST 1000 TCK;
SDR 16 TDI (BFFF);
RUNTEST 1000 TCK;
SDR 16 TDI (FFFF);
RUNTEST 1000 TCK;
SDR 16 TDI (7FFF);
RUNTEST 1000 TCK;
SDR 16 TDI (FFFF);
RUNTEST 1000 TCK;
SDR 16 TDI (BFFF);
RUNTEST 1000 TCK;
SDR 16 TDI (FFFF);
RUNTEST 1000 TCK;
SDR 16 TDI (7FFF);
RUNTEST 1000 TCK;
SDR 16 TDI (FFFF);
RUNTEST 1000 TCK;
SDR 16 TDI (BFFF);
RUNTEST 1000 TCK;
SDR 16 TDI (FFFF);
RUNTEST 1000 TCK;
SDR 16 TDI (7FEF);
RUNTEST 1000 TCK;
SDR 16 TDI (F77F);
RUNTEST 1000 TCK;
SDR 16 TDI (BF77);
RUNTEST 1000 TCK;
SDR 16 TDI (73FE);
RUNTEST 1000 TCK;
SDR 16 TDI (7FFF);
RUNTEST 1000 TCK;
SDR 16 TDI (FFFF);
RUNTEST 1000 TCK;
SDR 16 TDI (BFFF);
RUNTEST 1000 TCK;
SDR 16 TDI (FFFF);
RUNTEST 1000 TCK;
SDR 16 TDI (7FFF);
RUNTEST 1000 TCK;
SDR 16 TDI (FFFF);
RUNTEST 1000 TCK;
SDR 16 TDI (BFFF);
RUNTEST 1000 TCK;
SDR 16 TDI (FFFF);
RUNTEST 1000 TCK;
SDR 16 TDI (7FFF);
RUNTEST 1000 TCK;
SDR 16 TDI (FDFD);
RUNTEST 1000 TCK;
SDR 16 TDI (BFFF);
RUNTEST 1000 TCK;
SDR 16 TDI (FFFF);
RUNTEST 1000 TCK;
SDR 16 TDI (7FFF);
RUNTEST 1000 TCK;
SDR 16 TDI (DF7F);
RUNTEST 1000 TCK;
SDR 16 TDI (BFFF);
RUNTEST 1000 TCK;
SDR 16 TDI (FFFF);
RUNTEST 1000 TCK;
SDR 16 TDI (7FFF);
RUNTEST 1000 TCK;
SDR 16 TDI (FFFF);
RUNTEST 1000 TCK;
SDR 16 TDI (BFFF);
RUNTEST 1000 TCK;
SDR 16 TDI (FFFF);
RUNTEST 1000 TCK;
SDR 16 TDI (7FFF);
RUNTEST 1000 TCK;
SDR 16 TDI (FFFF);
RUNTEST 1000 TCK;
SDR 16 TDI (BFFF);
RUNTEST 1000 TCK;
SDR 16 TDI (FFFF);
RUNTEST 1000 TCK;
SDR 16 TDI (7FFF);
RUNTEST 1000 TCK;
SDR 16 TDI (FFFF);
RUNTEST 1000 TCK;
SDR 16 TDI (BFFF);
RUNTEST 1000 TCK;
SDR 16 TDI (FFFF);
RUNTEST 1000 TCK;
SDR 16 TDI (7FDF);
RUNTEST 1000 TCK;
SDR 16 TDI (F19F);
RUNTEST 1000 TCK;
SDR 16 TDI (BCCC);
RUNTEST 1000 TCK;
SDR 16 TDI (47FF);
RUNTEST 1000 TCK;
SDR 16 TDI (7FFF);
RUNTEST 1000 TCK;
SDR 16 TDI (FFFF);
RUNTEST 1000 TCK;
SDR 16 TDI (BAAF);
RUNTEST 1000 TCK;
SDR 16 TDI (FFFF);
RUNTEST 1000 TCK;
SDR 16 TDI (7FFF);
RUNTEST 1000 TCK;
SDR 16 TDI (FFFF);
RUNTEST 1000 TCK;
SDR 16 TDI (BFFF);
RUNTEST 1000 TCK;
SDR 16 TDI (FFFF);
RUNTEST 1000 TCK;
SDR 16 TDI (7FFF);
RUNTEST 1000 TCK;
SDR 16 TDI (FFFF);
RUNTEST 1000 TCK;
SDR 16 TDI (BFFD);
RUNTEST 1000 TCK;
SDR 16 TDI (FFFF);
RUNTEST 1000 TCK;
SDR 16 TDI (7FEF);
RUNTEST 1000 TCK;
SDR 16 TDI (9F6F);
RUNTEST 1000 TCK;
SDR 16 TDI (BFFF);
RUNTEST 1000 TCK;
SDR 16 TDI (FDEA);
RUNTEST 1000 TCK;
SDR 16 TDI (77FF);
RUNTEST 1000 TCK;
SDR 16 TDI (FFFF);
RUNTEST 1000 TCK;
SDR 16 TDI (BFFF);
RUNTEST 1000 TCK;
SDR 16 TDI (FFFF);
RUNTEST 1000 TCK;
SDR 16 TDI (7FFF);
RUNTEST 1000 TCK;
SDR 16 TDI (FFFF);
RUNTEST 1000 TCK;
SDR 16 TDI (BFFF);
RUNTEST 1000 TCK;
SDR 16 TDI (FFFF);
RUNTEST 1000 TCK;
SDR 16 TDI (7FFF);
RUNTEST 1000 TCK;
SDR 16 TDI (F8FE);
RUNTEST 1000 TCK;
SDR 16 TDI (BFFF);
RUNTEST 1000 TCK;
SDR 16 TDI (FFFD);
RUNTEST 1000 TCK;
SDR 16 TDI (77BE);
RUNTEST 1000 TCK;
SDR 16 TDI (6FFF);
RUNTEST 1000 TCK;
SDR 16 TDI (BBBF);
RUNTEST 1000 TCK;
SDR 16 TDI (FA7F);
RUNTEST 1000 TCK;
SDR 16 TDI (7FFF);
RUNTEST 1000 TCK;
SDR 16 TDI (FFFF);
RUNTEST 1000 TCK;
SDR 16 TDI (B55F);
RUNTEST 1000 TCK;
SDR 16 TDI (FFFF);
RUNTEST 1000 TCK;
SDR 16 TDI (7FDF);
RUNTEST 1000 TCK;
SDR 16 TDI (FFFF);
RUNTEST 1000 TCK;
SDR 16 TDI (BFFF);
RUNTEST 1000 TCK;
SDR 16 TDI (FFEF);
RUNTEST 1000 TCK;
SDR 16 TDI (7FFF);
RUNTEST 1000 TCK;
SDR 16 TDI (F1FC);
RUNTEST 1000 TCK;
SDR 16 TDI (BFFF);
RUNTEST 1000 TCK;
SDR 16 TDI (7FF8);
RUNTEST 1000 TCK;
SDR 16 TDI (632C);
RUNTEST 1000 TCK;
SDR 16 TDI (054F);
RUNTEST 1000 TCK;
SDR 16 TDI (B100);
RUNTEST 1000 TCK;
SDR 16 TDI (2875);
RUNTEST 1000 TCK;
SDR 16 TDI (6BFF);
RUNTEST 1000 TCK;
SDR 16 TDI (FFFF);
RUNTEST 1000 TCK;
SDR 16 TDI (BFFF);
RUNTEST 1000 TCK;
SDR 16 TDI (FFFF);
RUNTEST 1000 TCK;
SDR 16 TDI (7FBF);
RUNTEST 1000 TCK;
SDR 16 TDI (FFFF);
RUNTEST 1000 TCK;
SDR 16 TDI (BFFF);
RUNTEST 1000 TCK;
SDR 16 TDI (FFDF);
RUNTEST 1000 TCK;
SDR 16 TDI (7FFF);
RUNTEST 1000 TCK;
SDR 16 TDI (F1FC);
RUNTEST 1000 TCK;
SDR 16 TDI (BFFB);
RUNTEST 1000 TCK;
SDR 16 TDI (FFF8);
RUNTEST 1000 TCK;
SDR 16 TDI (632C);
RUNTEST 1000 TCK;
SDR 16 TDI (000F);
RUNTEST 1000 TCK;
SDR 16 TDI (A900);
RUNTEST 1000 TCK;
SDR 16 TDI (007F);
RUNTEST 1000 TCK;
SDR 16 TDI (7FFF);
RUNTEST 1000 TCK;
SDR 16 TDI (FFFF);
RUNTEST 1000 TCK;
SDR 16 TDI (B55F);
RUNTEST 1000 TCK;
SDR 16 TDI (FFFF);
RUNTEST 1000 TCK;
SDR 16 TDI (7FFF);
RUNTEST 1000 TCK;
SDR 16 TDI (FFFF);
RUNTEST 1000 TCK;
SDR 16 TDI (BFFF);
RUNTEST 1000 TCK;
SDR 16 TDI (FFFF);
RUNTEST 1000 TCK;
SDR 16 TDI (7FFF);
RUNTEST 1000 TCK;
SDR 16 TDI (F0FC);
RUNTEST 1000 TCK;
SDR 16 TDI (BFFF);
RUNTEST 1000 TCK;
SDR 16 TDI (FFF8);
RUNTEST 1000 TCK;
SDR 16 TDI (630C);
RUNTEST 1000 TCK;
SDR 16 TDI (10FF);
RUNTEST 1000 TCK;
SDR 16 TDI (B80B);
RUNTEST 1000 TCK;
SDR 16 TDI (00F5);
RUNTEST 1000 TCK;
SDR 16 TDI (6BFF);
RUNTEST 1000 TCK;
SDR 16 TDI (FFFF);
RUNTEST 1000 TCK;
SDR 16 TDI (BFFF);
RUNTEST 1000 TCK;
SDR 16 TDI (FFFF);
RUNTEST 1000 TCK;
SDR 16 TDI (7FFF);
RUNTEST 1000 TCK;
SDR 16 TDI (FFFF);
RUNTEST 1000 TCK;
SDR 16 TDI (BFFF);
RUNTEST 1000 TCK;
SDR 16 TDI (FFFF);
RUNTEST 1000 TCK;
SDR 16 TDI (7FFF);
RUNTEST 1000 TCK;
SDR 16 TDI (F0FC);
RUNTEST 1000 TCK;
SDR 16 TDI (BFFF);
RUNTEST 1000 TCK;
SDR 16 TDI (FFF8);
RUNTEST 1000 TCK;
SDR 16 TDI (630C);
RUNTEST 1000 TCK;
SDR 16 TDI (00BF);
RUNTEST 1000 TCK;
SDR 16 TDI (B808);
RUNTEST 1000 TCK;
SDR 16 TDI (007F);
RUNTEST 1000 TCK;
SDR 16 TDI (7FFF);
RUNTEST 1000 TCK;
SDR 16 TDI (FFFF);
RUNTEST 1000 TCK;
SDR 16 TDI (BFFF);
RUNTEST 1000 TCK;
SDR 16 TDI (3333);
RUNTEST 1000 TCK;
SDR 16 TDI (63E6);
RUNTEST 1000 TCK;
SDR 16 TDI (6667);
RUNTEST 1000 TCK;
SDR 16 TDI (B333);
RUNTEST 1000 TCK;
SDR 16 TDI (31F3);
RUNTEST 1000 TCK;
SDR 16 TDI (6666);
RUNTEST 1000 TCK;
SDR 16 TDI (7CCE);
RUNTEST 1000 TCK;
SDR 16 TDI (B98F);
RUNTEST 1000 TCK;
SDR 16 TDI (999B);
RUNTEST 1000 TCK;
SDR 16 TDI (776E);
RUNTEST 1000 TCK;
SDR 16 TDI (28E7);
RUNTEST 1000 TCK;
SDR 16 TDI (B889);
RUNTEST 1000 TCK;
SDR 16 TDI (8A7A);
RUNTEST 1000 TCK;
SDR 16 TDI (77FF);
RUNTEST 1000 TCK;
SDR 16 TDI (FFFF);
RUNTEST 1000 TCK;
SDR 16 TDI (BFFF);
RUNTEST 1000 TCK;
SDR 16 TDI (7777);
RUNTEST 1000 TCK;
SDR 16 TDI (6957);
RUNTEST 1000 TCK;
SDR 16 TDI (7777);
RUNTEST 1000 TCK;
SDR 16 TDI (B777);
RUNTEST 1000 TCK;
SDR 16 TDI (74AB);
RUNTEST 1000 TCK;
SDR 16 TDI (7777);
RUNTEST 1000 TCK;
SDR 16 TDI (7CDC);
RUNTEST 1000 TCK;
SDR 16 TDI (BBB5);
RUNTEST 1000 TCK;
SDR 16 TDI (5DD9);
RUNTEST 1000 TCK;
SDR 16 TDI (738C);
RUNTEST 1000 TCK;
SDR 16 TDI (8DCA);
RUNTEST 1000 TCK;
SDR 16 TDI (B5CC);
RUNTEST 1000 TCK;
SDR 16 TDI (D9FF);
RUNTEST 1000 TCK;
SDR 16 TDI (7FFF);
RUNTEST 1000 TCK;
SDR 16 TDI (FFFF);
RUNTEST 1000 TCK;
SDR 16 TDI (BFFF);
RUNTEST 1000 TCK;
SDR 16 TDI (FFFF);
RUNTEST 1000 TCK;
SDR 16 TDI (7FDF);
RUNTEST 1000 TCK;
SDR 16 TDI (FFFF);
RUNTEST 1000 TCK;
SDR 16 TDI (BFFF);
RUNTEST 1000 TCK;
SDR 16 TDI (FFEF);
RUNTEST 1000 TCK;
SDR 16 TDI (7FFF);
RUNTEST 1000 TCK;
SDR 16 TDI (FFFF);
RUNTEST 1000 TCK;
SDR 16 TDI (BFFF);
RUNTEST 1000 TCK;
SDR 16 TDI (7FFF);
RUNTEST 1000 TCK;
SDR 16 TDI (6F7F);
RUNTEST 1000 TCK;
SDR 16 TDI (7FFF);
RUNTEST 1000 TCK;
SDR 16 TDI (B7FF);
RUNTEST 1000 TCK;
SDR 16 TDI (FF7F);
RUNTEST 1000 TCK;
SDR 16 TDI (7FFF);
RUNTEST 1000 TCK;
SDR 16 TDI (FFFF);
RUNTEST 1000 TCK;
SDR 16 TDI (BFFF);
RUNTEST 1000 TCK;
SDR 16 TDI (FFFF);
RUNTEST 1000 TCK;
SDR 16 TDI (7FFF);
RUNTEST 1000 TCK;
SDR 16 TDI (FFFF);
RUNTEST 1000 TCK;
SDR 16 TDI (BFFF);
RUNTEST 1000 TCK;
SDR 16 TDI (FFFF);
RUNTEST 1000 TCK;
SDR 16 TDI (7FFF);
RUNTEST 1000 TCK;
SDR 16 TDI (FFEF);
RUNTEST 1000 TCK;
SDR 16 TDI (BFDF);
RUNTEST 1000 TCK;
SDR 16 TDI (FFFF);
RUNTEST 1000 TCK;
SDR 16 TDI (7BFF);
RUNTEST 1000 TCK;
SDR 16 TDI (DFEF);
RUNTEST 1000 TCK;
SDR 16 TDI (BFFF);
RUNTEST 1000 TCK;
SDR 16 TDI (FFFF);
RUNTEST 1000 TCK;
SDR 16 TDI (7FFF);
RUNTEST 1000 TCK;
SDR 16 TDI (FFFF);
RUNTEST 1000 TCK;
SDR 16 TDI (BFFF);
RUNTEST 1000 TCK;
SDR 16 TDI (FFFF);
RUNTEST 1000 TCK;
SDR 16 TDI (7FFF);
RUNTEST 1000 TCK;
SDR 16 TDI (FFFF);
RUNTEST 1000 TCK;
SDR 16 TDI (BFFF);
RUNTEST 1000 TCK;
SDR 16 TDI (FFFF);
RUNTEST 1000 TCK;
SDR 16 TDI (7FFF);
RUNTEST 1000 TCK;
SDR 16 TDI (FFFF);
RUNTEST 1000 TCK;
SDR 16 TDI (BFFF);
RUNTEST 1000 TCK;
SDR 16 TDI (FFFF);
RUNTEST 1000 TCK;
SDR 16 TDI (7FDD);
RUNTEST 1000 TCK;
SDR 16 TDI (FFFF);
RUNTEST 1000 TCK;
SDR 16 TDI (BFFE);
RUNTEST 1000 TCK;
SDR 16 TDI (FFDF);
RUNTEST 1000 TCK;
SDR 16 TDI (7FFF);
RUNTEST 1000 TCK;
SDR 16 TDI (FFFF);
RUNTEST 1000 TCK;
SDR 16 TDI (AFFF);
RUNTEST 1000 TCK;
SDR 16 TDI (FFFF);
RUNTEST 1000 TCK;
SDR 16 TDI (7FFF);
RUNTEST 1000 TCK;
SDR 16 TDI (FFFF);
RUNTEST 1000 TCK;
SDR 16 TDI (BFFF);
RUNTEST 1000 TCK;
SDR 16 TDI (FFFF);
RUNTEST 1000 TCK;
SDR 16 TDI (7FFF);
RUNTEST 1000 TCK;
SDR 16 TDI (FFFF);
RUNTEST 1000 TCK;
SDR 16 TDI (BFDF);
RUNTEST 1000 TCK;
SDR 16 TDI (FFFF);
RUNTEST 1000 TCK;
SDR 16 TDI (7FED);
RUNTEST 1000 TCK;
SDR 16 TDI (FFFF);
RUNTEST 1000 TCK;
SDR 16 TDI (BFFF);
RUNTEST 1000 TCK;
SDR 16 TDI (FFFF);
RUNTEST 1000 TCK;
SDR 16 TDI (7FFF);
RUNTEST 1000 TCK;
SDR 16 TDI (FFFF);
RUNTEST 1000 TCK;
SDR 16 TDI (ABBF);
RUNTEST 1000 TCK;
SDR 16 TDI (FFFF);
RUNTEST 1000 TCK;
SDR 16 TDI (7FFF);
RUNTEST 1000 TCK;
SDR 16 TDI (FFFF);
RUNTEST 1000 TCK;
SDR 16 TDI (BFFF);
RUNTEST 1000 TCK;
SDR 16 TDI (FFFF);
RUNTEST 1000 TCK;
SDR 16 TDI (7FFF);
RUNTEST 1000 TCK;
SDR 16 TDI (FFEF);
RUNTEST 1000 TCK;
SDR 16 TDI (BFFF);
RUNTEST 1000 TCK;
SDR 16 TDI (FFFF);
RUNTEST 1000 TCK;
SDR 16 TDI (77FF);
RUNTEST 1000 TCK;
SDR 16 TDI (DFDF);
RUNTEST 1000 TCK;
SDR 16 TDI (BFFF);
RUNTEST 1000 TCK;
SDR 16 TDI (FFFB);
RUNTEST 1000 TCK;
SDR 16 TDI (77FF);
RUNTEST 1000 TCK;
SDR 16 TDI (FFFF);
RUNTEST 1000 TCK;
SDR 16 TDI (BFFF);
RUNTEST 1000 TCK;
SDR 16 TDI (F7F7);
RUNTEST 1000 TCK;
SDR 16 TDI (7FFF);
RUNTEST 1000 TCK;
SDR 16 TDI (FFFF);
RUNTEST 1000 TCK;
SDR 16 TDI (BFFF);
RUNTEST 1000 TCK;
SDR 16 TDI (FFFF);
RUNTEST 1000 TCK;
SDR 16 TDI (7FFF);
RUNTEST 1000 TCK;
SDR 16 TDI (FFDB);
RUNTEST 1000 TCK;
SDR 16 TDI (BFFF);
RUNTEST 1000 TCK;
SDR 16 TDI (FFFF);
RUNTEST 1000 TCK;
SDR 16 TDI (7EF7);
RUNTEST 1000 TCK;
SDR 16 TDI (FFFF);
RUNTEST 1000 TCK;
SDR 16 TDI (BFFF);
RUNTEST 1000 TCK;
SDR 16 TDI (FEFF);
RUNTEST 1000 TCK;
SDR 16 TDI (7FFF);
RUNTEST 1000 TCK;
SDR 16 TDI (FFFF);
RUNTEST 1000 TCK;
SDR 16 TDI (BFFD);
RUNTEST 1000 TCK;
SDR 16 TDI (FFFF);
RUNTEST 1000 TCK;
SDR 16 TDI (7FFF);
RUNTEST 1000 TCK;
SDR 16 TDI (FFFF);
RUNTEST 1000 TCK;
SDR 16 TDI (BFFF);
RUNTEST 1000 TCK;
SDR 16 TDI (FFFF);
RUNTEST 1000 TCK;
SDR 16 TDI (7FFF);
RUNTEST 1000 TCK;
SDR 16 TDI (FBFF);
RUNTEST 1000 TCK;
SDR 16 TDI (BFFF);
RUNTEST 1000 TCK;
SDR 16 TDI (EFFF);
RUNTEST 1000 TCK;
SDR 16 TDI (7FBF);
RUNTEST 1000 TCK;
SDR 16 TDI (FFFF);
RUNTEST 1000 TCK;
SDR 16 TDI (BFDF);
RUNTEST 1000 TCK;
SDR 16 TDI (FFFF);
RUNTEST 1000 TCK;
SDR 16 TDI (7FFF);
RUNTEST 1000 TCK;
SDR 16 TDI (FFFF);
RUNTEST 1000 TCK;
SDR 16 TDI (BFFD);
RUNTEST 1000 TCK;
SDR 16 TDI (FFFF);
RUNTEST 1000 TCK;
SDR 16 TDI (7FFF);
RUNTEST 1000 TCK;
SDR 16 TDI (FFFF);
RUNTEST 1000 TCK;
SDR 16 TDI (BFFF);
RUNTEST 1000 TCK;
SDR 16 TDI (FFFF);
RUNTEST 1000 TCK;
SDR 16 TDI (7FFF);
RUNTEST 1000 TCK;
SDR 16 TDI (EEFF);
RUNTEST 1000 TCK;
SDR 16 TDI (BFFF);
RUNTEST 1000 TCK;
SDR 16 TDI (F7FE);
RUNTEST 1000 TCK;
SDR 16 TDI (7FFF);
RUNTEST 1000 TCK;
SDR 16 TDI (EEEF);
RUNTEST 1000 TCK;
SDR 16 TDI (BBFF);
RUNTEST 1000 TCK;
SDR 16 TDI (BBDF);
RUNTEST 1000 TCK;
SDR 16 TDI (7FFF);
RUNTEST 1000 TCK;
SDR 16 TDI (FFFF);
RUNTEST 1000 TCK;
SDR 16 TDI (BFFF);
RUNTEST 1000 TCK;
SDR 16 TDI (F7F7);
RUNTEST 1000 TCK;
SDR 16 TDI (7FFF);
RUNTEST 1000 TCK;
SDR 16 TDI (FFFF);
RUNTEST 1000 TCK;
SDR 16 TDI (BFFF);
RUNTEST 1000 TCK;
SDR 16 TDI (FFFF);
RUNTEST 1000 TCK;
SDR 16 TDI (7FFF);
RUNTEST 1000 TCK;
SDR 16 TDI (FBE7);
RUNTEST 1000 TCK;
SDR 16 TDI (BFFF);
RUNTEST 1000 TCK;
SDR 16 TDI (FFFF);
RUNTEST 1000 TCK;
SDR 16 TDI (7D7B);
RUNTEST 1000 TCK;
SDR 16 TDI (FFFF);
RUNTEST 1000 TCK;
SDR 16 TDI (BFDF);
RUNTEST 1000 TCK;
SDR 16 TDI (FF7F);
RUNTEST 1000 TCK;
SDR 16 TDI (7FFF);
RUNTEST 1000 TCK;
SDR 16 TDI (FFFF);
RUNTEST 1000 TCK;
SDR 16 TDI (BFFF);
RUNTEST 1000 TCK;
SDR 16 TDI (FDFF);
RUNTEST 1000 TCK;
SDR 16 TDI (7FFF);
RUNTEST 1000 TCK;
SDR 16 TDI (FFFF);
RUNTEST 1000 TCK;
SDR 16 TDI (BFFF);
RUNTEST 1000 TCK;
SDR 16 TDI (FFFF);
RUNTEST 1000 TCK;
SDR 16 TDI (7FFF);
RUNTEST 1000 TCK;
SDR 16 TDI (E7FF);
RUNTEST 1000 TCK;
SDR 16 TDI (AFFF);
RUNTEST 1000 TCK;
SDR 16 TDI (FFFF);
RUNTEST 1000 TCK;
SDR 16 TDI (7FEF);
RUNTEST 1000 TCK;
SDR 16 TDI (FFFF);
RUNTEST 1000 TCK;
SDR 16 TDI (BFFE);
RUNTEST 1000 TCK;
SDR 16 TDI (FFBF);
RUNTEST 1000 TCK;
SDR 16 TDI (7FFF);
RUNTEST 1000 TCK;
SDR 16 TDI (FFFF);
RUNTEST 1000 TCK;
SDR 16 TDI (BFFF);
RUNTEST 1000 TCK;
SDR 16 TDI (FFDF);
RUNTEST 1000 TCK;
SDR 16 TDI (6FFF);
RUNTEST 1000 TCK;
SDR 16 TDI (FFFF);
RUNTEST 1000 TCK;
SDR 16 TDI (BFFF);
RUNTEST 1000 TCK;
SDR 16 TDI (FFFF);
RUNTEST 1000 TCK;
SDR 16 TDI (7FFF);
RUNTEST 1000 TCK;
SDR 16 TDI (EFFF);
RUNTEST 1000 TCK;
SDR 16 TDI (BFBF);
RUNTEST 1000 TCK;
SDR 16 TDI (FFF7);
RUNTEST 1000 TCK;
SDR 16 TDI (7DFF);
RUNTEST 1000 TCK;
SDR 16 TDI (BFDF);
RUNTEST 1000 TCK;
SDR 16 TDI (BFBF);
RUNTEST 1000 TCK;
SDR 16 TDI (FFF7);
RUNTEST 1000 TCK;
SDR 16 TDI (7BFF);
RUNTEST 1000 TCK;
SDR 16 TDI (FFFF);
RUNTEST 1000 TCK;
SDR 16 TDI (BFFF);
RUNTEST 1000 TCK;
SDR 16 TDI (FFFF);
RUNTEST 1000 TCK;
SDR 16 TDI (7FFF);
RUNTEST 1000 TCK;
SDR 16 TDI (FFFF);
RUNTEST 1000 TCK;
SDR 16 TDI (BFFF);
RUNTEST 1000 TCK;
SDR 16 TDI (FFFF);
RUNTEST 1000 TCK;
SDR 16 TDI (7FFF);
RUNTEST 1000 TCK;
SDR 16 TDI (FFFF);
RUNTEST 1000 TCK;
SDR 16 TDI (BFBF);
RUNTEST 1000 TCK;
SDR 16 TDI (FFFF);
RUNTEST 1000 TCK;
SDR 16 TDI (7FDF);
RUNTEST 1000 TCK;
SDR 16 TDI (6FDF);
RUNTEST 1000 TCK;
SDR 16 TDI (BFDF);
RUNTEST 1000 TCK;
SDR 16 TDI (FEF7);
RUNTEST 1000 TCK;
SDR 16 TDI (7FFF);
RUNTEST 1000 TCK;
SDR 16 TDI (FFFF);
RUNTEST 1000 TCK;
SDR 16 TDI (BFFF);
RUNTEST 1000 TCK;
SDR 16 TDI (FEDF);
RUNTEST 1000 TCK;
SDR 16 TDI (7FFF);
RUNTEST 1000 TCK;
SDR 16 TDI (FFFF);
RUNTEST 1000 TCK;
SDR 16 TDI (BFFF);
RUNTEST 1000 TCK;
SDR 16 TDI (FFFF);
RUNTEST 1000 TCK;
SDR 16 TDI (7FFF);
RUNTEST 1000 TCK;
SDR 16 TDI (F7FF);
RUNTEST 1000 TCK;
SDR 16 TDI (B7FF);
RUNTEST 1000 TCK;
SDR 16 TDI (FFEF);
RUNTEST 1000 TCK;
SDR 16 TDI (7DFF);
RUNTEST 1000 TCK;
SDR 16 TDI (FFFF);
RUNTEST 1000 TCK;
SDR 16 TDI (BFFF);
RUNTEST 1000 TCK;
SDR 16 TDI (7FDF);
RUNTEST 1000 TCK;
SDR 16 TDI (77FF);
RUNTEST 1000 TCK;
SDR 16 TDI (FFFF);
RUNTEST 1000 TCK;
SDR 16 TDI (A55F);
RUNTEST 1000 TCK;
SDR 16 TDI (FFEB);
RUNTEST 1000 TCK;
SDR 16 TDI (7FFF);
RUNTEST 1000 TCK;
SDR 16 TDI (FFFF);
RUNTEST 1000 TCK;
SDR 16 TDI (BFFF);
RUNTEST 1000 TCK;
SDR 16 TDI (FFFF);
RUNTEST 1000 TCK;
SDR 16 TDI (7FFF);
RUNTEST 1000 TCK;
SDR 16 TDI (FFFE);
RUNTEST 1000 TCK;
SDR 16 TDI (BFFD);
RUNTEST 1000 TCK;
SDR 16 TDI (FFFF);
RUNTEST 1000 TCK;
SDR 16 TDI (7FFF);
RUNTEST 1000 TCK;
SDR 16 TDI (FFFF);
RUNTEST 1000 TCK;
SDR 16 TDI (BFFB);
RUNTEST 1000 TCK;
SDR 16 TDI (BFF4);
RUNTEST 1000 TCK;
SDR 16 TDI (79FF);
RUNTEST 1000 TCK;
SDR 16 TDI (FFFF);
RUNTEST 1000 TCK;
SDR 16 TDI (AFFF);
RUNTEST 1000 TCK;
SDR 16 TDI (FFFF);
RUNTEST 1000 TCK;
SDR 16 TDI (7FFF);
RUNTEST 1000 TCK;
SDR 16 TDI (FFFF);
RUNTEST 1000 TCK;
SDR 16 TDI (BFFF);
RUNTEST 1000 TCK;
SDR 16 TDI (FFFF);
RUNTEST 1000 TCK;
SDR 16 TDI (7FFF);
RUNTEST 1000 TCK;
SDR 16 TDI (FFFF);
RUNTEST 1000 TCK;
SDR 16 TDI (BFBF);
RUNTEST 1000 TCK;
SDR 16 TDI (FFFB);
RUNTEST 1000 TCK;
SDR 16 TDI (79DB);
RUNTEST 1000 TCK;
SDR 16 TDI (DDFF);
RUNTEST 1000 TCK;
SDR 16 TDI (BBDF);
RUNTEST 1000 TCK;
SDR 16 TDI (FFFF);
RUNTEST 1000 TCK;
SDR 16 TDI (7DFF);
RUNTEST 1000 TCK;
SDR 16 TDI (FFFF);
RUNTEST 1000 TCK;
SDR 16 TDI (A55F);
RUNTEST 1000 TCK;
SDR 16 TDI (FFFF);
RUNTEST 1000 TCK;
SDR 16 TDI (7FFF);
RUNTEST 1000 TCK;
SDR 16 TDI (FFFF);
RUNTEST 1000 TCK;
SDR 16 TDI (BFFF);
RUNTEST 1000 TCK;
SDR 16 TDI (FFFF);
RUNTEST 1000 TCK;
SDR 16 TDI (7FFF);
RUNTEST 1000 TCK;
SDR 16 TDI (FFFF);
RUNTEST 1000 TCK;
SDR 16 TDI (BFFF);
RUNTEST 1000 TCK;
SDR 16 TDI (FFFF);
RUNTEST 1000 TCK;
SDR 16 TDI (7EFD);
RUNTEST 1000 TCK;
SDR 16 TDI (FFFF);
RUNTEST 1000 TCK;
SDR 16 TDI (BFFF);
RUNTEST 1000 TCK;
SDR 16 TDI (FDF5);
RUNTEST 1000 TCK;
SDR 16 TDI (7DFF);
RUNTEST 1000 TCK;
SDR 16 TDI (FFFF);
RUNTEST 1000 TCK;
SDR 16 TDI (AAAF);
RUNTEST 1000 TCK;
SDR 16 TDI (FFDB);
RUNTEST 1000 TCK;
SDR 16 TDI (7FFF);
RUNTEST 1000 TCK;
SDR 16 TDI (FFFF);
RUNTEST 1000 TCK;
SDR 16 TDI (BFFF);
RUNTEST 1000 TCK;
SDR 16 TDI (FFFF);
RUNTEST 1000 TCK;
SDR 16 TDI (7FFF);
RUNTEST 1000 TCK;
SDR 16 TDI (FFFF);
RUNTEST 1000 TCK;
SDR 16 TDI (BFFF);
RUNTEST 1000 TCK;
SDR 16 TDI (FFFF);
RUNTEST 1000 TCK;
SDR 16 TDI (7BFF);
RUNTEST 1000 TCK;
SDR 16 TDI (FBED);
RUNTEST 1000 TCK;
SDR 16 TDI (BBEF);
RUNTEST 1000 TCK;
SDR 16 TDI (FFFF);
RUNTEST 1000 TCK;
SDR 16 TDI (69FF);
RUNTEST 1000 TCK;
SDR 16 TDI (FFFF);
RUNTEST 1000 TCK;
SDR 16 TDI (BFFF);
RUNTEST 1000 TCK;
SDR 16 TDI (FFFF);
RUNTEST 1000 TCK;
SDR 16 TDI (7FFF);
RUNTEST 1000 TCK;
SDR 16 TDI (FFFF);
RUNTEST 1000 TCK;
SDR 16 TDI (BFFF);
RUNTEST 1000 TCK;
SDR 16 TDI (FFFF);
RUNTEST 1000 TCK;
SDR 16 TDI (7FFF);
RUNTEST 1000 TCK;
SDR 16 TDI (FFFF);
RUNTEST 1000 TCK;
SDR 16 TDI (BFFF);
RUNTEST 1000 TCK;
SDR 16 TDI (FFFF);
RUNTEST 1000 TCK;
SDR 16 TDI (7FFF);
RUNTEST 1000 TCK;
SDR 16 TDI (FFFF);
RUNTEST 1000 TCK;
SDR 16 TDI (BEFF);
RUNTEST 1000 TCK;
SDR 16 TDI (FFFF);
RUNTEST 1000 TCK;
SDR 16 TDI (7FFF);
RUNTEST 1000 TCK;
SDR 16 TDI (FFFF);
RUNTEST 1000 TCK;
SDR 16 TDI (BFFF);
RUNTEST 1000 TCK;
SDR 16 TDI (FFFF);
RUNTEST 1000 TCK;
SDR 16 TDI (7FFF);
RUNTEST 1000 TCK;
SDR 16 TDI (FFFF);
RUNTEST 1000 TCK;
SDR 16 TDI (BFFF);
RUNTEST 1000 TCK;
SDR 16 TDI (FFFF);
RUNTEST 1000 TCK;
SDR 16 TDI (7FFF);
RUNTEST 1000 TCK;
SDR 16 TDI (FFFF);
RUNTEST 1000 TCK;
SDR 16 TDI (BFFF);
RUNTEST 1000 TCK;
SDR 16 TDI (FFFD);
RUNTEST 1000 TCK;
SDR 16 TDI (7FED);
RUNTEST 1000 TCK;
SDR 16 TDI (FAFF);
RUNTEST 1000 TCK;
SDR 16 TDI (BEAD);
RUNTEST 1000 TCK;
SDR 16 TDI (DBFF);
RUNTEST 1000 TCK;
SDR 16 TDI (7FFF);
RUNTEST 1000 TCK;
SDR 16 TDI (FFFF);
RUNTEST 1000 TCK;
SDR 16 TDI (BFFF);
RUNTEST 1000 TCK;
SDR 16 TDI (FFDB);
RUNTEST 1000 TCK;
SDR 16 TDI (7FFF);
RUNTEST 1000 TCK;
SDR 16 TDI (FFFF);
RUNTEST 1000 TCK;
SDR 16 TDI (BFFF);
RUNTEST 1000 TCK;
SDR 16 TDI (FFFF);
RUNTEST 1000 TCK;
SDR 16 TDI (7FFF);
RUNTEST 1000 TCK;
SDR 16 TDI (FFFF);
RUNTEST 1000 TCK;
SDR 16 TDI (BFBF);
RUNTEST 1000 TCK;
SDR 16 TDI (FFFB);
RUNTEST 1000 TCK;
SDR 16 TDI (7FE7);
RUNTEST 1000 TCK;
SDR 16 TDI (FDEE);
RUNTEST 1000 TCK;
SDR 16 TDI (BEDD);
RUNTEST 1000 TCK;
SDR 16 TDI (DDFF);
RUNTEST 1000 TCK;
SDR 16 TDI (7FFF);
RUNTEST 1000 TCK;
SDR 16 TDI (FFFF);
RUNTEST 1000 TCK;
SDR 16 TDI (BAAF);
RUNTEST 1000 TCK;
SDR 16 TDI (FFF7);
RUNTEST 1000 TCK;
SDR 16 TDI (7FFF);
RUNTEST 1000 TCK;
SDR 16 TDI (FFFF);
RUNTEST 1000 TCK;
SDR 16 TDI (BFFF);
RUNTEST 1000 TCK;
SDR 16 TDI (FFFF);
RUNTEST 1000 TCK;
SDR 16 TDI (7FFF);
RUNTEST 1000 TCK;
SDR 16 TDI (FFFF);
RUNTEST 1000 TCK;
SDR 16 TDI (BFFB);
RUNTEST 1000 TCK;
SDR 16 TDI (FFFD);
RUNTEST 1000 TCK;
SDR 16 TDI (72DF);
RUNTEST 1000 TCK;
SDR 16 TDI (FAFF);
RUNTEST 1000 TCK;
SDR 16 TDI (B9AB);
RUNTEST 1000 TCK;
SDR 16 TDI (BBFB);
RUNTEST 1000 TCK;
SDR 16 TDI (77FF);
RUNTEST 1000 TCK;
SDR 16 TDI (FFFF);
RUNTEST 1000 TCK;
SDR 16 TDI (BFFF);
RUNTEST 1000 TCK;
SDR 16 TDI (FFEF);
RUNTEST 1000 TCK;
SDR 16 TDI (7FFF);
RUNTEST 1000 TCK;
SDR 16 TDI (FFFF);
RUNTEST 1000 TCK;
SDR 16 TDI (BFFF);
RUNTEST 1000 TCK;
SDR 16 TDI (FFFF);
RUNTEST 1000 TCK;
SDR 16 TDI (7FFF);
RUNTEST 1000 TCK;
SDR 16 TDI (FFFD);
RUNTEST 1000 TCK;
SDR 16 TDI (BFFF);
RUNTEST 1000 TCK;
SDR 16 TDI (FFFF);
RUNTEST 1000 TCK;
SDR 16 TDI (7DFC);
RUNTEST 1000 TCK;
SDR 16 TDI (D7FF);
RUNTEST 1000 TCK;
SDR 16 TDI (BF77);
RUNTEST 1000 TCK;
SDR 16 TDI (FFFF);
RUNTEST 1000 TCK;
SDR 16 TDI (7FFF);
RUNTEST 1000 TCK;
SDR 16 TDI (FFFF);
RUNTEST 1000 TCK;
SDR 16 TDI (A55F);
RUNTEST 1000 TCK;
SDR 16 TDI (FFEB);
RUNTEST 1000 TCK;
SDR 16 TDI (7FDF);
RUNTEST 1000 TCK;
SDR 16 TDI (FFFF);
RUNTEST 1000 TCK;
SDR 16 TDI (BFFF);
RUNTEST 1000 TCK;
SDR 16 TDI (FFEF);
RUNTEST 1000 TCK;
SDR 16 TDI (7FFF);
RUNTEST 1000 TCK;
SDR 16 TDI (FFF0);
RUNTEST 1000 TCK;
SDR 16 TDI (BE1F);
RUNTEST 1000 TCK;
SDR 16 TDI (7FFF);
RUNTEST 1000 TCK;
SDR 16 TDI (7F00);
RUNTEST 1000 TCK;
SDR 16 TDI (0C3F);
RUNTEST 1000 TCK;
SDR 16 TDI (B067);
RUNTEST 1000 TCK;
SDR 16 TDI (FFF4);
RUNTEST 1000 TCK;
SDR 16 TDI (79FF);
RUNTEST 1000 TCK;
SDR 16 TDI (FFFF);
RUNTEST 1000 TCK;
SDR 16 TDI (AFFF);
RUNTEST 1000 TCK;
SDR 16 TDI (FFD7);
RUNTEST 1000 TCK;
SDR 16 TDI (7FBF);
RUNTEST 1000 TCK;
SDR 16 TDI (FFFF);
RUNTEST 1000 TCK;
SDR 16 TDI (BFFF);
RUNTEST 1000 TCK;
SDR 16 TDI (FFDF);
RUNTEST 1000 TCK;
SDR 16 TDI (7FFF);
RUNTEST 1000 TCK;
SDR 16 TDI (FFF0);
RUNTEST 1000 TCK;
SDR 16 TDI (BE1F);
RUNTEST 1000 TCK;
SDR 16 TDI (FFFF);
RUNTEST 1000 TCK;
SDR 16 TDI (700F);
RUNTEST 1000 TCK;
SDR 16 TDI (043D);
RUNTEST 1000 TCK;
SDR 16 TDI (BBAF);
RUNTEST 1000 TCK;
SDR 16 TDI (FFFF);
RUNTEST 1000 TCK;
SDR 16 TDI (7DFF);
RUNTEST 1000 TCK;
SDR 16 TDI (FFFF);
RUNTEST 1000 TCK;
SDR 16 TDI (B55F);
RUNTEST 1000 TCK;
SDR 16 TDI (FFF3);
RUNTEST 1000 TCK;
SDR 16 TDI (7FFF);
RUNTEST 1000 TCK;
SDR 16 TDI (FFFF);
RUNTEST 1000 TCK;
SDR 16 TDI (BFFF);
RUNTEST 1000 TCK;
SDR 16 TDI (FFFF);
RUNTEST 1000 TCK;
SDR 16 TDI (7FFF);
RUNTEST 1000 TCK;
SDR 16 TDI (FFF0);
RUNTEST 1000 TCK;
SDR 16 TDI (BE1F);
RUNTEST 1000 TCK;
SDR 16 TDI (FFF9);
RUNTEST 1000 TCK;
SDR 16 TDI (7D33);
RUNTEST 1000 TCK;
SDR 16 TDI (0F3F);
RUNTEST 1000 TCK;
SDR 16 TDI (BCFE);
RUNTEST 1000 TCK;
SDR 16 TDI (1E74);
RUNTEST 1000 TCK;
SDR 16 TDI (7BFF);
RUNTEST 1000 TCK;
SDR 16 TDI (FFFF);
RUNTEST 1000 TCK;
SDR 16 TDI (BFFF);
RUNTEST 1000 TCK;
SDR 16 TDI (FFF3);
RUNTEST 1000 TCK;
SDR 16 TDI (7FFF);
RUNTEST 1000 TCK;
SDR 16 TDI (FFFF);
RUNTEST 1000 TCK;
SDR 16 TDI (BFFF);
RUNTEST 1000 TCK;
SDR 16 TDI (FFFF);
RUNTEST 1000 TCK;
SDR 16 TDI (7FFF);
RUNTEST 1000 TCK;
SDR 16 TDI (FFF0);
RUNTEST 1000 TCK;
SDR 16 TDI (BE1F);
RUNTEST 1000 TCK;
SDR 16 TDI (FFF9);
RUNTEST 1000 TCK;
SDR 16 TDI (713F);
RUNTEST 1000 TCK;
SDR 16 TDI (043F);
RUNTEST 1000 TCK;
SDR 16 TDI (BDCE);
RUNTEST 1000 TCK;
SDR 16 TDI (1E7F);
RUNTEST 1000 TCK;
SDR 16 TDI (7FFF);
RUNTEST 1000 TCK;
SDR 16 TDI (FFFF);
RUNTEST 1000 TCK;
SDR 16 TDI (BFFF);
RUNTEST 1000 TCK;
SDR 16 TDI (333B);
RUNTEST 1000 TCK;
SDR 16 TDI (63E6);
RUNTEST 1000 TCK;
SDR 16 TDI (6667);
RUNTEST 1000 TCK;
SDR 16 TDI (B333);
RUNTEST 1000 TCK;
SDR 16 TDI (31F3);
RUNTEST 1000 TCK;
SDR 16 TDI (6666);
RUNTEST 1000 TCK;
SDR 16 TDI (7CCE);
RUNTEST 1000 TCK;
SDR 16 TDI (B9CF);
RUNTEST 1000 TCK;
SDR 16 TDI (9999);
RUNTEST 1000 TCK;
SDR 16 TDI (7388);
RUNTEST 1000 TCK;
SDR 16 TDI (ECE7);
RUNTEST 1000 TCK;
SDR 16 TDI (B99B);
RUNTEST 1000 TCK;
SDR 16 TDI (B97F);
RUNTEST 1000 TCK;
SDR 16 TDI (77FF);
RUNTEST 1000 TCK;
SDR 16 TDI (FFFF);
RUNTEST 1000 TCK;
SDR 16 TDI (BFFF);
RUNTEST 1000 TCK;
SDR 16 TDI (7773);
RUNTEST 1000 TCK;
SDR 16 TDI (6957);
RUNTEST 1000 TCK;
SDR 16 TDI (7777);
RUNTEST 1000 TCK;
SDR 16 TDI (B777);
RUNTEST 1000 TCK;
SDR 16 TDI (74AB);
RUNTEST 1000 TCK;
SDR 16 TDI (7777);
RUNTEST 1000 TCK;
SDR 16 TDI (7DDC);
RUNTEST 1000 TCK;
SDR 16 TDI (BB95);
RUNTEST 1000 TCK;
SDR 16 TDI (5DD9);
RUNTEST 1000 TCK;
SDR 16 TDI (739D);
RUNTEST 1000 TCK;
SDR 16 TDI (CCCA);
RUNTEST 1000 TCK;
SDR 16 TDI (B199);
RUNTEST 1000 TCK;
SDR 16 TDI (99FF);
RUNTEST 1000 TCK;
SDR 16 TDI (7FFF);
RUNTEST 1000 TCK;
SDR 16 TDI (FFFF);
RUNTEST 1000 TCK;
SDR 16 TDI (BFFF);
RUNTEST 1000 TCK;
SDR 16 TDI (FFFF);
RUNTEST 1000 TCK;
SDR 16 TDI (7FDF);
RUNTEST 1000 TCK;
SDR 16 TDI (FFFF);
RUNTEST 1000 TCK;
SDR 16 TDI (BFFF);
RUNTEST 1000 TCK;
SDR 16 TDI (FFEF);
RUNTEST 1000 TCK;
SDR 16 TDI (7FFF);
RUNTEST 1000 TCK;
SDR 16 TDI (FFF7);
RUNTEST 1000 TCK;
SDR 16 TDI (BEFF);
RUNTEST 1000 TCK;
SDR 16 TDI (7FFF);
RUNTEST 1000 TCK;
SDR 16 TDI (7FFF);
RUNTEST 1000 TCK;
SDR 16 TDI (7FFF);
RUNTEST 1000 TCK;
SDR 16 TDI (B7FF);
RUNTEST 1000 TCK;
SDR 16 TDI (FB7F);
RUNTEST 1000 TCK;
SDR 16 TDI (7FFF);
RUNTEST 1000 TCK;
SDR 16 TDI (FFFF);
RUNTEST 1000 TCK;
SDR 16 TDI (BFFF);
RUNTEST 1000 TCK;
SDR 16 TDI (FFFF);
RUNTEST 1000 TCK;
SDR 16 TDI (7FFF);
RUNTEST 1000 TCK;
SDR 16 TDI (FFFF);
RUNTEST 1000 TCK;
SDR 16 TDI (BFFF);
RUNTEST 1000 TCK;
SDR 16 TDI (FFFF);
RUNTEST 1000 TCK;
SDR 16 TDI (7FFF);
RUNTEST 1000 TCK;
SDR 16 TDI (FFFE);
RUNTEST 1000 TCK;
SDR 16 TDI (BFFF);
RUNTEST 1000 TCK;
SDR 16 TDI (FFDF);
RUNTEST 1000 TCK;
SDR 16 TDI (7FFE);
RUNTEST 1000 TCK;
SDR 16 TDI (FBFF);
RUNTEST 1000 TCK;
SDR 16 TDI (BDFF);
RUNTEST 1000 TCK;
SDR 16 TDI (FFFF);
RUNTEST 1000 TCK;
SDR 16 TDI (7FFF);
RUNTEST 1000 TCK;
SDR 16 TDI (FFFF);
RUNTEST 1000 TCK;
SDR 16 TDI (BFFF);
RUNTEST 1000 TCK;
SDR 16 TDI (FFFF);
RUNTEST 1000 TCK;
SDR 16 TDI (6FFF);
RUNTEST 1000 TCK;
SDR 16 TDI (7FFF);
RUNTEST 1000 TCK;
SDR 16 TDI (BFFF);
RUNTEST 1000 TCK;
SDR 16 TDI (FFFF);
RUNTEST 1000 TCK;
SDR 16 TDI (7FFF);
RUNTEST 1000 TCK;
SDR 16 TDI (FFFF);
RUNTEST 1000 TCK;
SDR 16 TDI (BFFF);
RUNTEST 1000 TCK;
SDR 16 TDI (FFFD);
RUNTEST 1000 TCK;
SDR 16 TDI (7DFF);
RUNTEST 1000 TCK;
SDR 16 TDI (DFFF);
RUNTEST 1000 TCK;
SDR 16 TDI (BFCF);
RUNTEST 1000 TCK;
SDR 16 TDI (FBFF);
RUNTEST 1000 TCK;
SDR 16 TDI (7FFF);
RUNTEST 1000 TCK;
SDR 16 TDI (FFFF);
RUNTEST 1000 TCK;
SDR 16 TDI (AFFF);
RUNTEST 1000 TCK;
SDR 16 TDI (FFFF);
RUNTEST 1000 TCK;
SDR 16 TDI (77FF);
RUNTEST 1000 TCK;
SDR 16 TDI (FFFF);
RUNTEST 1000 TCK;
SDR 16 TDI (BFFF);
RUNTEST 1000 TCK;
SDR 16 TDI (FFFF);
RUNTEST 1000 TCK;
SDR 16 TDI (7FFF);
RUNTEST 1000 TCK;
SDR 16 TDI (FFFD);
RUNTEST 1000 TCK;
SDR 16 TDI (BFFF);
RUNTEST 1000 TCK;
SDR 16 TDI (FFDD);
RUNTEST 1000 TCK;
SDR 16 TDI (7FFF);
RUNTEST 1000 TCK;
SDR 16 TDI (DFFF);
RUNTEST 1000 TCK;
SDR 16 TDI (BDFF);
RUNTEST 1000 TCK;
SDR 16 TDI (FFFF);
RUNTEST 1000 TCK;
SDR 16 TDI (7FFF);
RUNTEST 1000 TCK;
SDR 16 TDI (FFFF);
RUNTEST 1000 TCK;
SDR 16 TDI (AFFF);
RUNTEST 1000 TCK;
SDR 16 TDI (FFFF);
RUNTEST 1000 TCK;
SDR 16 TDI (7FFE);
RUNTEST 1000 TCK;
SDR 16 TDI (FFFF);
RUNTEST 1000 TCK;
SDR 16 TDI (BFFF);
RUNTEST 1000 TCK;
SDR 16 TDI (FFFF);
RUNTEST 1000 TCK;
SDR 16 TDI (7FFF);
RUNTEST 1000 TCK;
SDR 16 TDI (FFFF);
RUNTEST 1000 TCK;
SDR 16 TDI (BFFF);
RUNTEST 1000 TCK;
SDR 16 TDI (FFFF);
RUNTEST 1000 TCK;
SDR 16 TDI (7FFD);
RUNTEST 1000 TCK;
SDR 16 TDI (F7FF);
RUNTEST 1000 TCK;
SDR 16 TDI (BFDF);
RUNTEST 1000 TCK;
SDR 16 TDI (FFFF);
RUNTEST 1000 TCK;
SDR 16 TDI (7FFF);
RUNTEST 1000 TCK;
SDR 16 TDI (FFFF);
RUNTEST 1000 TCK;
SDR 16 TDI (BFFF);
RUNTEST 1000 TCK;
SDR 16 TDI (FFFF);
RUNTEST 1000 TCK;
SDR 16 TDI (7FFF);
RUNTEST 1000 TCK;
SDR 16 TDI (FFFF);
RUNTEST 1000 TCK;
SDR 16 TDI (BFFF);
RUNTEST 1000 TCK;
SDR 16 TDI (FFFF);
RUNTEST 1000 TCK;
SDR 16 TDI (7F7F);
RUNTEST 1000 TCK;
SDR 16 TDI (DFFF);
RUNTEST 1000 TCK;
SDR 16 TDI (BFFF);
RUNTEST 1000 TCK;
SDR 16 TDI (F7FF);
RUNTEST 1000 TCK;
SDR 16 TDI (7FFF);
RUNTEST 1000 TCK;
SDR 16 TDI (FFFF);
RUNTEST 1000 TCK;
SDR 16 TDI (BFFF);
RUNTEST 1000 TCK;
SDR 16 TDI (FFFF);
RUNTEST 1000 TCK;
SDR 16 TDI (7FFF);
RUNTEST 1000 TCK;
SDR 16 TDI (FFFF);
RUNTEST 1000 TCK;
SDR 16 TDI (BFFF);
RUNTEST 1000 TCK;
SDR 16 TDI (FFEF);
RUNTEST 1000 TCK;
SDR 16 TDI (7FFF);
RUNTEST 1000 TCK;
SDR 16 TDI (FFFF);
RUNTEST 1000 TCK;
SDR 16 TDI (BFFF);
RUNTEST 1000 TCK;
SDR 16 TDI (FFFF);
RUNTEST 1000 TCK;
SDR 16 TDI (7FFB);
RUNTEST 1000 TCK;
SDR 16 TDI (FFFF);
RUNTEST 1000 TCK;
SDR 16 TDI (BFFF);
RUNTEST 1000 TCK;
SDR 16 TDI (FDFF);
RUNTEST 1000 TCK;
SDR 16 TDI (7FFD);
RUNTEST 1000 TCK;
SDR 16 TDI (FDEF);
RUNTEST 1000 TCK;
SDR 16 TDI (BFFF);
RUNTEST 1000 TCK;
SDR 16 TDI (FFFF);
RUNTEST 1000 TCK;
SDR 16 TDI (7FFF);
RUNTEST 1000 TCK;
SDR 16 TDI (FFFF);
RUNTEST 1000 TCK;
SDR 16 TDI (BFFF);
RUNTEST 1000 TCK;
SDR 16 TDI (FFDF);
RUNTEST 1000 TCK;
SDR 16 TDI (7FFF);
RUNTEST 1000 TCK;
SDR 16 TDI (FFFF);
RUNTEST 1000 TCK;
SDR 16 TDI (BFFF);
RUNTEST 1000 TCK;
SDR 16 TDI (FFFF);
RUNTEST 1000 TCK;
SDR 16 TDI (7FFF);
RUNTEST 1000 TCK;
SDR 16 TDI (CFFF);
RUNTEST 1000 TCK;
SDR 16 TDI (B7FF);
RUNTEST 1000 TCK;
SDR 16 TDI (FFFF);
RUNTEST 1000 TCK;
SDR 16 TDI (77BF);
RUNTEST 1000 TCK;
SDR 16 TDI (EFFF);
RUNTEST 1000 TCK;
SDR 16 TDI (BBBF);
RUNTEST 1000 TCK;
SDR 16 TDI (FFFF);
RUNTEST 1000 TCK;
SDR 16 TDI (7FFF);
RUNTEST 1000 TCK;
SDR 16 TDI (FFFF);
RUNTEST 1000 TCK;
SDR 16 TDI (BFFF);
RUNTEST 1000 TCK;
SDR 16 TDI (FFFF);
RUNTEST 1000 TCK;
SDR 16 TDI (7FFF);
RUNTEST 1000 TCK;
SDR 16 TDI (FFFF);
RUNTEST 1000 TCK;
SDR 16 TDI (BFFF);
RUNTEST 1000 TCK;
SDR 16 TDI (FFFF);
RUNTEST 1000 TCK;
SDR 16 TDI (7F7D);
RUNTEST 1000 TCK;
SDR 16 TDI (FFFF);
RUNTEST 1000 TCK;
SDR 16 TDI (BFFF);
RUNTEST 1000 TCK;
SDR 16 TDI (EDFF);
RUNTEST 1000 TCK;
SDR 16 TDI (7FFE);
RUNTEST 1000 TCK;
SDR 16 TDI (FDEF);
RUNTEST 1000 TCK;
SDR 16 TDI (BFFF);
RUNTEST 1000 TCK;
SDR 16 TDI (FFFF);
RUNTEST 1000 TCK;
SDR 16 TDI (7FFF);
RUNTEST 1000 TCK;
SDR 16 TDI (FFFF);
RUNTEST 1000 TCK;
SDR 16 TDI (BFFF);
RUNTEST 1000 TCK;
SDR 16 TDI (FFFF);
RUNTEST 1000 TCK;
SDR 16 TDI (7FFF);
RUNTEST 1000 TCK;
SDR 16 TDI (FFFF);
RUNTEST 1000 TCK;
SDR 16 TDI (BFFF);
RUNTEST 1000 TCK;
SDR 16 TDI (FFFF);
RUNTEST 1000 TCK;
SDR 16 TDI (7FFF);
RUNTEST 1000 TCK;
SDR 16 TDI (EFFF);
RUNTEST 1000 TCK;
SDR 16 TDI (BFFF);
RUNTEST 1000 TCK;
SDR 16 TDI (FFFF);
RUNTEST 1000 TCK;
SDR 16 TDI (7FFF);
RUNTEST 1000 TCK;
SDR 16 TDI (FBFF);
RUNTEST 1000 TCK;
SDR 16 TDI (BFD7);
RUNTEST 1000 TCK;
SDR 16 TDI (FFFF);
RUNTEST 1000 TCK;
SDR 16 TDI (7FFF);
RUNTEST 1000 TCK;
SDR 16 TDI (FFFF);
RUNTEST 1000 TCK;
SDR 16 TDI (BFFF);
RUNTEST 1000 TCK;
SDR 16 TDI (FFFF);
RUNTEST 1000 TCK;
SDR 16 TDI (7FFF);
RUNTEST 1000 TCK;
SDR 16 TDI (FFFF);
RUNTEST 1000 TCK;
SDR 16 TDI (BFFF);
RUNTEST 1000 TCK;
SDR 16 TDI (FFFF);
RUNTEST 1000 TCK;
SDR 16 TDI (7FFF);
RUNTEST 1000 TCK;
SDR 16 TDI (EFFF);
RUNTEST 1000 TCK;
SDR 16 TDI (B7BF);
RUNTEST 1000 TCK;
SDR 16 TDI (FFFF);
RUNTEST 1000 TCK;
SDR 16 TDI (7BFF);
RUNTEST 1000 TCK;
SDR 16 TDI (DFDF);
RUNTEST 1000 TCK;
SDR 16 TDI (BFFE);
RUNTEST 1000 TCK;
SDR 16 TDI (FEFF);
RUNTEST 1000 TCK;
SDR 16 TDI (7FFF);
RUNTEST 1000 TCK;
SDR 16 TDI (FFFF);
RUNTEST 1000 TCK;
SDR 16 TDI (BFFF);
RUNTEST 1000 TCK;
SDR 16 TDI (FFFF);
RUNTEST 1000 TCK;
SDR 16 TDI (7FFF);
RUNTEST 1000 TCK;
SDR 16 TDI (FFFF);
RUNTEST 1000 TCK;
SDR 16 TDI (BFFF);
RUNTEST 1000 TCK;
SDR 16 TDI (FFFF);
RUNTEST 1000 TCK;
SDR 16 TDI (7FFF);
RUNTEST 1000 TCK;
SDR 16 TDI (FFFE);
RUNTEST 1000 TCK;
SDR 16 TDI (ADBF);
RUNTEST 1000 TCK;
SDR 16 TDI (FFFF);
RUNTEST 1000 TCK;
SDR 16 TDI (7FAE);
RUNTEST 1000 TCK;
SDR 16 TDI (F6DF);
RUNTEST 1000 TCK;
SDR 16 TDI (BFDF);
RUNTEST 1000 TCK;
SDR 16 TDI (BF7F);
RUNTEST 1000 TCK;
SDR 16 TDI (7FFF);
RUNTEST 1000 TCK;
SDR 16 TDI (FFFF);
RUNTEST 1000 TCK;
SDR 16 TDI (BFFF);
RUNTEST 1000 TCK;
SDR 16 TDI (FFFF);
RUNTEST 1000 TCK;
SDR 16 TDI (7FFF);
RUNTEST 1000 TCK;
SDR 16 TDI (FFFF);
RUNTEST 1000 TCK;
SDR 16 TDI (BFFF);
RUNTEST 1000 TCK;
SDR 16 TDI (FFFF);
RUNTEST 1000 TCK;
SDR 16 TDI (7FFF);
RUNTEST 1000 TCK;
SDR 16 TDI (FFFF);
RUNTEST 1000 TCK;
SDR 16 TDI (BFFF);
RUNTEST 1000 TCK;
SDR 16 TDI (FFFF);
RUNTEST 1000 TCK;
SDR 16 TDI (77FF);
RUNTEST 1000 TCK;
SDR 16 TDI (DFFF);
RUNTEST 1000 TCK;
SDR 16 TDI (BFF7);
RUNTEST 1000 TCK;
SDR 16 TDI (7FFF);
RUNTEST 1000 TCK;
SDR 16 TDI (7FFF);
RUNTEST 1000 TCK;
SDR 16 TDI (FFFF);
RUNTEST 1000 TCK;
SDR 16 TDI (B77F);
RUNTEST 1000 TCK;
SDR 16 TDI (FFFF);
RUNTEST 1000 TCK;
SDR 16 TDI (7FFF);
RUNTEST 1000 TCK;
SDR 16 TDI (FFFF);
RUNTEST 1000 TCK;
SDR 16 TDI (BFFF);
RUNTEST 1000 TCK;
SDR 16 TDI (FFFF);
RUNTEST 1000 TCK;
SDR 16 TDI (7FFF);
RUNTEST 1000 TCK;
SDR 16 TDI (FFFF);
RUNTEST 1000 TCK;
SDR 16 TDI (BFDF);
RUNTEST 1000 TCK;
SDR 16 TDI (FFFF);
RUNTEST 1000 TCK;
SDR 16 TDI (7FFF);
RUNTEST 1000 TCK;
SDR 16 TDI (B9FF);
RUNTEST 1000 TCK;
SDR 16 TDI (BFBF);
RUNTEST 1000 TCK;
SDR 16 TDI (EF7D);
RUNTEST 1000 TCK;
SDR 16 TDI (7FFF);
RUNTEST 1000 TCK;
SDR 16 TDI (FFFF);
RUNTEST 1000 TCK;
SDR 16 TDI (BFFF);
RUNTEST 1000 TCK;
SDR 16 TDI (FFFF);
RUNTEST 1000 TCK;
SDR 16 TDI (7FFF);
RUNTEST 1000 TCK;
SDR 16 TDI (FFFF);
RUNTEST 1000 TCK;
SDR 16 TDI (BFFF);
RUNTEST 1000 TCK;
SDR 16 TDI (FFFF);
RUNTEST 1000 TCK;
SDR 16 TDI (7FFF);
RUNTEST 1000 TCK;
SDR 16 TDI (FFFF);
RUNTEST 1000 TCK;
SDR 16 TDI (BFFF);
RUNTEST 1000 TCK;
SDR 16 TDI (FFFF);
RUNTEST 1000 TCK;
SDR 16 TDI (7F5D);
RUNTEST 1000 TCK;
SDR 16 TDI (DFBD);
RUNTEST 1000 TCK;
SDR 16 TDI (BFFE);
RUNTEST 1000 TCK;
SDR 16 TDI (DFFF);
RUNTEST 1000 TCK;
SDR 16 TDI (77FF);
RUNTEST 1000 TCK;
SDR 16 TDI (FFFF);
RUNTEST 1000 TCK;
SDR 16 TDI (A77F);
RUNTEST 1000 TCK;
SDR 16 TDI (FFFF);
RUNTEST 1000 TCK;
SDR 16 TDI (7FFF);
RUNTEST 1000 TCK;
SDR 16 TDI (FFFF);
RUNTEST 1000 TCK;
SDR 16 TDI (BFFF);
RUNTEST 1000 TCK;
SDR 16 TDI (FFFF);
RUNTEST 1000 TCK;
SDR 16 TDI (7FFF);
RUNTEST 1000 TCK;
SDR 16 TDI (FFFF);
RUNTEST 1000 TCK;
SDR 16 TDI (BBFF);
RUNTEST 1000 TCK;
SDR 16 TDI (FFFF);
RUNTEST 1000 TCK;
SDR 16 TDI (7FFF);
RUNTEST 1000 TCK;
SDR 16 TDI (FFEF);
RUNTEST 1000 TCK;
SDR 16 TDI (BDFB);
RUNTEST 1000 TCK;
SDR 16 TDI (FBFD);
RUNTEST 1000 TCK;
SDR 16 TDI (7DFF);
RUNTEST 1000 TCK;
SDR 16 TDI (FFFF);
RUNTEST 1000 TCK;
SDR 16 TDI (ABBF);
RUNTEST 1000 TCK;
SDR 16 TDI (FFFF);
RUNTEST 1000 TCK;
SDR 16 TDI (7FFF);
RUNTEST 1000 TCK;
SDR 16 TDI (FFFF);
RUNTEST 1000 TCK;
SDR 16 TDI (BFFF);
RUNTEST 1000 TCK;
SDR 16 TDI (FFFF);
RUNTEST 1000 TCK;
SDR 16 TDI (7FFF);
RUNTEST 1000 TCK;
SDR 16 TDI (FFFF);
RUNTEST 1000 TCK;
SDR 16 TDI (BFFF);
RUNTEST 1000 TCK;
SDR 16 TDI (FDFB);
RUNTEST 1000 TCK;
SDR 16 TDI (777F);
RUNTEST 1000 TCK;
SDR 16 TDI (FDFF);
RUNTEST 1000 TCK;
SDR 16 TDI (BEFF);
RUNTEST 1000 TCK;
SDR 16 TDI (6B7F);
RUNTEST 1000 TCK;
SDR 16 TDI (79FF);
RUNTEST 1000 TCK;
SDR 16 TDI (FFFF);
RUNTEST 1000 TCK;
SDR 16 TDI (BFFF);
RUNTEST 1000 TCK;
SDR 16 TDI (FFFF);
RUNTEST 1000 TCK;
SDR 16 TDI (7FFF);
RUNTEST 1000 TCK;
SDR 16 TDI (FFFF);
RUNTEST 1000 TCK;
SDR 16 TDI (BFFF);
RUNTEST 1000 TCK;
SDR 16 TDI (FFFF);
RUNTEST 1000 TCK;
SDR 16 TDI (7FFF);
RUNTEST 1000 TCK;
SDR 16 TDI (FFFF);
RUNTEST 1000 TCK;
SDR 16 TDI (BFFF);
RUNTEST 1000 TCK;
SDR 16 TDI (FFFF);
RUNTEST 1000 TCK;
SDR 16 TDI (7FFB);
RUNTEST 1000 TCK;
SDR 16 TDI (DBBF);
RUNTEST 1000 TCK;
SDR 16 TDI (BDEF);
RUNTEST 1000 TCK;
SDR 16 TDI (DFFF);
RUNTEST 1000 TCK;
SDR 16 TDI (7FFF);
RUNTEST 1000 TCK;
SDR 16 TDI (FFFF);
RUNTEST 1000 TCK;
SDR 16 TDI (BFFF);
RUNTEST 1000 TCK;
SDR 16 TDI (FFFF);
RUNTEST 1000 TCK;
SDR 16 TDI (7FFF);
RUNTEST 1000 TCK;
SDR 16 TDI (FFFF);
RUNTEST 1000 TCK;
SDR 16 TDI (BFFF);
RUNTEST 1000 TCK;
SDR 16 TDI (FFFF);
RUNTEST 1000 TCK;
SDR 16 TDI (7FFF);
RUNTEST 1000 TCK;
SDR 16 TDI (FFFF);
RUNTEST 1000 TCK;
SDR 16 TDI (BFFD);
RUNTEST 1000 TCK;
SDR 16 TDI (FFFF);
RUNTEST 1000 TCK;
SDR 16 TDI (7FD7);
RUNTEST 1000 TCK;
SDR 16 TDI (FFFF);
RUNTEST 1000 TCK;
SDR 16 TDI (BF2D);
RUNTEST 1000 TCK;
SDR 16 TDI (FFFF);
RUNTEST 1000 TCK;
SDR 16 TDI (7FFF);
RUNTEST 1000 TCK;
SDR 16 TDI (FFFF);
RUNTEST 1000 TCK;
SDR 16 TDI (BFFF);
RUNTEST 1000 TCK;
SDR 16 TDI (FFFF);
RUNTEST 1000 TCK;
SDR 16 TDI (7FFF);
RUNTEST 1000 TCK;
SDR 16 TDI (FFFF);
RUNTEST 1000 TCK;
SDR 16 TDI (BFFF);
RUNTEST 1000 TCK;
SDR 16 TDI (FFFF);
RUNTEST 1000 TCK;
SDR 16 TDI (7FFF);
RUNTEST 1000 TCK;
SDR 16 TDI (FFFF);
RUNTEST 1000 TCK;
SDR 16 TDI (BBFF);
RUNTEST 1000 TCK;
SDR 16 TDI (FBFF);
RUNTEST 1000 TCK;
SDR 16 TDI (778F);
RUNTEST 1000 TCK;
SDR 16 TDI (EF5F);
RUNTEST 1000 TCK;
SDR 16 TDI (BB7F);
RUNTEST 1000 TCK;
SDR 16 TDI (BA7F);
RUNTEST 1000 TCK;
SDR 16 TDI (7FFF);
RUNTEST 1000 TCK;
SDR 16 TDI (FFFF);
RUNTEST 1000 TCK;
SDR 16 TDI (BAAF);
RUNTEST 1000 TCK;
SDR 16 TDI (FFFF);
RUNTEST 1000 TCK;
SDR 16 TDI (7FFF);
RUNTEST 1000 TCK;
SDR 16 TDI (FFFF);
RUNTEST 1000 TCK;
SDR 16 TDI (BFFF);
RUNTEST 1000 TCK;
SDR 16 TDI (FFFF);
RUNTEST 1000 TCK;
SDR 16 TDI (7FFF);
RUNTEST 1000 TCK;
SDR 16 TDI (FFFF);
RUNTEST 1000 TCK;
SDR 16 TDI (BFBF);
RUNTEST 1000 TCK;
SDR 16 TDI (FFFF);
RUNTEST 1000 TCK;
SDR 16 TDI (7FF5);
RUNTEST 1000 TCK;
SDR 16 TDI (72BF);
RUNTEST 1000 TCK;
SDR 16 TDI (BFAA);
RUNTEST 1000 TCK;
SDR 16 TDI (F5EE);
RUNTEST 1000 TCK;
SDR 16 TDI (77FF);
RUNTEST 1000 TCK;
SDR 16 TDI (FFFF);
RUNTEST 1000 TCK;
SDR 16 TDI (BFFF);
RUNTEST 1000 TCK;
SDR 16 TDI (FFFF);
RUNTEST 1000 TCK;
SDR 16 TDI (7FFF);
RUNTEST 1000 TCK;
SDR 16 TDI (FFFF);
RUNTEST 1000 TCK;
SDR 16 TDI (BFFF);
RUNTEST 1000 TCK;
SDR 16 TDI (FFFF);
RUNTEST 1000 TCK;
SDR 16 TDI (7FFF);
RUNTEST 1000 TCK;
SDR 16 TDI (FFFF);
RUNTEST 1000 TCK;
SDR 16 TDI (BFFD);
RUNTEST 1000 TCK;
SDR 16 TDI (FFFB);
RUNTEST 1000 TCK;
SDR 16 TDI (7F7B);
RUNTEST 1000 TCK;
SDR 16 TDI (DDFD);
RUNTEST 1000 TCK;
SDR 16 TDI (BCD5);
RUNTEST 1000 TCK;
SDR 16 TDI (4FFF);
RUNTEST 1000 TCK;
SDR 16 TDI (7FFF);
RUNTEST 1000 TCK;
SDR 16 TDI (FFFF);
RUNTEST 1000 TCK;
SDR 16 TDI (A55F);
RUNTEST 1000 TCK;
SDR 16 TDI (FFFF);
RUNTEST 1000 TCK;
SDR 16 TDI (7FDF);
RUNTEST 1000 TCK;
SDR 16 TDI (FFFF);
RUNTEST 1000 TCK;
SDR 16 TDI (BFFF);
RUNTEST 1000 TCK;
SDR 16 TDI (FFEF);
RUNTEST 1000 TCK;
SDR 16 TDI (7FFF);
RUNTEST 1000 TCK;
SDR 16 TDI (FFFF);
RUNTEST 1000 TCK;
SDR 16 TDI (BE1F);
RUNTEST 1000 TCK;
SDR 16 TDI (79F9);
RUNTEST 1000 TCK;
SDR 16 TDI (7C0F);
RUNTEST 1000 TCK;
SDR 16 TDI (022F);
RUNTEST 1000 TCK;
SDR 16 TDI (B08F);
RUNTEST 1000 TCK;
SDR 16 TDI (F075);
RUNTEST 1000 TCK;
SDR 16 TDI (69FF);
RUNTEST 1000 TCK;
SDR 16 TDI (FFFF);
RUNTEST 1000 TCK;
SDR 16 TDI (AFFF);
RUNTEST 1000 TCK;
SDR 16 TDI (FFFF);
RUNTEST 1000 TCK;
SDR 16 TDI (7FBF);
RUNTEST 1000 TCK;
SDR 16 TDI (FFFF);
RUNTEST 1000 TCK;
SDR 16 TDI (BFFF);
RUNTEST 1000 TCK;
SDR 16 TDI (FFDF);
RUNTEST 1000 TCK;
SDR 16 TDI (7FFF);
RUNTEST 1000 TCK;
SDR 16 TDI (FFFF);
RUNTEST 1000 TCK;
SDR 16 TDI (BE1B);
RUNTEST 1000 TCK;
SDR 16 TDI (F9F9);
RUNTEST 1000 TCK;
SDR 16 TDI (7CD8);
RUNTEST 1000 TCK;
SDR 16 TDI (320B);
RUNTEST 1000 TCK;
SDR 16 TDI (B882);
RUNTEST 1000 TCK;
SDR 16 TDI (107F);
RUNTEST 1000 TCK;
SDR 16 TDI (75FF);
RUNTEST 1000 TCK;
SDR 16 TDI (FFFF);
RUNTEST 1000 TCK;
SDR 16 TDI (B55F);
RUNTEST 1000 TCK;
SDR 16 TDI (FFFF);
RUNTEST 1000 TCK;
SDR 16 TDI (7FFF);
RUNTEST 1000 TCK;
SDR 16 TDI (FFFF);
RUNTEST 1000 TCK;
SDR 16 TDI (BFFF);
RUNTEST 1000 TCK;
SDR 16 TDI (FFFF);
RUNTEST 1000 TCK;
SDR 16 TDI (7FFF);
RUNTEST 1000 TCK;
SDR 16 TDI (FFFF);
RUNTEST 1000 TCK;
SDR 16 TDI (A01F);
RUNTEST 1000 TCK;
SDR 16 TDI (F9F9);
RUNTEST 1000 TCK;
SDR 16 TDI (7C00);
RUNTEST 1000 TCK;
SDR 16 TDI (F13F);
RUNTEST 1000 TCK;
SDR 16 TDI (BE9F);
RUNTEST 1000 TCK;
SDR 16 TDI (8375);
RUNTEST 1000 TCK;
SDR 16 TDI (6FFF);
RUNTEST 1000 TCK;
SDR 16 TDI (FFFF);
RUNTEST 1000 TCK;
SDR 16 TDI (BFFF);
RUNTEST 1000 TCK;
SDR 16 TDI (FFFF);
RUNTEST 1000 TCK;
SDR 16 TDI (7FFF);
RUNTEST 1000 TCK;
SDR 16 TDI (FFFF);
RUNTEST 1000 TCK;
SDR 16 TDI (BFFF);
RUNTEST 1000 TCK;
SDR 16 TDI (FFFF);
RUNTEST 1000 TCK;
SDR 16 TDI (7FFF);
RUNTEST 1000 TCK;
SDR 16 TDI (FFFF);
RUNTEST 1000 TCK;
SDR 16 TDI (A01F);
RUNTEST 1000 TCK;
SDR 16 TDI (F9F9);
RUNTEST 1000 TCK;
SDR 16 TDI (7C00);
RUNTEST 1000 TCK;
SDR 16 TDI (F72F);
RUNTEST 1000 TCK;
SDR 16 TDI (B896);
RUNTEST 1000 TCK;
SDR 16 TDI (03EF);
RUNTEST 1000 TCK;
SDR 16 TDI (7FFF);
RUNTEST 1000 TCK;
SDR 16 TDI (FFFF);
RUNTEST 1000 TCK;
SDR 16 TDI (BFFF);
RUNTEST 1000 TCK;
SDR 16 TDI (3333);
RUNTEST 1000 TCK;
SDR 16 TDI (63E6);
RUNTEST 1000 TCK;
SDR 16 TDI (6667);
RUNTEST 1000 TCK;
SDR 16 TDI (B333);
RUNTEST 1000 TCK;
SDR 16 TDI (31F3);
RUNTEST 1000 TCK;
SDR 16 TDI (6666);
RUNTEST 1000 TCK;
SDR 16 TDI (7CCC);
RUNTEST 1000 TCK;
SDR 16 TDI (B9CF);
RUNTEST 1000 TCK;
SDR 16 TDI (9B9B);
RUNTEST 1000 TCK;
SDR 16 TDI (730D);
RUNTEST 1000 TCK;
SDR 16 TDI (CCD7);
RUNTEST 1000 TCK;
SDR 16 TDI (BB99);
RUNTEST 1000 TCK;
SDR 16 TDI (99FD);
RUNTEST 1000 TCK;
SDR 16 TDI (7FFF);
RUNTEST 1000 TCK;
SDR 16 TDI (FFFF);
RUNTEST 1000 TCK;
SDR 16 TDI (BFFF);
RUNTEST 1000 TCK;
SDR 16 TDI (7777);
RUNTEST 1000 TCK;
SDR 16 TDI (6957);
RUNTEST 1000 TCK;
SDR 16 TDI (7777);
RUNTEST 1000 TCK;
SDR 16 TDI (B777);
RUNTEST 1000 TCK;
SDR 16 TDI (74AB);
RUNTEST 1000 TCK;
SDR 16 TDI (7777);
RUNTEST 1000 TCK;
SDR 16 TDI (7DDD);
RUNTEST 1000 TCK;
SDR 16 TDI (B995);
RUNTEST 1000 TCK;
SDR 16 TDI (59D9);
RUNTEST 1000 TCK;
SDR 16 TDI (738C);
RUNTEST 1000 TCK;
SDR 16 TDI (DDCA);
RUNTEST 1000 TCK;
SDR 16 TDI (B199);
RUNTEST 1000 TCK;
SDR 16 TDI (DCEB);
RUNTEST 1000 TCK;
SDR 16 TDI (7FFF);
RUNTEST 1000 TCK;
SDR 16 TDI (FFFF);
RUNTEST 1000 TCK;
SDR 16 TDI (BFFF);
RUNTEST 1000 TCK;
SDR 16 TDI (FFFF);
RUNTEST 1000 TCK;
SDR 16 TDI (7FDF);
RUNTEST 1000 TCK;
SDR 16 TDI (FFFF);
RUNTEST 1000 TCK;
SDR 16 TDI (BFFF);
RUNTEST 1000 TCK;
SDR 16 TDI (FFEF);
RUNTEST 1000 TCK;
SDR 16 TDI (7FFF);
RUNTEST 1000 TCK;
SDR 16 TDI (FFFF);
RUNTEST 1000 TCK;
SDR 16 TDI (BEFF);
RUNTEST 1000 TCK;
SDR 16 TDI (7FFF);
RUNTEST 1000 TCK;
SDR 16 TDI (7F7F);
RUNTEST 1000 TCK;
SDR 16 TDI (EEFF);
RUNTEST 1000 TCK;
SDR 16 TDI (B7FF);
RUNTEST 1000 TCK;
SDR 16 TDI (BFFF);
RUNTEST 1000 TCK;
SDR 16 TDI (7FFF);
RUNTEST 1000 TCK;
SDR 16 TDI (FFFF);
RUNTEST 1000 TCK;
SDR 16 TDI (BFFF);
RUNTEST 1000 TCK;
SDR 16 TDI (FFFF);
RUNTEST 1000 TCK;
SDR 16 TDI (7FFF);
RUNTEST 1000 TCK;
SDR 16 TDI (FFFF);
RUNTEST 1000 TCK;
SDR 16 TDI (BFFF);
RUNTEST 1000 TCK;
SDR 16 TDI (FFFE);
RUNTEST 1000 TCK;
SDR 16 TDI (7FFF);
RUNTEST 1000 TCK;
SDR 16 TDI (FFFD);
RUNTEST 1000 TCK;
SDR 16 TDI (BFFF);
RUNTEST 1000 TCK;
SDR 16 TDI (FFFF);
RUNTEST 1000 TCK;
SDR 16 TDI (7FFD);
RUNTEST 1000 TCK;
SDR 16 TDI (FFFF);
RUNTEST 1000 TCK;
SDR 16 TDI (BDFF);
RUNTEST 1000 TCK;
SDR 16 TDI (BFFF);
RUNTEST 1000 TCK;
SDR 16 TDI (7FFF);
RUNTEST 1000 TCK;
SDR 16 TDI (FFFF);
RUNTEST 1000 TCK;
SDR 16 TDI (BFFF);
RUNTEST 1000 TCK;
SDR 16 TDI (FFFF);
RUNTEST 1000 TCK;
SDR 16 TDI (7FFF);
RUNTEST 1000 TCK;
SDR 16 TDI (FFFF);
RUNTEST 1000 TCK;
SDR 16 TDI (BFFF);
RUNTEST 1000 TCK;
SDR 16 TDI (FFFF);
RUNTEST 1000 TCK;
SDR 16 TDI (7FFF);
RUNTEST 1000 TCK;
SDR 16 TDI (FFFF);
RUNTEST 1000 TCK;
SDR 16 TDI (BFFF);
RUNTEST 1000 TCK;
SDR 16 TDI (FDFF);
RUNTEST 1000 TCK;
SDR 16 TDI (7F6F);
RUNTEST 1000 TCK;
SDR 16 TDI (FFBF);
RUNTEST 1000 TCK;
SDR 16 TDI (BFCB);
RUNTEST 1000 TCK;
SDR 16 TDI (FFFF);
RUNTEST 1000 TCK;
SDR 16 TDI (7FFF);
RUNTEST 1000 TCK;
SDR 16 TDI (FFFF);
RUNTEST 1000 TCK;
SDR 16 TDI (AFFF);
RUNTEST 1000 TCK;
SDR 16 TDI (FFFF);
RUNTEST 1000 TCK;
SDR 16 TDI (7FFF);
RUNTEST 1000 TCK;
SDR 16 TDI (FFFF);
RUNTEST 1000 TCK;
SDR 16 TDI (BFFF);
RUNTEST 1000 TCK;
SDR 16 TDI (FFFE);
RUNTEST 1000 TCK;
SDR 16 TDI (7FFF);
RUNTEST 1000 TCK;
SDR 16 TDI (FFFF);
RUNTEST 1000 TCK;
SDR 16 TDI (BFFF);
RUNTEST 1000 TCK;
SDR 16 TDI (FFFF);
RUNTEST 1000 TCK;
SDR 16 TDI (7FFF);
RUNTEST 1000 TCK;
SDR 16 TDI (FFFF);
RUNTEST 1000 TCK;
SDR 16 TDI (BBFF);
RUNTEST 1000 TCK;
SDR 16 TDI (FFFF);
RUNTEST 1000 TCK;
SDR 16 TDI (7DFF);
RUNTEST 1000 TCK;
SDR 16 TDI (FFFF);
RUNTEST 1000 TCK;
SDR 16 TDI (AFFF);
RUNTEST 1000 TCK;
SDR 16 TDI (FFFF);
RUNTEST 1000 TCK;
SDR 16 TDI (7FFF);
RUNTEST 1000 TCK;
SDR 16 TDI (FFFF);
RUNTEST 1000 TCK;
SDR 16 TDI (BFFF);
RUNTEST 1000 TCK;
SDR 16 TDI (FFFF);
RUNTEST 1000 TCK;
SDR 16 TDI (7FFF);
RUNTEST 1000 TCK;
SDR 16 TDI (FFFE);
RUNTEST 1000 TCK;
SDR 16 TDI (BFFF);
RUNTEST 1000 TCK;
SDR 16 TDI (FDFF);
RUNTEST 1000 TCK;
SDR 16 TDI (7F7E);
RUNTEST 1000 TCK;
SDR 16 TDI (FFFF);
RUNTEST 1000 TCK;
SDR 16 TDI (BFBF);
RUNTEST 1000 TCK;
SDR 16 TDI (DFFF);
RUNTEST 1000 TCK;
SDR 16 TDI (7DFF);
RUNTEST 1000 TCK;
SDR 16 TDI (FFFF);
RUNTEST 1000 TCK;
SDR 16 TDI (BFFF);
RUNTEST 1000 TCK;
SDR 16 TDI (FFFF);
RUNTEST 1000 TCK;
SDR 16 TDI (7FFF);
RUNTEST 1000 TCK;
SDR 16 TDI (FFFF);
RUNTEST 1000 TCK;
SDR 16 TDI (BFFF);
RUNTEST 1000 TCK;
SDR 16 TDI (FFFF);
RUNTEST 1000 TCK;
SDR 16 TDI (7FFF);
RUNTEST 1000 TCK;
SDR 16 TDI (FFFB);
RUNTEST 1000 TCK;
SDR 16 TDI (BFFF);
RUNTEST 1000 TCK;
SDR 16 TDI (FFDF);
RUNTEST 1000 TCK;
SDR 16 TDI (7DDF);
RUNTEST 1000 TCK;
SDR 16 TDI (DFFF);
RUNTEST 1000 TCK;
SDR 16 TDI (BF7E);
RUNTEST 1000 TCK;
SDR 16 TDI (FFFF);
RUNTEST 1000 TCK;
SDR 16 TDI (7FFF);
RUNTEST 1000 TCK;
SDR 16 TDI (FFFF);
RUNTEST 1000 TCK;
SDR 16 TDI (BFFF);
RUNTEST 1000 TCK;
SDR 16 TDI (FDFF);
RUNTEST 1000 TCK;
SDR 16 TDI (7FFF);
RUNTEST 1000 TCK;
SDR 16 TDI (FFFF);
RUNTEST 1000 TCK;
SDR 16 TDI (BFFF);
RUNTEST 1000 TCK;
SDR 16 TDI (FFFD);
RUNTEST 1000 TCK;
SDR 16 TDI (7FEF);
RUNTEST 1000 TCK;
SDR 16 TDI (FFFF);
RUNTEST 1000 TCK;
SDR 16 TDI (BFFF);
RUNTEST 1000 TCK;
SDR 16 TDI (FFFF);
RUNTEST 1000 TCK;
SDR 16 TDI (7FBE);
RUNTEST 1000 TCK;
SDR 16 TDI (FFDF);
RUNTEST 1000 TCK;
SDR 16 TDI (BFDF);
RUNTEST 1000 TCK;
SDR 16 TDI (FFFF);
RUNTEST 1000 TCK;
SDR 16 TDI (7FFF);
RUNTEST 1000 TCK;
SDR 16 TDI (FFFF);
RUNTEST 1000 TCK;
SDR 16 TDI (BFFF);
RUNTEST 1000 TCK;
SDR 16 TDI (FDFF);
RUNTEST 1000 TCK;
SDR 16 TDI (7FFF);
RUNTEST 1000 TCK;
SDR 16 TDI (FFFF);
RUNTEST 1000 TCK;
SDR 16 TDI (BFFF);
RUNTEST 1000 TCK;
SDR 16 TDI (FFFE);
RUNTEST 1000 TCK;
SDR 16 TDI (7FF7);
RUNTEST 1000 TCK;
SDR 16 TDI (EFF7);
RUNTEST 1000 TCK;
SDR 16 TDI (BFDF);
RUNTEST 1000 TCK;
SDR 16 TDI (FFFB);
RUNTEST 1000 TCK;
SDR 16 TDI (7FFD);
RUNTEST 1000 TCK;
SDR 16 TDI (DFFF);
RUNTEST 1000 TCK;
SDR 16 TDI (BBEB);
RUNTEST 1000 TCK;
SDR 16 TDI (FFFF);
RUNTEST 1000 TCK;
SDR 16 TDI (7FFF);
RUNTEST 1000 TCK;
SDR 16 TDI (FFFF);
RUNTEST 1000 TCK;
SDR 16 TDI (BFFF);
RUNTEST 1000 TCK;
SDR 16 TDI (FFFF);
RUNTEST 1000 TCK;
SDR 16 TDI (7FFF);
RUNTEST 1000 TCK;
SDR 16 TDI (FFFF);
RUNTEST 1000 TCK;
SDR 16 TDI (BFFF);
RUNTEST 1000 TCK;
SDR 16 TDI (FFFF);
RUNTEST 1000 TCK;
SDR 16 TDI (7FFF);
RUNTEST 1000 TCK;
SDR 16 TDI (FFFF);
RUNTEST 1000 TCK;
SDR 16 TDI (BFFF);
RUNTEST 1000 TCK;
SDR 16 TDI (FFBF);
RUNTEST 1000 TCK;
SDR 16 TDI (7E5F);
RUNTEST 1000 TCK;
SDR 16 TDI (FFDF);
RUNTEST 1000 TCK;
SDR 16 TDI (BEDE);
RUNTEST 1000 TCK;
SDR 16 TDI (FFFF);
RUNTEST 1000 TCK;
SDR 16 TDI (7FFF);
RUNTEST 1000 TCK;
SDR 16 TDI (FFFF);
RUNTEST 1000 TCK;
SDR 16 TDI (BFFF);
RUNTEST 1000 TCK;
SDR 16 TDI (FFFF);
RUNTEST 1000 TCK;
SDR 16 TDI (7FFF);
RUNTEST 1000 TCK;
SDR 16 TDI (FFFF);
RUNTEST 1000 TCK;
SDR 16 TDI (BFFF);
RUNTEST 1000 TCK;
SDR 16 TDI (FFFF);
RUNTEST 1000 TCK;
SDR 16 TDI (7FFF);
RUNTEST 1000 TCK;
SDR 16 TDI (EDFD);
RUNTEST 1000 TCK;
SDR 16 TDI (AFFF);
RUNTEST 1000 TCK;
SDR 16 TDI (FBFF);
RUNTEST 1000 TCK;
SDR 16 TDI (7FDF);
RUNTEST 1000 TCK;
SDR 16 TDI (FFFF);
RUNTEST 1000 TCK;
SDR 16 TDI (BFFE);
RUNTEST 1000 TCK;
SDR 16 TDI (DFDF);
RUNTEST 1000 TCK;
SDR 16 TDI (7FFF);
RUNTEST 1000 TCK;
SDR 16 TDI (FFFF);
RUNTEST 1000 TCK;
SDR 16 TDI (BFFF);
RUNTEST 1000 TCK;
SDR 16 TDI (FFFF);
RUNTEST 1000 TCK;
SDR 16 TDI (7FFF);
RUNTEST 1000 TCK;
SDR 16 TDI (FFFF);
RUNTEST 1000 TCK;
SDR 16 TDI (BFFF);
RUNTEST 1000 TCK;
SDR 16 TDI (FFFF);
RUNTEST 1000 TCK;
SDR 16 TDI (7FFF);
RUNTEST 1000 TCK;
SDR 16 TDI (EBFF);
RUNTEST 1000 TCK;
SDR 16 TDI (BFBF);
RUNTEST 1000 TCK;
SDR 16 TDI (FFF7);
RUNTEST 1000 TCK;
SDR 16 TDI (7FF7);
RUNTEST 1000 TCK;
SDR 16 TDI (9FDF);
RUNTEST 1000 TCK;
SDR 16 TDI (BFDF);
RUNTEST 1000 TCK;
SDR 16 TDI (FD7F);
RUNTEST 1000 TCK;
SDR 16 TDI (7FFF);
RUNTEST 1000 TCK;
SDR 16 TDI (FFFF);
RUNTEST 1000 TCK;
SDR 16 TDI (BFFF);
RUNTEST 1000 TCK;
SDR 16 TDI (FFFF);
RUNTEST 1000 TCK;
SDR 16 TDI (7FFF);
RUNTEST 1000 TCK;
SDR 16 TDI (FFFF);
RUNTEST 1000 TCK;
SDR 16 TDI (BFFF);
RUNTEST 1000 TCK;
SDR 16 TDI (FFFF);
RUNTEST 1000 TCK;
SDR 16 TDI (7FFF);
RUNTEST 1000 TCK;
SDR 16 TDI (FFFF);
RUNTEST 1000 TCK;
SDR 16 TDI (BFBF);
RUNTEST 1000 TCK;
SDR 16 TDI (FFFF);
RUNTEST 1000 TCK;
SDR 16 TDI (7F97);
RUNTEST 1000 TCK;
SDR 16 TDI (5FDF);
RUNTEST 1000 TCK;
SDR 16 TDI (BFFF);
RUNTEST 1000 TCK;
SDR 16 TDI (DFDF);
RUNTEST 1000 TCK;
SDR 16 TDI (7FFF);
RUNTEST 1000 TCK;
SDR 16 TDI (FFFF);
RUNTEST 1000 TCK;
SDR 16 TDI (BFFF);
RUNTEST 1000 TCK;
SDR 16 TDI (FFFF);
RUNTEST 1000 TCK;
SDR 16 TDI (7FFF);
RUNTEST 1000 TCK;
SDR 16 TDI (FFFF);
RUNTEST 1000 TCK;
SDR 16 TDI (BFFF);
RUNTEST 1000 TCK;
SDR 16 TDI (FFFF);
RUNTEST 1000 TCK;
SDR 16 TDI (7FFF);
RUNTEST 1000 TCK;
SDR 16 TDI (F5FE);
RUNTEST 1000 TCK;
SDR 16 TDI (AFFF);
RUNTEST 1000 TCK;
SDR 16 TDI (FBF7);
RUNTEST 1000 TCK;
SDR 16 TDI (7FFF);
RUNTEST 1000 TCK;
SDR 16 TDI (FFFF);
RUNTEST 1000 TCK;
SDR 16 TDI (BFBE);
RUNTEST 1000 TCK;
SDR 16 TDI (FAFF);
RUNTEST 1000 TCK;
SDR 16 TDI (7FFF);
RUNTEST 1000 TCK;
SDR 16 TDI (FFFF);
RUNTEST 1000 TCK;
SDR 16 TDI (A55F);
RUNTEST 1000 TCK;
SDR 16 TDI (FFFF);
RUNTEST 1000 TCK;
SDR 16 TDI (7FFF);
RUNTEST 1000 TCK;
SDR 16 TDI (FFFF);
RUNTEST 1000 TCK;
SDR 16 TDI (BFFF);
RUNTEST 1000 TCK;
SDR 16 TDI (FFFF);
RUNTEST 1000 TCK;
SDR 16 TDI (7FFF);
RUNTEST 1000 TCK;
SDR 16 TDI (FFFF);
RUNTEST 1000 TCK;
SDR 16 TDI (BFBF);
RUNTEST 1000 TCK;
SDR 16 TDI (FFBF);
RUNTEST 1000 TCK;
SDR 16 TDI (7FFF);
RUNTEST 1000 TCK;
SDR 16 TDI (FEDF);
RUNTEST 1000 TCK;
SDR 16 TDI (BFFB);
RUNTEST 1000 TCK;
SDR 16 TDI (FFF5);
RUNTEST 1000 TCK;
SDR 16 TDI (6DFF);
RUNTEST 1000 TCK;
SDR 16 TDI (FFFF);
RUNTEST 1000 TCK;
SDR 16 TDI (AFFF);
RUNTEST 1000 TCK;
SDR 16 TDI (FFFF);
RUNTEST 1000 TCK;
SDR 16 TDI (7FFF);
RUNTEST 1000 TCK;
SDR 16 TDI (FFFF);
RUNTEST 1000 TCK;
SDR 16 TDI (BFFF);
RUNTEST 1000 TCK;
SDR 16 TDI (FFFF);
RUNTEST 1000 TCK;
SDR 16 TDI (7FFF);
RUNTEST 1000 TCK;
SDR 16 TDI (FFFF);
RUNTEST 1000 TCK;
SDR 16 TDI (BFFD);
RUNTEST 1000 TCK;
SDR 16 TDI (FFF7);
RUNTEST 1000 TCK;
SDR 16 TDI (79F7);
RUNTEST 1000 TCK;
SDR 16 TDI (E7FF);
RUNTEST 1000 TCK;
SDR 16 TDI (BFAF);
RUNTEST 1000 TCK;
SDR 16 TDI (F5FF);
RUNTEST 1000 TCK;
SDR 16 TDI (75FF);
RUNTEST 1000 TCK;
SDR 16 TDI (FFFF);
RUNTEST 1000 TCK;
SDR 16 TDI (A55F);
RUNTEST 1000 TCK;
SDR 16 TDI (FFFF);
RUNTEST 1000 TCK;
SDR 16 TDI (7FFF);
RUNTEST 1000 TCK;
SDR 16 TDI (FFFF);
RUNTEST 1000 TCK;
SDR 16 TDI (BFFF);
RUNTEST 1000 TCK;
SDR 16 TDI (FFFF);
RUNTEST 1000 TCK;
SDR 16 TDI (7FFF);
RUNTEST 1000 TCK;
SDR 16 TDI (FFFF);
RUNTEST 1000 TCK;
SDR 16 TDI (BFFF);
RUNTEST 1000 TCK;
SDR 16 TDI (FDFB);
RUNTEST 1000 TCK;
SDR 16 TDI (7FD9);
RUNTEST 1000 TCK;
SDR 16 TDI (FBFF);
RUNTEST 1000 TCK;
SDR 16 TDI (BDFE);
RUNTEST 1000 TCK;
SDR 16 TDI (BFF5);
RUNTEST 1000 TCK;
SDR 16 TDI (6DFF);
RUNTEST 1000 TCK;
SDR 16 TDI (FFFF);
RUNTEST 1000 TCK;
SDR 16 TDI (AAAF);
RUNTEST 1000 TCK;
SDR 16 TDI (FFFF);
RUNTEST 1000 TCK;
SDR 16 TDI (7FFF);
RUNTEST 1000 TCK;
SDR 16 TDI (FFFF);
RUNTEST 1000 TCK;
SDR 16 TDI (BFFF);
RUNTEST 1000 TCK;
SDR 16 TDI (FFFF);
RUNTEST 1000 TCK;
SDR 16 TDI (7FFF);
RUNTEST 1000 TCK;
SDR 16 TDI (FFFF);
RUNTEST 1000 TCK;
SDR 16 TDI (BEDF);
RUNTEST 1000 TCK;
SDR 16 TDI (F5DF);
RUNTEST 1000 TCK;
SDR 16 TDI (6EDF);
RUNTEST 1000 TCK;
SDR 16 TDI (FFFF);
RUNTEST 1000 TCK;
SDR 16 TDI (BEFF);
RUNTEST 1000 TCK;
SDR 16 TDI (FF6E);
RUNTEST 1000 TCK;
SDR 16 TDI (79FF);
RUNTEST 1000 TCK;
SDR 16 TDI (FFFF);
RUNTEST 1000 TCK;
SDR 16 TDI (BFFF);
RUNTEST 1000 TCK;
SDR 16 TDI (FFFF);
RUNTEST 1000 TCK;
SDR 16 TDI (7FFF);
RUNTEST 1000 TCK;
SDR 16 TDI (FFFF);
RUNTEST 1000 TCK;
SDR 16 TDI (BFFF);
RUNTEST 1000 TCK;
SDR 16 TDI (FFFF);
RUNTEST 1000 TCK;
SDR 16 TDI (7FFF);
RUNTEST 1000 TCK;
SDR 16 TDI (FFFF);
RUNTEST 1000 TCK;
SDR 16 TDI (BFFF);
RUNTEST 1000 TCK;
SDR 16 TDI (FFEF);
RUNTEST 1000 TCK;
SDR 16 TDI (7FBE);
RUNTEST 1000 TCK;
SDR 16 TDI (AEFF);
RUNTEST 1000 TCK;
SDR 16 TDI (BFFF);
RUNTEST 1000 TCK;
SDR 16 TDI (EFFF);
RUNTEST 1000 TCK;
SDR 16 TDI (7FFF);
RUNTEST 1000 TCK;
SDR 16 TDI (FFFF);
RUNTEST 1000 TCK;
SDR 16 TDI (BFFF);
RUNTEST 1000 TCK;
SDR 16 TDI (FFFF);
RUNTEST 1000 TCK;
SDR 16 TDI (7FFF);
RUNTEST 1000 TCK;
SDR 16 TDI (FFFF);
RUNTEST 1000 TCK;
SDR 16 TDI (BFFF);
RUNTEST 1000 TCK;
SDR 16 TDI (FFFF);
RUNTEST 1000 TCK;
SDR 16 TDI (7FFF);
RUNTEST 1000 TCK;
SDR 16 TDI (FFFF);
RUNTEST 1000 TCK;
SDR 16 TDI (BEFF);
RUNTEST 1000 TCK;
SDR 16 TDI (BFFF);
RUNTEST 1000 TCK;
SDR 16 TDI (6BBF);
RUNTEST 1000 TCK;
SDR 16 TDI (BFEE);
RUNTEST 1000 TCK;
SDR 16 TDI (BEFF);
RUNTEST 1000 TCK;
SDR 16 TDI (FF7F);
RUNTEST 1000 TCK;
SDR 16 TDI (7FFF);
RUNTEST 1000 TCK;
SDR 16 TDI (FFFF);
RUNTEST 1000 TCK;
SDR 16 TDI (BFFF);
RUNTEST 1000 TCK;
SDR 16 TDI (FFFF);
RUNTEST 1000 TCK;
SDR 16 TDI (7FFF);
RUNTEST 1000 TCK;
SDR 16 TDI (FFFF);
RUNTEST 1000 TCK;
SDR 16 TDI (BFFF);
RUNTEST 1000 TCK;
SDR 16 TDI (FFFF);
RUNTEST 1000 TCK;
SDR 16 TDI (7FFF);
RUNTEST 1000 TCK;
SDR 16 TDI (FFFF);
RUNTEST 1000 TCK;
SDR 16 TDI (BF3B);
RUNTEST 1000 TCK;
SDR 16 TDI (A9AE);
RUNTEST 1000 TCK;
SDR 16 TDI (7F7F);
RUNTEST 1000 TCK;
SDR 16 TDI (FDCF);
RUNTEST 1000 TCK;
SDR 16 TDI (BFD7);
RUNTEST 1000 TCK;
SDR 16 TDI (F6FF);
RUNTEST 1000 TCK;
SDR 16 TDI (7FFF);
RUNTEST 1000 TCK;
SDR 16 TDI (FFFF);
RUNTEST 1000 TCK;
SDR 16 TDI (BAAF);
RUNTEST 1000 TCK;
SDR 16 TDI (FFFF);
RUNTEST 1000 TCK;
SDR 16 TDI (7FFF);
RUNTEST 1000 TCK;
SDR 16 TDI (FFFF);
RUNTEST 1000 TCK;
SDR 16 TDI (BFFF);
RUNTEST 1000 TCK;
SDR 16 TDI (FFFF);
RUNTEST 1000 TCK;
SDR 16 TDI (7FFF);
RUNTEST 1000 TCK;
SDR 16 TDI (FFFF);
RUNTEST 1000 TCK;
SDR 16 TDI (BFDF);
RUNTEST 1000 TCK;
SDR 16 TDI (FFDF);
RUNTEST 1000 TCK;
SDR 16 TDI (71CF);
RUNTEST 1000 TCK;
SDR 16 TDI (1FFF);
RUNTEST 1000 TCK;
SDR 16 TDI (BE7E);
RUNTEST 1000 TCK;
SDR 16 TDI (FD7F);
RUNTEST 1000 TCK;
SDR 16 TDI (7FFF);
RUNTEST 1000 TCK;
SDR 16 TDI (FFFF);
RUNTEST 1000 TCK;
SDR 16 TDI (BFFF);
RUNTEST 1000 TCK;
SDR 16 TDI (FFFF);
RUNTEST 1000 TCK;
SDR 16 TDI (7FFF);
RUNTEST 1000 TCK;
SDR 16 TDI (FFFF);
RUNTEST 1000 TCK;
SDR 16 TDI (BFFF);
RUNTEST 1000 TCK;
SDR 16 TDI (FFFF);
RUNTEST 1000 TCK;
SDR 16 TDI (7FFF);
RUNTEST 1000 TCK;
SDR 16 TDI (FFFF);
RUNTEST 1000 TCK;
SDR 16 TDI (BEFF);
RUNTEST 1000 TCK;
SDR 16 TDI (FFF5);
RUNTEST 1000 TCK;
SDR 16 TDI (6EB0);
RUNTEST 1000 TCK;
SDR 16 TDI (E2FE);
RUNTEST 1000 TCK;
SDR 16 TDI (BDFD);
RUNTEST 1000 TCK;
SDR 16 TDI (CFFF);
RUNTEST 1000 TCK;
SDR 16 TDI (7FFF);
RUNTEST 1000 TCK;
SDR 16 TDI (FFFF);
RUNTEST 1000 TCK;
SDR 16 TDI (A55F);
RUNTEST 1000 TCK;
SDR 16 TDI (FFFF);
RUNTEST 1000 TCK;
SDR 16 TDI (7FDF);
RUNTEST 1000 TCK;
SDR 16 TDI (FFFF);
RUNTEST 1000 TCK;
SDR 16 TDI (BFFF);
RUNTEST 1000 TCK;
SDR 16 TDI (FFEF);
RUNTEST 1000 TCK;
SDR 16 TDI (7FFF);
RUNTEST 1000 TCK;
SDR 16 TDI (FFFF);
RUNTEST 1000 TCK;
SDR 16 TDI (BE1F);
RUNTEST 1000 TCK;
SDR 16 TDI (5E06);
RUNTEST 1000 TCK;
SDR 16 TDI (6CC4);
RUNTEST 1000 TCK;
SDR 16 TDI (883F);
RUNTEST 1000 TCK;
SDR 16 TDI (B600);
RUNTEST 1000 TCK;
SDR 16 TDI (0074);
RUNTEST 1000 TCK;
SDR 16 TDI (79FF);
RUNTEST 1000 TCK;
SDR 16 TDI (FFFF);
RUNTEST 1000 TCK;
SDR 16 TDI (AFFF);
RUNTEST 1000 TCK;
SDR 16 TDI (FFFF);
RUNTEST 1000 TCK;
SDR 16 TDI (7FBF);
RUNTEST 1000 TCK;
SDR 16 TDI (FFFF);
RUNTEST 1000 TCK;
SDR 16 TDI (BFFF);
RUNTEST 1000 TCK;
SDR 16 TDI (FFDF);
RUNTEST 1000 TCK;
SDR 16 TDI (7FFF);
RUNTEST 1000 TCK;
SDR 16 TDI (FFFF);
RUNTEST 1000 TCK;
SDR 16 TDI (BF5F);
RUNTEST 1000 TCK;
SDR 16 TDI (DE0C);
RUNTEST 1000 TCK;
SDR 16 TDI (6044);
RUNTEST 1000 TCK;
SDR 16 TDI (A839);
RUNTEST 1000 TCK;
SDR 16 TDI (BA78);
RUNTEST 1000 TCK;
SDR 16 TDI (767F);
RUNTEST 1000 TCK;
SDR 16 TDI (75FF);
RUNTEST 1000 TCK;
SDR 16 TDI (FFFF);
RUNTEST 1000 TCK;
SDR 16 TDI (B55F);
RUNTEST 1000 TCK;
SDR 16 TDI (FFFF);
RUNTEST 1000 TCK;
SDR 16 TDI (7FFF);
RUNTEST 1000 TCK;
SDR 16 TDI (FFFF);
RUNTEST 1000 TCK;
SDR 16 TDI (BFFF);
RUNTEST 1000 TCK;
SDR 16 TDI (FFFF);
RUNTEST 1000 TCK;
SDR 16 TDI (7FFF);
RUNTEST 1000 TCK;
SDR 16 TDI (FFFF);
RUNTEST 1000 TCK;
SDR 16 TDI (BE1F);
RUNTEST 1000 TCK;
SDR 16 TDI (BF8E);
RUNTEST 1000 TCK;
SDR 16 TDI (6EFF);
RUNTEST 1000 TCK;
SDR 16 TDI (C80F);
RUNTEST 1000 TCK;
SDR 16 TDI (BE03);
RUNTEST 1000 TCK;
SDR 16 TDI (0274);
RUNTEST 1000 TCK;
SDR 16 TDI (7FFF);
RUNTEST 1000 TCK;
SDR 16 TDI (FFFF);
RUNTEST 1000 TCK;
SDR 16 TDI (BFFF);
RUNTEST 1000 TCK;
SDR 16 TDI (FFFF);
RUNTEST 1000 TCK;
SDR 16 TDI (7FFF);
RUNTEST 1000 TCK;
SDR 16 TDI (FFFF);
RUNTEST 1000 TCK;
SDR 16 TDI (BFFF);
RUNTEST 1000 TCK;
SDR 16 TDI (FFFF);
RUNTEST 1000 TCK;
SDR 16 TDI (7FFF);
RUNTEST 1000 TCK;
SDR 16 TDI (FFFF);
RUNTEST 1000 TCK;
SDR 16 TDI (BF9F);
RUNTEST 1000 TCK;
SDR 16 TDI (BF8F);
RUNTEST 1000 TCK;
SDR 16 TDI (7664);
RUNTEST 1000 TCK;
SDR 16 TDI (DF0F);
RUNTEST 1000 TCK;
SDR 16 TDI (BE03);
RUNTEST 1000 TCK;
SDR 16 TDI (066F);
RUNTEST 1000 TCK;
SDR 16 TDI (7FFF);
RUNTEST 1000 TCK;
SDR 16 TDI (FFFF);
RUNTEST 1000 TCK;
SDR 16 TDI (BFFF);
RUNTEST 1000 TCK;
SDR 16 TDI (3333);
RUNTEST 1000 TCK;
SDR 16 TDI (63E6);
RUNTEST 1000 TCK;
SDR 16 TDI (6667);
RUNTEST 1000 TCK;
SDR 16 TDI (B333);
RUNTEST 1000 TCK;
SDR 16 TDI (31F3);
RUNTEST 1000 TCK;
SDR 16 TDI (6666);
RUNTEST 1000 TCK;
SDR 16 TDI (7CCC);
RUNTEST 1000 TCK;
SDR 16 TDI (B98F);
RUNTEST 1000 TCK;
SDR 16 TDI (BB9D);
RUNTEST 1000 TCK;
SDR 16 TDI (73CE);
RUNTEST 1000 TCK;
SDR 16 TDI (EE07);
RUNTEST 1000 TCK;
SDR 16 TDI (BC81);
RUNTEST 1000 TCK;
SDR 16 TDI (CCFD);
RUNTEST 1000 TCK;
SDR 16 TDI (7FFF);
RUNTEST 1000 TCK;
SDR 16 TDI (FFFF);
RUNTEST 1000 TCK;
SDR 16 TDI (BFFF);
RUNTEST 1000 TCK;
SDR 16 TDI (7777);
RUNTEST 1000 TCK;
SDR 16 TDI (6957);
RUNTEST 1000 TCK;
SDR 16 TDI (7777);
RUNTEST 1000 TCK;
SDR 16 TDI (B777);
RUNTEST 1000 TCK;
SDR 16 TDI (74AB);
RUNTEST 1000 TCK;
SDR 16 TDI (7777);
RUNTEST 1000 TCK;
SDR 16 TDI (7DDD);
RUNTEST 1000 TCK;
SDR 16 TDI (BBA5);
RUNTEST 1000 TCK;
SDR 16 TDI (19D9);
RUNTEST 1000 TCK;
SDR 16 TDI (7BCC);
RUNTEST 1000 TCK;
SDR 16 TDI (CCCA);
RUNTEST 1000 TCK;
SDR 16 TDI (B59C);
RUNTEST 1000 TCK;
SDR 16 TDI (DDEB);
RUNTEST 1000 TCK;
SDR 16 TDI (7FFF);
RUNTEST 1000 TCK;
SDR 16 TDI (FFFF);
RUNTEST 1000 TCK;
SDR 16 TDI (BFFF);
RUNTEST 1000 TCK;
SDR 16 TDI (FFFF);
RUNTEST 1000 TCK;
SDR 16 TDI (7FDF);
RUNTEST 1000 TCK;
SDR 16 TDI (FFFF);
RUNTEST 1000 TCK;
SDR 16 TDI (BFFF);
RUNTEST 1000 TCK;
SDR 16 TDI (FFEF);
RUNTEST 1000 TCK;
SDR 16 TDI (7FFF);
RUNTEST 1000 TCK;
SDR 16 TDI (FFFF);
RUNTEST 1000 TCK;
SDR 16 TDI (BFDF);
RUNTEST 1000 TCK;
SDR 16 TDI (7FBF);
RUNTEST 1000 TCK;
SDR 16 TDI (7FFF);
RUNTEST 1000 TCK;
SDR 16 TDI (FF7F);
RUNTEST 1000 TCK;
SDR 16 TDI (B7F3);
RUNTEST 1000 TCK;
SDR 16 TDI (FBFF);
RUNTEST 1000 TCK;
SDR 16 TDI (7FFF);
RUNTEST 1000 TCK;
SDR 16 TDI (FFFF);
RUNTEST 1000 TCK;
SDR 16 TDI (BFFF);
RUNTEST 1000 TCK;
SDR 16 TDI (FFFF);
RUNTEST 1000 TCK;
SDR 16 TDI (7FFF);
RUNTEST 1000 TCK;
SDR 16 TDI (FFFF);
RUNTEST 1000 TCK;
SDR 16 TDI (BFFF);
RUNTEST 1000 TCK;
SDR 16 TDI (FFFF);
RUNTEST 1000 TCK;
SDR 16 TDI (7FFF);
RUNTEST 1000 TCK;
SDR 16 TDI (FFFD);
RUNTEST 1000 TCK;
SDR 16 TDI (BFFF);
RUNTEST 1000 TCK;
SDR 16 TDI (FEF7);
RUNTEST 1000 TCK;
SDR 16 TDI (7BFF);
RUNTEST 1000 TCK;
SDR 16 TDI (FF7F);
RUNTEST 1000 TCK;
SDR 16 TDI (BFFF);
RUNTEST 1000 TCK;
SDR 16 TDI (F7FF);
RUNTEST 1000 TCK;
SDR 16 TDI (7FFF);
RUNTEST 1000 TCK;
SDR 16 TDI (FFFF);
RUNTEST 1000 TCK;
SDR 16 TDI (BFFF);
RUNTEST 1000 TCK;
SDR 16 TDI (FFFF);
RUNTEST 1000 TCK;
SDR 16 TDI (7FFF);
RUNTEST 1000 TCK;
SDR 16 TDI (FFFF);
RUNTEST 1000 TCK;
SDR 16 TDI (BFFF);
RUNTEST 1000 TCK;
SDR 16 TDI (FFFF);
RUNTEST 1000 TCK;
SDR 16 TDI (7FFF);
RUNTEST 1000 TCK;
SDR 16 TDI (FDFB);
RUNTEST 1000 TCK;
SDR 16 TDI (B7FF);
RUNTEST 1000 TCK;
SDR 16 TDI (EFDF);
RUNTEST 1000 TCK;
SDR 16 TDI (7FD7);
RUNTEST 1000 TCK;
SDR 16 TDI (FFFF);
RUNTEST 1000 TCK;
SDR 16 TDI (BAF7);
RUNTEST 1000 TCK;
SDR 16 TDI (BBFF);
RUNTEST 1000 TCK;
SDR 16 TDI (7FFF);
RUNTEST 1000 TCK;
SDR 16 TDI (FFFF);
RUNTEST 1000 TCK;
SDR 16 TDI (AFFF);
RUNTEST 1000 TCK;
SDR 16 TDI (FFFF);
RUNTEST 1000 TCK;
SDR 16 TDI (7FFF);
RUNTEST 1000 TCK;
SDR 16 TDI (FFFF);
RUNTEST 1000 TCK;
SDR 16 TDI (BFFF);
RUNTEST 1000 TCK;
SDR 16 TDI (FFFF);
RUNTEST 1000 TCK;
SDR 16 TDI (7FFF);
RUNTEST 1000 TCK;
SDR 16 TDI (FFFF);
RUNTEST 1000 TCK;
SDR 16 TDI (BFFF);
RUNTEST 1000 TCK;
SDR 16 TDI (FFF7);
RUNTEST 1000 TCK;
SDR 16 TDI (7FFF);
RUNTEST 1000 TCK;
SDR 16 TDI (FFFF);
RUNTEST 1000 TCK;
SDR 16 TDI (BFFF);
RUNTEST 1000 TCK;
SDR 16 TDI (F7FF);
RUNTEST 1000 TCK;
SDR 16 TDI (7DFF);
RUNTEST 1000 TCK;
SDR 16 TDI (FFFF);
RUNTEST 1000 TCK;
SDR 16 TDI (AFFF);
RUNTEST 1000 TCK;
SDR 16 TDI (FFFF);
RUNTEST 1000 TCK;
SDR 16 TDI (7FFF);
RUNTEST 1000 TCK;
SDR 16 TDI (FFFF);
RUNTEST 1000 TCK;
SDR 16 TDI (BFFF);
RUNTEST 1000 TCK;
SDR 16 TDI (FFFF);
RUNTEST 1000 TCK;
SDR 16 TDI (7FFF);
RUNTEST 1000 TCK;
SDR 16 TDI (FDFD);
RUNTEST 1000 TCK;
SDR 16 TDI (BFFF);
RUNTEST 1000 TCK;
SDR 16 TDI (FF5F);
RUNTEST 1000 TCK;
SDR 16 TDI (77E7);
RUNTEST 1000 TCK;
SDR 16 TDI (FFBF);
RUNTEST 1000 TCK;
SDR 16 TDI (BFF7);
RUNTEST 1000 TCK;
SDR 16 TDI (FFFF);
RUNTEST 1000 TCK;
SDR 16 TDI (7DFF);
RUNTEST 1000 TCK;
SDR 16 TDI (FFFF);
RUNTEST 1000 TCK;
SDR 16 TDI (BFFF);
RUNTEST 1000 TCK;
SDR 16 TDI (BFFF);
RUNTEST 1000 TCK;
SDR 16 TDI (7FFF);
RUNTEST 1000 TCK;
SDR 16 TDI (FFFF);
RUNTEST 1000 TCK;
SDR 16 TDI (BFFF);
RUNTEST 1000 TCK;
SDR 16 TDI (FFFF);
RUNTEST 1000 TCK;
SDR 16 TDI (7FFF);
RUNTEST 1000 TCK;
SDR 16 TDI (FFFF);
RUNTEST 1000 TCK;
SDR 16 TDI (BFFF);
RUNTEST 1000 TCK;
SDR 16 TDI (FFFF);
RUNTEST 1000 TCK;
SDR 16 TDI (7FEF);
RUNTEST 1000 TCK;
SDR 16 TDI (FFFF);
RUNTEST 1000 TCK;
SDR 16 TDI (BF6F);
RUNTEST 1000 TCK;
SDR 16 TDI (DFFF);
RUNTEST 1000 TCK;
SDR 16 TDI (7FFF);
RUNTEST 1000 TCK;
SDR 16 TDI (FFFF);
RUNTEST 1000 TCK;
SDR 16 TDI (BFFF);
RUNTEST 1000 TCK;
SDR 16 TDI (FFFF);
RUNTEST 1000 TCK;
SDR 16 TDI (7FFF);
RUNTEST 1000 TCK;
SDR 16 TDI (FFFF);
RUNTEST 1000 TCK;
SDR 16 TDI (BFFF);
RUNTEST 1000 TCK;
SDR 16 TDI (FFFF);
RUNTEST 1000 TCK;
SDR 16 TDI (7FFF);
RUNTEST 1000 TCK;
SDR 16 TDI (FFFF);
RUNTEST 1000 TCK;
SDR 16 TDI (BFFF);
RUNTEST 1000 TCK;
SDR 16 TDI (FFFF);
RUNTEST 1000 TCK;
SDR 16 TDI (7FF7);
RUNTEST 1000 TCK;
SDR 16 TDI (F7FF);
RUNTEST 1000 TCK;
SDR 16 TDI (BFFF);
RUNTEST 1000 TCK;
SDR 16 TDI (FFFF);
RUNTEST 1000 TCK;
SDR 16 TDI (7FFF);
RUNTEST 1000 TCK;
SDR 16 TDI (FFFF);
RUNTEST 1000 TCK;
SDR 16 TDI (BFFF);
RUNTEST 1000 TCK;
SDR 16 TDI (FFFF);
RUNTEST 1000 TCK;
SDR 16 TDI (7FFF);
RUNTEST 1000 TCK;
SDR 16 TDI (FFFF);
RUNTEST 1000 TCK;
SDR 16 TDI (BFFF);
RUNTEST 1000 TCK;
SDR 16 TDI (FFFF);
RUNTEST 1000 TCK;
SDR 16 TDI (7FFF);
RUNTEST 1000 TCK;
SDR 16 TDI (EFFF);
RUNTEST 1000 TCK;
SDR 16 TDI (BFFF);
RUNTEST 1000 TCK;
SDR 16 TDI (FFFF);
RUNTEST 1000 TCK;
SDR 16 TDI (7FFF);
RUNTEST 1000 TCK;
SDR 16 TDI (E6FF);
RUNTEST 1000 TCK;
SDR 16 TDI (BF37);
RUNTEST 1000 TCK;
SDR 16 TDI (FBFF);
RUNTEST 1000 TCK;
SDR 16 TDI (7FFF);
RUNTEST 1000 TCK;
SDR 16 TDI (FFFF);
RUNTEST 1000 TCK;
SDR 16 TDI (BFFF);
RUNTEST 1000 TCK;
SDR 16 TDI (BFFF);
RUNTEST 1000 TCK;
SDR 16 TDI (7FFF);
RUNTEST 1000 TCK;
SDR 16 TDI (FFFF);
RUNTEST 1000 TCK;
SDR 16 TDI (BFFF);
RUNTEST 1000 TCK;
SDR 16 TDI (FFFF);
RUNTEST 1000 TCK;
SDR 16 TDI (7FFF);
RUNTEST 1000 TCK;
SDR 16 TDI (FFFF);
RUNTEST 1000 TCK;
SDR 16 TDI (BFFF);
RUNTEST 1000 TCK;
SDR 16 TDI (FFFF);
RUNTEST 1000 TCK;
SDR 16 TDI (7FEB);
RUNTEST 1000 TCK;
SDR 16 TDI (FFFF);
RUNTEST 1000 TCK;
SDR 16 TDI (BFFF);
RUNTEST 1000 TCK;
SDR 16 TDI (BFFF);
RUNTEST 1000 TCK;
SDR 16 TDI (7FFF);
RUNTEST 1000 TCK;
SDR 16 TDI (FFFF);
RUNTEST 1000 TCK;
SDR 16 TDI (BFFF);
RUNTEST 1000 TCK;
SDR 16 TDI (FFFF);
RUNTEST 1000 TCK;
SDR 16 TDI (7FFF);
RUNTEST 1000 TCK;
SDR 16 TDI (FFFF);
RUNTEST 1000 TCK;
SDR 16 TDI (BFFF);
RUNTEST 1000 TCK;
SDR 16 TDI (FFFF);
RUNTEST 1000 TCK;
SDR 16 TDI (7FFF);
RUNTEST 1000 TCK;
SDR 16 TDI (EFFF);
RUNTEST 1000 TCK;
SDR 16 TDI (BFFF);
RUNTEST 1000 TCK;
SDR 16 TDI (FFBD);
RUNTEST 1000 TCK;
SDR 16 TDI (7FAF);
RUNTEST 1000 TCK;
SDR 16 TDI (FFFF);
RUNTEST 1000 TCK;
SDR 16 TDI (BFFF);
RUNTEST 1000 TCK;
SDR 16 TDI (FEBF);
RUNTEST 1000 TCK;
SDR 16 TDI (7FFF);
RUNTEST 1000 TCK;
SDR 16 TDI (FFFF);
RUNTEST 1000 TCK;
SDR 16 TDI (BFFF);
RUNTEST 1000 TCK;
SDR 16 TDI (FFFF);
RUNTEST 1000 TCK;
SDR 16 TDI (7FFF);
RUNTEST 1000 TCK;
SDR 16 TDI (FFFF);
RUNTEST 1000 TCK;
SDR 16 TDI (BFFF);
RUNTEST 1000 TCK;
SDR 16 TDI (FFFF);
RUNTEST 1000 TCK;
SDR 16 TDI (7FFF);
RUNTEST 1000 TCK;
SDR 16 TDI (EFFF);
RUNTEST 1000 TCK;
SDR 16 TDI (BFBF);
RUNTEST 1000 TCK;
SDR 16 TDI (FFFF);
RUNTEST 1000 TCK;
SDR 16 TDI (7FFF);
RUNTEST 1000 TCK;
SDR 16 TDI (FFDF);
RUNTEST 1000 TCK;
SDR 16 TDI (BFFF);
RUNTEST 1000 TCK;
SDR 16 TDI (FFFB);
RUNTEST 1000 TCK;
SDR 16 TDI (7FFF);
RUNTEST 1000 TCK;
SDR 16 TDI (FFFF);
RUNTEST 1000 TCK;
SDR 16 TDI (BFFF);
RUNTEST 1000 TCK;
SDR 16 TDI (FFFF);
RUNTEST 1000 TCK;
SDR 16 TDI (7FFF);
RUNTEST 1000 TCK;
SDR 16 TDI (FFFF);
RUNTEST 1000 TCK;
SDR 16 TDI (BFFF);
RUNTEST 1000 TCK;
SDR 16 TDI (FFFF);
RUNTEST 1000 TCK;
SDR 16 TDI (7FFF);
RUNTEST 1000 TCK;
SDR 16 TDI (FFFF);
RUNTEST 1000 TCK;
SDR 16 TDI (BFBF);
RUNTEST 1000 TCK;
SDR 16 TDI (FEFD);
RUNTEST 1000 TCK;
SDR 16 TDI (7FFE);
RUNTEST 1000 TCK;
SDR 16 TDI (FEFF);
RUNTEST 1000 TCK;
SDR 16 TDI (BFBF);
RUNTEST 1000 TCK;
SDR 16 TDI (ABFD);
RUNTEST 1000 TCK;
SDR 16 TDI (7FFF);
RUNTEST 1000 TCK;
SDR 16 TDI (FFFF);
RUNTEST 1000 TCK;
SDR 16 TDI (BFFF);
RUNTEST 1000 TCK;
SDR 16 TDI (FFFF);
RUNTEST 1000 TCK;
SDR 16 TDI (7FFF);
RUNTEST 1000 TCK;
SDR 16 TDI (FFFF);
RUNTEST 1000 TCK;
SDR 16 TDI (BFFF);
RUNTEST 1000 TCK;
SDR 16 TDI (FFFF);
RUNTEST 1000 TCK;
SDR 16 TDI (7FFF);
RUNTEST 1000 TCK;
SDR 16 TDI (FFFF);
RUNTEST 1000 TCK;
SDR 16 TDI (BFFF);
RUNTEST 1000 TCK;
SDR 16 TDI (FFDF);
RUNTEST 1000 TCK;
SDR 16 TDI (7F9F);
RUNTEST 1000 TCK;
SDR 16 TDI (FFFF);
RUNTEST 1000 TCK;
SDR 16 TDI (BFFF);
RUNTEST 1000 TCK;
SDR 16 TDI (FF3F);
RUNTEST 1000 TCK;
SDR 16 TDI (7FFF);
RUNTEST 1000 TCK;
SDR 16 TDI (FFFF);
RUNTEST 1000 TCK;
SDR 16 TDI (A55F);
RUNTEST 1000 TCK;
SDR 16 TDI (FFFF);
RUNTEST 1000 TCK;
SDR 16 TDI (7FFF);
RUNTEST 1000 TCK;
SDR 16 TDI (FFFF);
RUNTEST 1000 TCK;
SDR 16 TDI (BFFF);
RUNTEST 1000 TCK;
SDR 16 TDI (FFFF);
RUNTEST 1000 TCK;
SDR 16 TDI (7FFF);
RUNTEST 1000 TCK;
SDR 16 TDI (FFFF);
RUNTEST 1000 TCK;
SDR 16 TDI (BFFF);
RUNTEST 1000 TCK;
SDR 16 TDI (FFFF);
RUNTEST 1000 TCK;
SDR 16 TDI (7FF7);
RUNTEST 1000 TCK;
SDR 16 TDI (BDFF);
RUNTEST 1000 TCK;
SDR 16 TDI (BDF7);
RUNTEST 1000 TCK;
SDR 16 TDI (DDF4);
RUNTEST 1000 TCK;
SDR 16 TDI (75FF);
RUNTEST 1000 TCK;
SDR 16 TDI (FFFF);
RUNTEST 1000 TCK;
SDR 16 TDI (AFFF);
RUNTEST 1000 TCK;
SDR 16 TDI (FFFF);
RUNTEST 1000 TCK;
SDR 16 TDI (7FFF);
RUNTEST 1000 TCK;
SDR 16 TDI (FFFF);
RUNTEST 1000 TCK;
SDR 16 TDI (BFFF);
RUNTEST 1000 TCK;
SDR 16 TDI (FFFF);
RUNTEST 1000 TCK;
SDR 16 TDI (7FFF);
RUNTEST 1000 TCK;
SDR 16 TDI (FFFF);
RUNTEST 1000 TCK;
SDR 16 TDI (BFFF);
RUNTEST 1000 TCK;
SDR 16 TDI (FAAF);
RUNTEST 1000 TCK;
SDR 16 TDI (7FED);
RUNTEST 1000 TCK;
SDR 16 TDI (FFEF);
RUNTEST 1000 TCK;
SDR 16 TDI (BFDE);
RUNTEST 1000 TCK;
SDR 16 TDI (EEFF);
RUNTEST 1000 TCK;
SDR 16 TDI (7DFF);
RUNTEST 1000 TCK;
SDR 16 TDI (FFFF);
RUNTEST 1000 TCK;
SDR 16 TDI (A55F);
RUNTEST 1000 TCK;
SDR 16 TDI (FFFF);
RUNTEST 1000 TCK;
SDR 16 TDI (7FFF);
RUNTEST 1000 TCK;
SDR 16 TDI (FFFF);
RUNTEST 1000 TCK;
SDR 16 TDI (BFFF);
RUNTEST 1000 TCK;
SDR 16 TDI (FFFF);
RUNTEST 1000 TCK;
SDR 16 TDI (7FFF);
RUNTEST 1000 TCK;
SDR 16 TDI (FFEF);
RUNTEST 1000 TCK;
SDR 16 TDI (BDF7);
RUNTEST 1000 TCK;
SDR 16 TDI (FFEF);
RUNTEST 1000 TCK;
SDR 16 TDI (7FFB);
RUNTEST 1000 TCK;
SDR 16 TDI (EBFF);
RUNTEST 1000 TCK;
SDR 16 TDI (BFF3);
RUNTEST 1000 TCK;
SDR 16 TDI (FFF4);
RUNTEST 1000 TCK;
SDR 16 TDI (79FF);
RUNTEST 1000 TCK;
SDR 16 TDI (FFFF);
RUNTEST 1000 TCK;
SDR 16 TDI (AAAF);
RUNTEST 1000 TCK;
SDR 16 TDI (FFFF);
RUNTEST 1000 TCK;
SDR 16 TDI (7FFF);
RUNTEST 1000 TCK;
SDR 16 TDI (FFFF);
RUNTEST 1000 TCK;
SDR 16 TDI (BFFF);
RUNTEST 1000 TCK;
SDR 16 TDI (FFFF);
RUNTEST 1000 TCK;
SDR 16 TDI (7FFF);
RUNTEST 1000 TCK;
SDR 16 TDI (FDFF);
RUNTEST 1000 TCK;
SDR 16 TDI (BFFF);
RUNTEST 1000 TCK;
SDR 16 TDI (FFFB);
RUNTEST 1000 TCK;
SDR 16 TDI (7FFF);
RUNTEST 1000 TCK;
SDR 16 TDI (BF7F);
RUNTEST 1000 TCK;
SDR 16 TDI (BFFF);
RUNTEST 1000 TCK;
SDR 16 TDI (7F7E);
RUNTEST 1000 TCK;
SDR 16 TDI (7DFF);
RUNTEST 1000 TCK;
SDR 16 TDI (FFFF);
RUNTEST 1000 TCK;
SDR 16 TDI (9FFF);
RUNTEST 1000 TCK;
SDR 16 TDI (FFFF);
RUNTEST 1000 TCK;
SDR 16 TDI (7FFF);
RUNTEST 1000 TCK;
SDR 16 TDI (FFFF);
RUNTEST 1000 TCK;
SDR 16 TDI (9FFF);
RUNTEST 1000 TCK;
SDR 16 TDI (FFFF);
RUNTEST 1000 TCK;
SDR 16 TDI (7FFF);
RUNTEST 1000 TCK;
SDR 16 TDI (FFFE);
RUNTEST 1000 TCK;
SDR 16 TDI (BFFB);
RUNTEST 1000 TCK;
SDR 16 TDI (FFBF);
RUNTEST 1000 TCK;
SDR 16 TDI (7BBF);
RUNTEST 1000 TCK;
SDR 16 TDI (FFFF);
RUNTEST 1000 TCK;
SDR 16 TDI (9B7F);
RUNTEST 1000 TCK;
SDR 16 TDI (F3FF);
RUNTEST 1000 TCK;
SDR 16 TDI (7FFF);
RUNTEST 1000 TCK;
SDR 16 TDI (FFFF);
RUNTEST 1000 TCK;
SDR 16 TDI (9FFF);
RUNTEST 1000 TCK;
SDR 16 TDI (FFFF);
RUNTEST 1000 TCK;
SDR 16 TDI (7FFF);
RUNTEST 1000 TCK;
SDR 16 TDI (FFFF);
RUNTEST 1000 TCK;
SDR 16 TDI (BFFF);
RUNTEST 1000 TCK;
SDR 16 TDI (FFFF);
RUNTEST 1000 TCK;
SDR 16 TDI (7FFF);
RUNTEST 1000 TCK;
SDR 16 TDI (FFFF);
RUNTEST 1000 TCK;
SDR 16 TDI (BFFF);
RUNTEST 1000 TCK;
SDR 16 TDI (BFFF);
RUNTEST 1000 TCK;
SDR 16 TDI (7FDE);
RUNTEST 1000 TCK;
SDR 16 TDI (FA7F);
RUNTEST 1000 TCK;
SDR 16 TDI (9F7F);
RUNTEST 1000 TCK;
SDR 16 TDI (BFFF);
RUNTEST 1000 TCK;
SDR 16 TDI (7FFF);
RUNTEST 1000 TCK;
SDR 16 TDI (FFFF);
RUNTEST 1000 TCK;
SDR 16 TDI (BFFF);
RUNTEST 1000 TCK;
SDR 16 TDI (FFFF);
RUNTEST 1000 TCK;
SDR 16 TDI (7FFF);
RUNTEST 1000 TCK;
SDR 16 TDI (FFFF);
RUNTEST 1000 TCK;
SDR 16 TDI (BFFF);
RUNTEST 1000 TCK;
SDR 16 TDI (FFFF);
RUNTEST 1000 TCK;
SDR 16 TDI (7FFF);
RUNTEST 1000 TCK;
SDR 16 TDI (FFFF);
RUNTEST 1000 TCK;
SDR 16 TDI (9FED);
RUNTEST 1000 TCK;
SDR 16 TDI (BFFF);
RUNTEST 1000 TCK;
SDR 16 TDI (7FBD);
RUNTEST 1000 TCK;
SDR 16 TDI (D65F);
RUNTEST 1000 TCK;
SDR 16 TDI (BDEF);
RUNTEST 1000 TCK;
SDR 16 TDI (D5FF);
RUNTEST 1000 TCK;
SDR 16 TDI (7FFF);
RUNTEST 1000 TCK;
SDR 16 TDI (FFFF);
RUNTEST 1000 TCK;
SDR 16 TDI (9AAF);
RUNTEST 1000 TCK;
SDR 16 TDI (FFFF);
RUNTEST 1000 TCK;
SDR 16 TDI (7FFF);
RUNTEST 1000 TCK;
SDR 16 TDI (FFFF);
RUNTEST 1000 TCK;
SDR 16 TDI (9FFF);
RUNTEST 1000 TCK;
SDR 16 TDI (FFFF);
RUNTEST 1000 TCK;
SDR 16 TDI (7FFF);
RUNTEST 1000 TCK;
SDR 16 TDI (FFDF);
RUNTEST 1000 TCK;
SDR 16 TDI (BFFF);
RUNTEST 1000 TCK;
SDR 16 TDI (FD6B);
RUNTEST 1000 TCK;
SDR 16 TDI (77CB);
RUNTEST 1000 TCK;
SDR 16 TDI (FFBF);
RUNTEST 1000 TCK;
SDR 16 TDI (9BFD);
RUNTEST 1000 TCK;
SDR 16 TDI (BB7F);
RUNTEST 1000 TCK;
SDR 16 TDI (7FFF);
RUNTEST 1000 TCK;
SDR 16 TDI (FFFF);
RUNTEST 1000 TCK;
SDR 16 TDI (9FFF);
RUNTEST 1000 TCK;
SDR 16 TDI (FFFF);
RUNTEST 1000 TCK;
SDR 16 TDI (7FFF);
RUNTEST 1000 TCK;
SDR 16 TDI (FFFF);
RUNTEST 1000 TCK;
SDR 16 TDI (BFFF);
RUNTEST 1000 TCK;
SDR 16 TDI (FFFF);
RUNTEST 1000 TCK;
SDR 16 TDI (7FFF);
RUNTEST 1000 TCK;
SDR 16 TDI (FEFE);
RUNTEST 1000 TCK;
SDR 16 TDI (9BFF);
RUNTEST 1000 TCK;
SDR 16 TDI (FF97);
RUNTEST 1000 TCK;
SDR 16 TDI (7FF6);
RUNTEST 1000 TCK;
SDR 16 TDI (39FF);
RUNTEST 1000 TCK;
SDR 16 TDI (9E56);
RUNTEST 1000 TCK;
SDR 16 TDI (6EFF);
RUNTEST 1000 TCK;
SDR 16 TDI (7FFF);
RUNTEST 1000 TCK;
SDR 16 TDI (FFFF);
RUNTEST 1000 TCK;
SDR 16 TDI (A55F);
RUNTEST 1000 TCK;
SDR 16 TDI (FFFF);
RUNTEST 1000 TCK;
SDR 16 TDI (7FDF);
RUNTEST 1000 TCK;
SDR 16 TDI (FFFF);
RUNTEST 1000 TCK;
SDR 16 TDI (BFFF);
RUNTEST 1000 TCK;
SDR 16 TDI (FFEF);
RUNTEST 1000 TCK;
SDR 16 TDI (7FFF);
RUNTEST 1000 TCK;
SDR 16 TDI (F30C);
RUNTEST 1000 TCK;
SDR 16 TDI (81FF);
RUNTEST 1000 TCK;
SDR 16 TDI (1E4E);
RUNTEST 1000 TCK;
SDR 16 TDI (6C11);
RUNTEST 1000 TCK;
SDR 16 TDI (FD0F);
RUNTEST 1000 TCK;
SDR 16 TDI (B3E7);
RUNTEST 1000 TCK;
SDR 16 TDI (8BF4);
RUNTEST 1000 TCK;
SDR 16 TDI (75FF);
RUNTEST 1000 TCK;
SDR 16 TDI (FFFF);
RUNTEST 1000 TCK;
SDR 16 TDI (AFFF);
RUNTEST 1000 TCK;
SDR 16 TDI (FFFF);
RUNTEST 1000 TCK;
SDR 16 TDI (7FBF);
RUNTEST 1000 TCK;
SDR 16 TDI (FFFF);
RUNTEST 1000 TCK;
SDR 16 TDI (9FFF);
RUNTEST 1000 TCK;
SDR 16 TDI (FFDF);
RUNTEST 1000 TCK;
SDR 16 TDI (7FFF);
RUNTEST 1000 TCK;
SDR 16 TDI (F30C);
RUNTEST 1000 TCK;
SDR 16 TDI (A1FB);
RUNTEST 1000 TCK;
SDR 16 TDI (9806);
RUNTEST 1000 TCK;
SDR 16 TDI (6C15);
RUNTEST 1000 TCK;
SDR 16 TDI (FDCF);
RUNTEST 1000 TCK;
SDR 16 TDI (8A47);
RUNTEST 1000 TCK;
SDR 16 TDI (EA7F);
RUNTEST 1000 TCK;
SDR 16 TDI (69FF);
RUNTEST 1000 TCK;
SDR 16 TDI (FFFF);
RUNTEST 1000 TCK;
SDR 16 TDI (955F);
RUNTEST 1000 TCK;
SDR 16 TDI (FFFF);
RUNTEST 1000 TCK;
SDR 16 TDI (7FFF);
RUNTEST 1000 TCK;
SDR 16 TDI (FFFF);
RUNTEST 1000 TCK;
SDR 16 TDI (BFFF);
RUNTEST 1000 TCK;
SDR 16 TDI (FFFF);
RUNTEST 1000 TCK;
SDR 16 TDI (7FFF);
RUNTEST 1000 TCK;
SDR 16 TDI (F30C);
RUNTEST 1000 TCK;
SDR 16 TDI (81EF);
RUNTEST 1000 TCK;
SDR 16 TDI (9806);
RUNTEST 1000 TCK;
SDR 16 TDI (6C02);
RUNTEST 1000 TCK;
SDR 16 TDI (362F);
RUNTEST 1000 TCK;
SDR 16 TDI (9C67);
RUNTEST 1000 TCK;
SDR 16 TDI (8475);
RUNTEST 1000 TCK;
SDR 16 TDI (7FFF);
RUNTEST 1000 TCK;
SDR 16 TDI (FFFF);
RUNTEST 1000 TCK;
SDR 16 TDI (BFFF);
RUNTEST 1000 TCK;
SDR 16 TDI (FFFF);
RUNTEST 1000 TCK;
SDR 16 TDI (7FFF);
RUNTEST 1000 TCK;
SDR 16 TDI (FFFF);
RUNTEST 1000 TCK;
SDR 16 TDI (9FFF);
RUNTEST 1000 TCK;
SDR 16 TDI (FFFF);
RUNTEST 1000 TCK;
SDR 16 TDI (7FFF);
RUNTEST 1000 TCK;
SDR 16 TDI (F30C);
RUNTEST 1000 TCK;
SDR 16 TDI (81FF);
RUNTEST 1000 TCK;
SDR 16 TDI (9E2E);
RUNTEST 1000 TCK;
SDR 16 TDI (6C00);
RUNTEST 1000 TCK;
SDR 16 TDI (7EEF);
RUNTEST 1000 TCK;
SDR 16 TDI (BC04);
RUNTEST 1000 TCK;
SDR 16 TDI (E47F);
RUNTEST 1000 TCK;
SDR 16 TDI (7FFF);
RUNTEST 1000 TCK;
SDR 16 TDI (FFFF);
RUNTEST 1000 TCK;
SDR 16 TDI (9FFF);
RUNTEST 1000 TCK;
SDR 16 TDI (3333);
RUNTEST 1000 TCK;
SDR 16 TDI (63E6);
RUNTEST 1000 TCK;
SDR 16 TDI (6667);
RUNTEST 1000 TCK;
SDR 16 TDI (9333);
RUNTEST 1000 TCK;
SDR 16 TDI (31F3);
RUNTEST 1000 TCK;
SDR 16 TDI (6666);
RUNTEST 1000 TCK;
SDR 16 TDI (7CCE);
RUNTEST 1000 TCK;
SDR 16 TDI (BD9F);
RUNTEST 1000 TCK;
SDR 16 TDI (BD11);
RUNTEST 1000 TCK;
SDR 16 TDI (73CC);
RUNTEST 1000 TCK;
SDR 16 TDI (DCF7);
RUNTEST 1000 TCK;
SDR 16 TDI (9BD9);
RUNTEST 1000 TCK;
SDR 16 TDI (BBFF);
RUNTEST 1000 TCK;
SDR 16 TDI (6FFF);
RUNTEST 1000 TCK;
SDR 16 TDI (FFFF);
RUNTEST 1000 TCK;
SDR 16 TDI (9FFF);
RUNTEST 1000 TCK;
SDR 16 TDI (7777);
RUNTEST 1000 TCK;
SDR 16 TDI (6957);
RUNTEST 1000 TCK;
SDR 16 TDI (7777);
RUNTEST 1000 TCK;
SDR 16 TDI (B777);
RUNTEST 1000 TCK;
SDR 16 TDI (74AB);
RUNTEST 1000 TCK;
SDR 16 TDI (7777);
RUNTEST 1000 TCK;
SDR 16 TDI (7CCC);
RUNTEST 1000 TCK;
SDR 16 TDI (99B5);
RUNTEST 1000 TCK;
SDR 16 TDI (1899);
RUNTEST 1000 TCK;
SDR 16 TDI (73DD);
RUNTEST 1000 TCK;
SDR 16 TDI (DDC2);
RUNTEST 1000 TCK;
SDR 16 TDI (91DD);
RUNTEST 1000 TCK;
SDR 16 TDI (99FE);
RUNTEST 1000 TCK;
SDR 16 TDI (7FFF);
RUNTEST 1000 TCK;
SDR 16 TDI (FFFF);
RUNTEST 1000 TCK;
SDR 16 TDI (BFFF);
RUNTEST 1000 TCK;
SDR 16 TDI (FFFF);
RUNTEST 1000 TCK;
SDR 16 TDI (7FDF);
RUNTEST 1000 TCK;
SDR 16 TDI (FFFF);
RUNTEST 1000 TCK;
SDR 16 TDI (9FFF);
RUNTEST 1000 TCK;
SDR 16 TDI (FFEF);
RUNTEST 1000 TCK;
SDR 16 TDI (7FFF);
RUNTEST 1000 TCK;
SDR 16 TDI (FF7F);
RUNTEST 1000 TCK;
SDR 16 TDI (8FFF);
RUNTEST 1000 TCK;
SDR 16 TDI (7F77);
RUNTEST 1000 TCK;
SDR 16 TDI (7FEF);
RUNTEST 1000 TCK;
SDR 16 TDI (EEFF);
RUNTEST 1000 TCK;
SDR 16 TDI (B7BF);
RUNTEST 1000 TCK;
SDR 16 TDI (FFFF);
RUNTEST 1000 TCK;
SDR 16 TDI (7FFF);
RUNTEST 1000 TCK;
SDR 16 TDI (FFFF);
RUNTEST 1000 TCK;
SDR 16 TDI (BFFF);
RUNTEST 1000 TCK;
SDR 16 TDI (FFFE);
RUNTEST 1000 TCK;
SDR 16 TDI (7FFF);
RUNTEST 1000 TCK;
SDR 16 TDI (FBFF);
RUNTEST 1000 TCK;
SDR 16 TDI (BFFF);
RUNTEST 1000 TCK;
SDR 16 TDI (FFFF);
RUNTEST 1000 TCK;
SDR 16 TDI (5FFF);
RUNTEST 1000 TCK;
SDR 16 TDI (FFFF);
RUNTEST 1000 TCK;
SDR 16 TDI (BFBF);
RUNTEST 1000 TCK;
SDR 16 TDI (FFFF);
RUNTEST 1000 TCK;
SDR 16 TDI (7BEF);
RUNTEST 1000 TCK;
SDR 16 TDI (FF6F);
RUNTEST 1000 TCK;
SDR 16 TDI (BF7D);
RUNTEST 1000 TCK;
SDR 16 TDI (EFFF);
RUNTEST 1000 TCK;
SDR 16 TDI (7FFF);
RUNTEST 1000 TCK;
SDR 16 TDI (FFFF);
RUNTEST 1000 TCK;
SDR 16 TDI (9FFF);
RUNTEST 1000 TCK;
SDR 16 TDI (FFFF);
RUNTEST 1000 TCK;
SDR 16 TDI (7FFF);
RUNTEST 1000 TCK;
SDR 16 TDI (FFFF);
RUNTEST 1000 TCK;
SDR 16 TDI (BFFF);
RUNTEST 1000 TCK;
SDR 16 TDI (FFFF);
RUNTEST 1000 TCK;
SDR 16 TDI (7FFF);
RUNTEST 1000 TCK;
SDR 16 TDI (FFFF);
RUNTEST 1000 TCK;
SDR 16 TDI (BFFF);
RUNTEST 1000 TCK;
SDR 16 TDI (FFFF);
RUNTEST 1000 TCK;
SDR 16 TDI (7FFE);
RUNTEST 1000 TCK;
SDR 16 TDI (F7FF);
RUNTEST 1000 TCK;
SDR 16 TDI (9BFF);
RUNTEST 1000 TCK;
SDR 16 TDI (BFFF);
RUNTEST 1000 TCK;
SDR 16 TDI (7FFF);
RUNTEST 1000 TCK;
SDR 16 TDI (FFFF);
RUNTEST 1000 TCK;
SDR 16 TDI (AFFF);
RUNTEST 1000 TCK;
SDR 16 TDI (FFFF);
RUNTEST 1000 TCK;
SDR 16 TDI (7FFF);
RUNTEST 1000 TCK;
SDR 16 TDI (FBFF);
RUNTEST 1000 TCK;
SDR 16 TDI (BFFF);
RUNTEST 1000 TCK;
SDR 16 TDI (FFFF);
RUNTEST 1000 TCK;
SDR 16 TDI (7FFF);
RUNTEST 1000 TCK;
SDR 16 TDI (FFFF);
RUNTEST 1000 TCK;
SDR 16 TDI (BFBF);
RUNTEST 1000 TCK;
SDR 16 TDI (FFFF);
RUNTEST 1000 TCK;
SDR 16 TDI (57FF);
RUNTEST 1000 TCK;
SDR 16 TDI (FFFF);
RUNTEST 1000 TCK;
SDR 16 TDI (BEFF);
RUNTEST 1000 TCK;
SDR 16 TDI (FFFF);
RUNTEST 1000 TCK;
SDR 16 TDI (7DFF);
RUNTEST 1000 TCK;
SDR 16 TDI (FFFF);
RUNTEST 1000 TCK;
SDR 16 TDI (AFFF);
RUNTEST 1000 TCK;
SDR 16 TDI (FFFD);
RUNTEST 1000 TCK;
SDR 16 TDI (7FFF);
RUNTEST 1000 TCK;
SDR 16 TDI (FFFF);
RUNTEST 1000 TCK;
SDR 16 TDI (BFFF);
RUNTEST 1000 TCK;
SDR 16 TDI (FFFF);
RUNTEST 1000 TCK;
SDR 16 TDI (5FFF);
RUNTEST 1000 TCK;
SDR 16 TDI (FFFF);
RUNTEST 1000 TCK;
SDR 16 TDI (BFFF);
RUNTEST 1000 TCK;
SDR 16 TDI (FFFF);
RUNTEST 1000 TCK;
SDR 16 TDI (7FDF);
RUNTEST 1000 TCK;
SDR 16 TDI (F7AF);
RUNTEST 1000 TCK;
SDR 16 TDI (BFFD);
RUNTEST 1000 TCK;
SDR 16 TDI (F7FF);
RUNTEST 1000 TCK;
SDR 16 TDI (7DFF);
RUNTEST 1000 TCK;
SDR 16 TDI (FFFF);
RUNTEST 1000 TCK;
SDR 16 TDI (BBFF);
RUNTEST 1000 TCK;
SDR 16 TDI (FFFF);
RUNTEST 1000 TCK;
SDR 16 TDI (5FFF);
RUNTEST 1000 TCK;
SDR 16 TDI (FFFF);
RUNTEST 1000 TCK;
SDR 16 TDI (BFFF);
RUNTEST 1000 TCK;
SDR 16 TDI (FFFF);
RUNTEST 1000 TCK;
SDR 16 TDI (7F7F);
RUNTEST 1000 TCK;
SDR 16 TDI (FFFF);
RUNTEST 1000 TCK;
SDR 16 TDI (BFFF);
RUNTEST 1000 TCK;
SDR 16 TDI (FFFF);
RUNTEST 1000 TCK;
SDR 16 TDI (7EFF);
RUNTEST 1000 TCK;
SDR 16 TDI (FFEF);
RUNTEST 1000 TCK;
SDR 16 TDI (BF5F);
RUNTEST 1000 TCK;
SDR 16 TDI (BBFF);
RUNTEST 1000 TCK;
SDR 16 TDI (5FFF);
RUNTEST 1000 TCK;
SDR 16 TDI (FFFF);
RUNTEST 1000 TCK;
SDR 16 TDI (BFFF);
RUNTEST 1000 TCK;
SDR 16 TDI (FFFF);
RUNTEST 1000 TCK;
SDR 16 TDI (7FFF);
RUNTEST 1000 TCK;
SDR 16 TDI (FFFF);
RUNTEST 1000 TCK;
SDR 16 TDI (BFFF);
RUNTEST 1000 TCK;
SDR 16 TDI (FFFF);
RUNTEST 1000 TCK;
SDR 16 TDI (7FFF);
RUNTEST 1000 TCK;
SDR 16 TDI (FFFF);
RUNTEST 1000 TCK;
SDR 16 TDI (BFFF);
RUNTEST 1000 TCK;
SDR 16 TDI (FFFF);
RUNTEST 1000 TCK;
SDR 16 TDI (5FFF);
RUNTEST 1000 TCK;
SDR 16 TDI (FFFF);
RUNTEST 1000 TCK;
SDR 16 TDI (BBFE);
RUNTEST 1000 TCK;
SDR 16 TDI (FFFF);
RUNTEST 1000 TCK;
SDR 16 TDI (7FFF);
RUNTEST 1000 TCK;
SDR 16 TDI (FFFF);
RUNTEST 1000 TCK;
SDR 16 TDI (BFFF);
RUNTEST 1000 TCK;
SDR 16 TDI (FFFF);
RUNTEST 1000 TCK;
SDR 16 TDI (7FFF);
RUNTEST 1000 TCK;
SDR 16 TDI (FFFF);
RUNTEST 1000 TCK;
SDR 16 TDI (BFFF);
RUNTEST 1000 TCK;
SDR 16 TDI (FFFF);
RUNTEST 1000 TCK;
SDR 16 TDI (5FFF);
RUNTEST 1000 TCK;
SDR 16 TDI (EFFF);
RUNTEST 1000 TCK;
SDR 16 TDI (BFFF);
RUNTEST 1000 TCK;
SDR 16 TDI (FFFF);
RUNTEST 1000 TCK;
SDR 16 TDI (7EFF);
RUNTEST 1000 TCK;
SDR 16 TDI (FFDF);
RUNTEST 1000 TCK;
SDR 16 TDI (BF5F);
RUNTEST 1000 TCK;
SDR 16 TDI (FFFF);
RUNTEST 1000 TCK;
SDR 16 TDI (7BFF);
RUNTEST 1000 TCK;
SDR 16 TDI (FFFF);
RUNTEST 1000 TCK;
SDR 16 TDI (BFFF);
RUNTEST 1000 TCK;
SDR 16 TDI (FFFF);
RUNTEST 1000 TCK;
SDR 16 TDI (5FFF);
RUNTEST 1000 TCK;
SDR 16 TDI (FFFF);
RUNTEST 1000 TCK;
SDR 16 TDI (BFFF);
RUNTEST 1000 TCK;
SDR 16 TDI (FFFF);
RUNTEST 1000 TCK;
SDR 16 TDI (7F7F);
RUNTEST 1000 TCK;
SDR 16 TDI (FFFF);
RUNTEST 1000 TCK;
SDR 16 TDI (BFFF);
RUNTEST 1000 TCK;
SDR 16 TDI (FFFF);
RUNTEST 1000 TCK;
SDR 16 TDI (7FFF);
RUNTEST 1000 TCK;
SDR 16 TDI (FFFF);
RUNTEST 1000 TCK;
SDR 16 TDI (BDFF);
RUNTEST 1000 TCK;
SDR 16 TDI (3BFF);
RUNTEST 1000 TCK;
SDR 16 TDI (5FFF);
RUNTEST 1000 TCK;
SDR 16 TDI (FFFF);
RUNTEST 1000 TCK;
SDR 16 TDI (BFFF);
RUNTEST 1000 TCK;
SDR 16 TDI (FFFF);
RUNTEST 1000 TCK;
SDR 16 TDI (7FFF);
RUNTEST 1000 TCK;
SDR 16 TDI (FFFF);
RUNTEST 1000 TCK;
SDR 16 TDI (BFFF);
RUNTEST 1000 TCK;
SDR 16 TDI (FFFF);
RUNTEST 1000 TCK;
SDR 16 TDI (7FFF);
RUNTEST 1000 TCK;
SDR 16 TDI (EFFF);
RUNTEST 1000 TCK;
SDR 16 TDI (BFFF);
RUNTEST 1000 TCK;
SDR 16 TDI (FFFF);
RUNTEST 1000 TCK;
SDR 16 TDI (5FAB);
RUNTEST 1000 TCK;
SDR 16 TDI (6FFF);
RUNTEST 1000 TCK;
SDR 16 TDI (BFFF);
RUNTEST 1000 TCK;
SDR 16 TDI (F7FF);
RUNTEST 1000 TCK;
SDR 16 TDI (7FFF);
RUNTEST 1000 TCK;
SDR 16 TDI (FFFF);
RUNTEST 1000 TCK;
SDR 16 TDI (BFBB);
RUNTEST 1000 TCK;
SDR 16 TDI (FFFF);
RUNTEST 1000 TCK;
SDR 16 TDI (7FFF);
RUNTEST 1000 TCK;
SDR 16 TDI (FFFF);
RUNTEST 1000 TCK;
SDR 16 TDI (BFFF);
RUNTEST 1000 TCK;
SDR 16 TDI (FFFF);
RUNTEST 1000 TCK;
SDR 16 TDI (5FFF);
RUNTEST 1000 TCK;
SDR 16 TDI (FFFF);
RUNTEST 1000 TCK;
SDR 16 TDI (BFFF);
RUNTEST 1000 TCK;
SDR 16 TDI (BFFF);
RUNTEST 1000 TCK;
SDR 16 TDI (7FFF);
RUNTEST 1000 TCK;
SDR 16 TDI (FFDF);
RUNTEST 1000 TCK;
SDR 16 TDI (BFBF);
RUNTEST 1000 TCK;
SDR 16 TDI (FFFF);
RUNTEST 1000 TCK;
SDR 16 TDI (7FFF);
RUNTEST 1000 TCK;
SDR 16 TDI (FFFF);
RUNTEST 1000 TCK;
SDR 16 TDI (BF7F);
RUNTEST 1000 TCK;
SDR 16 TDI (FFFF);
RUNTEST 1000 TCK;
SDR 16 TDI (5FFF);
RUNTEST 1000 TCK;
SDR 16 TDI (FFFF);
RUNTEST 1000 TCK;
SDR 16 TDI (BFFF);
RUNTEST 1000 TCK;
SDR 16 TDI (FFFF);
RUNTEST 1000 TCK;
SDR 16 TDI (7FFF);
RUNTEST 1000 TCK;
SDR 16 TDI (FFFF);
RUNTEST 1000 TCK;
SDR 16 TDI (BFFF);
RUNTEST 1000 TCK;
SDR 16 TDI (FFFF);
RUNTEST 1000 TCK;
SDR 16 TDI (7FFF);
RUNTEST 1000 TCK;
SDR 16 TDI (DFDF);
RUNTEST 1000 TCK;
SDR 16 TDI (BFDF);
RUNTEST 1000 TCK;
SDR 16 TDI (B3FF);
RUNTEST 1000 TCK;
SDR 16 TDI (5FFF);
RUNTEST 1000 TCK;
SDR 16 TDI (FFFF);
RUNTEST 1000 TCK;
SDR 16 TDI (BFFB);
RUNTEST 1000 TCK;
SDR 16 TDI (FFFF);
RUNTEST 1000 TCK;
SDR 16 TDI (7FFF);
RUNTEST 1000 TCK;
SDR 16 TDI (FFFF);
RUNTEST 1000 TCK;
SDR 16 TDI (BFFF);
RUNTEST 1000 TCK;
SDR 16 TDI (FFFF);
RUNTEST 1000 TCK;
SDR 16 TDI (7FFF);
RUNTEST 1000 TCK;
SDR 16 TDI (FFFF);
RUNTEST 1000 TCK;
SDR 16 TDI (BFFF);
RUNTEST 1000 TCK;
SDR 16 TDI (FFFF);
RUNTEST 1000 TCK;
SDR 16 TDI (5F9B);
RUNTEST 1000 TCK;
SDR 16 TDI (7FFF);
RUNTEST 1000 TCK;
SDR 16 TDI (BFFF);
RUNTEST 1000 TCK;
SDR 16 TDI (FFFF);
RUNTEST 1000 TCK;
SDR 16 TDI (7FFF);
RUNTEST 1000 TCK;
SDR 16 TDI (FFFF);
RUNTEST 1000 TCK;
SDR 16 TDI (A55F);
RUNTEST 1000 TCK;
SDR 16 TDI (FFFF);
RUNTEST 1000 TCK;
SDR 16 TDI (7FFF);
RUNTEST 1000 TCK;
SDR 16 TDI (FFFF);
RUNTEST 1000 TCK;
SDR 16 TDI (BFFF);
RUNTEST 1000 TCK;
SDR 16 TDI (FFFF);
RUNTEST 1000 TCK;
SDR 16 TDI (5FFF);
RUNTEST 1000 TCK;
SDR 16 TDI (FFFF);
RUNTEST 1000 TCK;
SDR 16 TDI (BFFF);
RUNTEST 1000 TCK;
SDR 16 TDI (FFFF);
RUNTEST 1000 TCK;
SDR 16 TDI (7FFE);
RUNTEST 1000 TCK;
SDR 16 TDI (F7EF);
RUNTEST 1000 TCK;
SDR 16 TDI (BFFF);
RUNTEST 1000 TCK;
SDR 16 TDI (FFFD);
RUNTEST 1000 TCK;
SDR 16 TDI (7BFF);
RUNTEST 1000 TCK;
SDR 16 TDI (FFFF);
RUNTEST 1000 TCK;
SDR 16 TDI (AFFF);
RUNTEST 1000 TCK;
SDR 16 TDI (FFFF);
RUNTEST 1000 TCK;
SDR 16 TDI (5FFF);
RUNTEST 1000 TCK;
SDR 16 TDI (FFFF);
RUNTEST 1000 TCK;
SDR 16 TDI (BFFF);
RUNTEST 1000 TCK;
SDR 16 TDI (FFFF);
RUNTEST 1000 TCK;
SDR 16 TDI (7FFF);
RUNTEST 1000 TCK;
SDR 16 TDI (FAFA);
RUNTEST 1000 TCK;
SDR 16 TDI (BFDF);
RUNTEST 1000 TCK;
SDR 16 TDI (AFAA);
RUNTEST 1000 TCK;
SDR 16 TDI (75F7);
RUNTEST 1000 TCK;
SDR 16 TDI (DFBF);
RUNTEST 1000 TCK;
SDR 16 TDI (BCFE);
RUNTEST 1000 TCK;
SDR 16 TDI (BFFF);
RUNTEST 1000 TCK;
SDR 16 TDI (5FFF);
RUNTEST 1000 TCK;
SDR 16 TDI (FFFF);
RUNTEST 1000 TCK;
SDR 16 TDI (A55F);
RUNTEST 1000 TCK;
SDR 16 TDI (FFFF);
RUNTEST 1000 TCK;
SDR 16 TDI (7FFF);
RUNTEST 1000 TCK;
SDR 16 TDI (FFFF);
RUNTEST 1000 TCK;
SDR 16 TDI (BFFF);
RUNTEST 1000 TCK;
SDR 16 TDI (FFFF);
RUNTEST 1000 TCK;
SDR 16 TDI (7FFF);
RUNTEST 1000 TCK;
SDR 16 TDI (FFFF);
RUNTEST 1000 TCK;
SDR 16 TDI (BFFF);
RUNTEST 1000 TCK;
SDR 16 TDI (FFEF);
RUNTEST 1000 TCK;
SDR 16 TDI (5F5F);
RUNTEST 1000 TCK;
SDR 16 TDI (FDFF);
RUNTEST 1000 TCK;
SDR 16 TDI (BEBB);
RUNTEST 1000 TCK;
SDR 16 TDI (EFFD);
RUNTEST 1000 TCK;
SDR 16 TDI (79FF);
RUNTEST 1000 TCK;
SDR 16 TDI (FFFF);
RUNTEST 1000 TCK;
SDR 16 TDI (AAAF);
RUNTEST 1000 TCK;
SDR 16 TDI (FFFF);
RUNTEST 1000 TCK;
SDR 16 TDI (7FFF);
RUNTEST 1000 TCK;
SDR 16 TDI (FFFF);
RUNTEST 1000 TCK;
SDR 16 TDI (BFFF);
RUNTEST 1000 TCK;
SDR 16 TDI (FFFF);
RUNTEST 1000 TCK;
SDR 16 TDI (5FFF);
RUNTEST 1000 TCK;
SDR 16 TDI (FFFF);
RUNTEST 1000 TCK;
SDR 16 TDI (BFFF);
RUNTEST 1000 TCK;
SDR 16 TDI (FFFF);
RUNTEST 1000 TCK;
SDR 16 TDI (7FDF);
RUNTEST 1000 TCK;
SDR 16 TDI (B7FE);
RUNTEST 1000 TCK;
SDR 16 TDI (BFDF);
RUNTEST 1000 TCK;
SDR 16 TDI (FBFF);
RUNTEST 1000 TCK;
SDR 16 TDI (7DFF);
RUNTEST 1000 TCK;
SDR 16 TDI (FFFF);
RUNTEST 1000 TCK;
SDR 16 TDI (9FFF);
RUNTEST 1000 TCK;
SDR 16 TDI (FFFF);
RUNTEST 1000 TCK;
SDR 16 TDI (7FFF);
RUNTEST 1000 TCK;
SDR 16 TDI (FFFF);
RUNTEST 1000 TCK;
SDR 16 TDI (BFFF);
RUNTEST 1000 TCK;
SDR 16 TDI (FFFF);
RUNTEST 1000 TCK;
SDR 16 TDI (7FFF);
RUNTEST 1000 TCK;
SDR 16 TDI (FBFB);
RUNTEST 1000 TCK;
SDR 16 TDI (BF7F);
RUNTEST 1000 TCK;
SDR 16 TDI (EFFE);
RUNTEST 1000 TCK;
SDR 16 TDI (7DFF);
RUNTEST 1000 TCK;
SDR 16 TDI (FF7F);
RUNTEST 1000 TCK;
SDR 16 TDI (9FEF);
RUNTEST 1000 TCK;
SDR 16 TDI (FEFF);
RUNTEST 1000 TCK;
SDR 16 TDI (77FF);
RUNTEST 1000 TCK;
SDR 16 TDI (FFFF);
RUNTEST 1000 TCK;
SDR 16 TDI (BFFF);
RUNTEST 1000 TCK;
SDR 16 TDI (FFFF);
RUNTEST 1000 TCK;
SDR 16 TDI (7FFF);
RUNTEST 1000 TCK;
SDR 16 TDI (FFFF);
RUNTEST 1000 TCK;
SDR 16 TDI (BFFF);
RUNTEST 1000 TCK;
SDR 16 TDI (FFFF);
RUNTEST 1000 TCK;
SDR 16 TDI (7FFF);
RUNTEST 1000 TCK;
SDR 16 TDI (FEFE);
RUNTEST 1000 TCK;
SDR 16 TDI (BFDF);
RUNTEST 1000 TCK;
SDR 16 TDI (BBBB);
RUNTEST 1000 TCK;
SDR 16 TDI (5FBE);
RUNTEST 1000 TCK;
SDR 16 TDI (6EDF);
RUNTEST 1000 TCK;
SDR 16 TDI (BDED);
RUNTEST 1000 TCK;
SDR 16 TDI (FFFF);
RUNTEST 1000 TCK;
SDR 16 TDI (7FFF);
RUNTEST 1000 TCK;
SDR 16 TDI (FFFF);
RUNTEST 1000 TCK;
SDR 16 TDI (BFFF);
RUNTEST 1000 TCK;
SDR 16 TDI (FFFF);
RUNTEST 1000 TCK;
SDR 16 TDI (7FFF);
RUNTEST 1000 TCK;
SDR 16 TDI (FFFF);
RUNTEST 1000 TCK;
SDR 16 TDI (BFFF);
RUNTEST 1000 TCK;
SDR 16 TDI (FFFF);
RUNTEST 1000 TCK;
SDR 16 TDI (5FFF);
RUNTEST 1000 TCK;
SDR 16 TDI (F6F6);
RUNTEST 1000 TCK;
SDR 16 TDI (BF9F);
RUNTEST 1000 TCK;
SDR 16 TDI (B3A3);
RUNTEST 1000 TCK;
SDR 16 TDI (6EFD);
RUNTEST 1000 TCK;
SDR 16 TDI (315E);
RUNTEST 1000 TCK;
SDR 16 TDI (BF7F);
RUNTEST 1000 TCK;
SDR 16 TDI (5BFF);
RUNTEST 1000 TCK;
SDR 16 TDI (7FFF);
RUNTEST 1000 TCK;
SDR 16 TDI (FFFF);
RUNTEST 1000 TCK;
SDR 16 TDI (BAAF);
RUNTEST 1000 TCK;
SDR 16 TDI (FFFF);
RUNTEST 1000 TCK;
SDR 16 TDI (5FFF);
RUNTEST 1000 TCK;
SDR 16 TDI (FFFF);
RUNTEST 1000 TCK;
SDR 16 TDI (BFFF);
RUNTEST 1000 TCK;
SDR 16 TDI (FFFF);
RUNTEST 1000 TCK;
SDR 16 TDI (7FFF);
RUNTEST 1000 TCK;
SDR 16 TDI (FBFB);
RUNTEST 1000 TCK;
SDR 16 TDI (BF7F);
RUNTEST 1000 TCK;
SDR 16 TDI (EFDE);
RUNTEST 1000 TCK;
SDR 16 TDI (7D3F);
RUNTEST 1000 TCK;
SDR 16 TDI (FFEF);
RUNTEST 1000 TCK;
SDR 16 TDI (BF8B);
RUNTEST 1000 TCK;
SDR 16 TDI (FFFB);
RUNTEST 1000 TCK;
SDR 16 TDI (57FF);
RUNTEST 1000 TCK;
SDR 16 TDI (FFFF);
RUNTEST 1000 TCK;
SDR 16 TDI (BFFF);
RUNTEST 1000 TCK;
SDR 16 TDI (FFFF);
RUNTEST 1000 TCK;
SDR 16 TDI (7FFF);
RUNTEST 1000 TCK;
SDR 16 TDI (FFFF);
RUNTEST 1000 TCK;
SDR 16 TDI (BFFF);
RUNTEST 1000 TCK;
SDR 16 TDI (FFFF);
RUNTEST 1000 TCK;
SDR 16 TDI (7FFF);
RUNTEST 1000 TCK;
SDR 16 TDI (FDFD);
RUNTEST 1000 TCK;
SDR 16 TDI (BFFF);
RUNTEST 1000 TCK;
SDR 16 TDI (DFFD);
RUNTEST 1000 TCK;
SDR 16 TDI (5BC6);
RUNTEST 1000 TCK;
SDR 16 TDI (CEBF);
RUNTEST 1000 TCK;
SDR 16 TDI (B8F5);
RUNTEST 1000 TCK;
SDR 16 TDI (EEFF);
RUNTEST 1000 TCK;
SDR 16 TDI (7FFF);
RUNTEST 1000 TCK;
SDR 16 TDI (FFFF);
RUNTEST 1000 TCK;
SDR 16 TDI (B95F);
RUNTEST 1000 TCK;
SDR 16 TDI (FFFF);
RUNTEST 1000 TCK;
SDR 16 TDI (7FDF);
RUNTEST 1000 TCK;
SDR 16 TDI (FFFF);
RUNTEST 1000 TCK;
SDR 16 TDI (BFFF);
RUNTEST 1000 TCK;
SDR 16 TDI (FFEF);
RUNTEST 1000 TCK;
SDR 16 TDI (5FFF);
RUNTEST 1000 TCK;
SDR 16 TDI (FFF6);
RUNTEST 1000 TCK;
SDR 16 TDI (BF17);
RUNTEST 1000 TCK;
SDR 16 TDI (0638);
RUNTEST 1000 TCK;
SDR 16 TDI (75FC);
RUNTEST 1000 TCK;
SDR 16 TDI (0FFF);
RUNTEST 1000 TCK;
SDR 16 TDI (B1D1);
RUNTEST 1000 TCK;
SDR 16 TDI (D274);
RUNTEST 1000 TCK;
SDR 16 TDI (79FF);
RUNTEST 1000 TCK;
SDR 16 TDI (FFFF);
RUNTEST 1000 TCK;
SDR 16 TDI (BFFF);
RUNTEST 1000 TCK;
SDR 16 TDI (FFFF);
RUNTEST 1000 TCK;
SDR 16 TDI (5FBF);
RUNTEST 1000 TCK;
SDR 16 TDI (FFFF);
RUNTEST 1000 TCK;
SDR 16 TDI (BFFF);
RUNTEST 1000 TCK;
SDR 16 TDI (FFDF);
RUNTEST 1000 TCK;
SDR 16 TDI (5FFF);
RUNTEST 1000 TCK;
SDR 16 TDI (FDF6);
RUNTEST 1000 TCK;
SDR 16 TDI (BF1E);
RUNTEST 1000 TCK;
SDR 16 TDI (8628);
RUNTEST 1000 TCK;
SDR 16 TDI (6070);
RUNTEST 1000 TCK;
SDR 16 TDI (0D89);
RUNTEST 1000 TCK;
SDR 16 TDI (B8D1);
RUNTEST 1000 TCK;
SDR 16 TDI (D27E);
RUNTEST 1000 TCK;
SDR 16 TDI (5DFF);
RUNTEST 1000 TCK;
SDR 16 TDI (FFFF);
RUNTEST 1000 TCK;
SDR 16 TDI (B99F);
RUNTEST 1000 TCK;
SDR 16 TDI (FFFF);
RUNTEST 1000 TCK;
SDR 16 TDI (5FFF);
RUNTEST 1000 TCK;
SDR 16 TDI (FFFF);
RUNTEST 1000 TCK;
SDR 16 TDI (BFFF);
RUNTEST 1000 TCK;
SDR 16 TDI (FFFF);
RUNTEST 1000 TCK;
SDR 16 TDI (7FFF);
RUNTEST 1000 TCK;
SDR 16 TDI (FFF5);
RUNTEST 1000 TCK;
SDR 16 TDI (BEFF);
RUNTEST 1000 TCK;
SDR 16 TDI (864F);
RUNTEST 1000 TCK;
SDR 16 TDI (4FF0);
RUNTEST 1000 TCK;
SDR 16 TDI (0F9F);
RUNTEST 1000 TCK;
SDR 16 TDI (B821);
RUNTEST 1000 TCK;
SDR 16 TDI (8475);
RUNTEST 1000 TCK;
SDR 16 TDI (7BFF);
RUNTEST 1000 TCK;
SDR 16 TDI (FFFF);
RUNTEST 1000 TCK;
SDR 16 TDI (BFFF);
RUNTEST 1000 TCK;
SDR 16 TDI (FFFF);
RUNTEST 1000 TCK;
SDR 16 TDI (7FFF);
RUNTEST 1000 TCK;
SDR 16 TDI (FFFF);
RUNTEST 1000 TCK;
SDR 16 TDI (BFFF);
RUNTEST 1000 TCK;
SDR 16 TDI (FFFF);
RUNTEST 1000 TCK;
SDR 16 TDI (5FFF);
RUNTEST 1000 TCK;
SDR 16 TDI (FFF1);
RUNTEST 1000 TCK;
SDR 16 TDI (BEFF);
RUNTEST 1000 TCK;
SDR 16 TDI (A646);
RUNTEST 1000 TCK;
SDR 16 TDI (76F0);
RUNTEST 1000 TCK;
SDR 16 TDI (4F0F);
RUNTEST 1000 TCK;
SDR 16 TDI (B807);
RUNTEST 1000 TCK;
SDR 16 TDI (847F);
RUNTEST 1000 TCK;
SDR 16 TDI (7FFF);
RUNTEST 1000 TCK;
SDR 16 TDI (FFFF);
RUNTEST 1000 TCK;
SDR 16 TDI (BEFF);
RUNTEST 1000 TCK;
SDR 16 TDI (3333);
RUNTEST 1000 TCK;
SDR 16 TDI (43E6);
RUNTEST 1000 TCK;
SDR 16 TDI (6667);
RUNTEST 1000 TCK;
SDR 16 TDI (B333);
RUNTEST 1000 TCK;
SDR 16 TDI (31F3);
RUNTEST 1000 TCK;
SDR 16 TDI (6666);
RUNTEST 1000 TCK;
SDR 16 TDI (78CE);
RUNTEST 1000 TCK;
SDR 16 TDI (B9CF);
RUNTEST 1000 TCK;
SDR 16 TDI (8BBB);
RUNTEST 1000 TCK;
SDR 16 TDI (73CE);
RUNTEST 1000 TCK;
SDR 16 TDI (CCE7);
RUNTEST 1000 TCK;
SDR 16 TDI (999B);
RUNTEST 1000 TCK;
SDR 16 TDI (99DF);
RUNTEST 1000 TCK;
SDR 16 TDI (57FF);
RUNTEST 1000 TCK;
SDR 16 TDI (FFFF);
RUNTEST 1000 TCK;
SDR 16 TDI (BFFF);
RUNTEST 1000 TCK;
SDR 16 TDI (7777);
RUNTEST 1000 TCK;
SDR 16 TDI (6957);
RUNTEST 1000 TCK;
SDR 16 TDI (7777);
RUNTEST 1000 TCK;
SDR 16 TDI (B777);
RUNTEST 1000 TCK;
SDR 16 TDI (74AB);
RUNTEST 1000 TCK;
SDR 16 TDI (7777);
RUNTEST 1000 TCK;
SDR 16 TDI (7DDC);
RUNTEST 1000 TCK;
SDR 16 TDI (9B85);
RUNTEST 1000 TCK;
SDR 16 TDI (5999);
RUNTEST 1000 TCK;
SDR 16 TDI (5BDC);
RUNTEST 1000 TCK;
SDR 16 TDI (DDC2);
RUNTEST 1000 TCK;
SDR 16 TDI (B499);
RUNTEST 1000 TCK;
SDR 16 TDI (CCFF);
RUNTEST 1000 TCK;
SDR 16 TDI (7FFF);
RUNTEST 1000 TCK;
SDR 16 TDI (FFFF);
RUNTEST 1000 TCK;
SDR 16 TDI (BFFF);
RUNTEST 1000 TCK;
SDR 16 TDI (FFFF);
RUNTEST 1000 TCK;
SDR 16 TDI (7FDF);
RUNTEST 1000 TCK;
SDR 16 TDI (FFFF);
RUNTEST 1000 TCK;
SDR 16 TDI (BFFF);
RUNTEST 1000 TCK;
SDR 16 TDI (FFEF);
RUNTEST 1000 TCK;
SDR 16 TDI (5FFF);
RUNTEST 1000 TCK;
SDR 16 TDI (FFFF);
RUNTEST 1000 TCK;
SDR 16 TDI (BFFF);
RUNTEST 1000 TCK;
SDR 16 TDI (7FFF);
RUNTEST 1000 TCK;
SDR 16 TDI (77EF);
RUNTEST 1000 TCK;
SDR 16 TDI (EEFF);
RUNTEST 1000 TCK;
SDR 16 TDI (B7FF);
RUNTEST 1000 TCK;
SDR 16 TDI (FFDF);
RUNTEST 1000 TCK;
SDR 16 TDI (7FFF);
RUNTEST 1000 TCK;
SDR 16 TDI (FFFF);
RUNTEST 1000 TCK;
SDR 16 TDI (9FFF);
RUNTEST 1000 TCK;
SDR 16 TDI (FFFF);
RUNTEST 1000 TCK;
SDR 16 TDI (5FFF);
RUNTEST 1000 TCK;
SDR 16 TDI (FFFF);
RUNTEST 1000 TCK;
SDR 16 TDI (BFFF);
RUNTEST 1000 TCK;
SDR 16 TDI (FFFF);
RUNTEST 1000 TCK;
SDR 16 TDI (7FFF);
RUNTEST 1000 TCK;
SDR 16 TDI (FFFF);
RUNTEST 1000 TCK;
SDR 16 TDI (BFFF);
RUNTEST 1000 TCK;
SDR 16 TDI (F7FF);
RUNTEST 1000 TCK;
SDR 16 TDI (6FD9);
RUNTEST 1000 TCK;
SDR 16 TDI (7FFF);
RUNTEST 1000 TCK;
SDR 16 TDI (BFEF);
RUNTEST 1000 TCK;
SDR 16 TDI (FFFF);
RUNTEST 1000 TCK;
SDR 16 TDI (5FFF);
RUNTEST 1000 TCK;
SDR 16 TDI (FFFF);
RUNTEST 1000 TCK;
SDR 16 TDI (BFFF);
RUNTEST 1000 TCK;
SDR 16 TDI (FFFE);
RUNTEST 1000 TCK;
SDR 16 TDI (7FFF);
RUNTEST 1000 TCK;
SDR 16 TDI (FFFF);
RUNTEST 1000 TCK;
SDR 16 TDI (BFFF);
RUNTEST 1000 TCK;
SDR 16 TDI (FFFD);
RUNTEST 1000 TCK;
SDR 16 TDI (7FBF);
RUNTEST 1000 TCK;
SDR 16 TDI (FFFB);
RUNTEST 1000 TCK;
SDR 16 TDI (BFFF);
RUNTEST 1000 TCK;
SDR 16 TDI (FEFF);
RUNTEST 1000 TCK;
SDR 16 TDI (5FFF);
RUNTEST 1000 TCK;
SDR 16 TDI (EF9F);
RUNTEST 1000 TCK;
SDR 16 TDI (BDDF);
RUNTEST 1000 TCK;
SDR 16 TDI (FFFF);
RUNTEST 1000 TCK;
SDR 16 TDI (7FFF);
RUNTEST 1000 TCK;
SDR 16 TDI (FFFF);
RUNTEST 1000 TCK;
SDR 16 TDI (BFFF);
RUNTEST 1000 TCK;
SDR 16 TDI (FFFF);
RUNTEST 1000 TCK;
SDR 16 TDI (7FFF);
RUNTEST 1000 TCK;
SDR 16 TDI (FFFF);
RUNTEST 1000 TCK;
SDR 16 TDI (BFFF);
RUNTEST 1000 TCK;
SDR 16 TDI (FFFF);
RUNTEST 1000 TCK;
SDR 16 TDI (5FFF);
RUNTEST 1000 TCK;
SDR 16 TDI (FFFF);
RUNTEST 1000 TCK;
SDR 16 TDI (BFFF);
RUNTEST 1000 TCK;
SDR 16 TDI (EFFF);
RUNTEST 1000 TCK;
SDR 16 TDI (7FEB);
RUNTEST 1000 TCK;
SDR 16 TDI (FFEF);
RUNTEST 1000 TCK;
SDR 16 TDI (BDD7);
RUNTEST 1000 TCK;
SDR 16 TDI (FFFF);
RUNTEST 1000 TCK;
SDR 16 TDI (7FFF);
RUNTEST 1000 TCK;
SDR 16 TDI (FFFF);
RUNTEST 1000 TCK;
SDR 16 TDI (BBFF);
RUNTEST 1000 TCK;
SDR 16 TDI (FFFF);
RUNTEST 1000 TCK;
SDR 16 TDI (5FFF);
RUNTEST 1000 TCK;
SDR 16 TDI (FFFF);
RUNTEST 1000 TCK;
SDR 16 TDI (BFFF);
RUNTEST 1000 TCK;
SDR 16 TDI (FFFF);
RUNTEST 1000 TCK;
SDR 16 TDI (7FFF);
RUNTEST 1000 TCK;
SDR 16 TDI (FFFF);
RUNTEST 1000 TCK;
SDR 16 TDI (BFFF);
RUNTEST 1000 TCK;
SDR 16 TDI (FFFE);
RUNTEST 1000 TCK;
SDR 16 TDI (7FFE);
RUNTEST 1000 TCK;
SDR 16 TDI (7FFF);
RUNTEST 1000 TCK;
SDR 16 TDI (9FFF);
RUNTEST 1000 TCK;
SDR 16 TDI (FFFF);
RUNTEST 1000 TCK;
SDR 16 TDI (5FFF);
RUNTEST 1000 TCK;
SDR 16 TDI (FFFF);
RUNTEST 1000 TCK;
SDR 16 TDI (BFFF);
RUNTEST 1000 TCK;
SDR 16 TDI (FFFF);
RUNTEST 1000 TCK;
SDR 16 TDI (7FFF);
RUNTEST 1000 TCK;
SDR 16 TDI (FF7F);
RUNTEST 1000 TCK;
SDR 16 TDI (BFFF);
RUNTEST 1000 TCK;
SDR 16 TDI (FFFF);
RUNTEST 1000 TCK;
SDR 16 TDI (6FFF);
RUNTEST 1000 TCK;
SDR 16 TDI (FFFF);
RUNTEST 1000 TCK;
SDR 16 TDI (BF7F);
RUNTEST 1000 TCK;
SDR 16 TDI (FEFF);
RUNTEST 1000 TCK;
SDR 16 TDI (5A77);
RUNTEST 1000 TCK;
SDR 16 TDI (FFBF);
RUNTEST 1000 TCK;
SDR 16 TDI (BFFF);
RUNTEST 1000 TCK;
SDR 16 TDI (7BFF);
RUNTEST 1000 TCK;
SDR 16 TDI (7FFF);
RUNTEST 1000 TCK;
SDR 16 TDI (FFFF);
RUNTEST 1000 TCK;
SDR 16 TDI (BFFF);
RUNTEST 1000 TCK;
SDR 16 TDI (FFFF);
RUNTEST 1000 TCK;
SDR 16 TDI (7FFF);
RUNTEST 1000 TCK;
SDR 16 TDI (FFFF);
RUNTEST 1000 TCK;
SDR 16 TDI (BFFF);
RUNTEST 1000 TCK;
SDR 16 TDI (FFFF);
RUNTEST 1000 TCK;
SDR 16 TDI (5FFF);
RUNTEST 1000 TCK;
SDR 16 TDI (EEFF);
RUNTEST 1000 TCK;
SDR 16 TDI (BFFF);
RUNTEST 1000 TCK;
SDR 16 TDI (FFAF);
RUNTEST 1000 TCK;
SDR 16 TDI (7FFF);
RUNTEST 1000 TCK;
SDR 16 TDI (FFEF);
RUNTEST 1000 TCK;
SDR 16 TDI (BDD3);
RUNTEST 1000 TCK;
SDR 16 TDI (FFFF);
RUNTEST 1000 TCK;
SDR 16 TDI (7FFF);
RUNTEST 1000 TCK;
SDR 16 TDI (FFFF);
RUNTEST 1000 TCK;
SDR 16 TDI (BFFF);
RUNTEST 1000 TCK;
SDR 16 TDI (FFFF);
RUNTEST 1000 TCK;
SDR 16 TDI (5FFF);
RUNTEST 1000 TCK;
SDR 16 TDI (FF7F);
RUNTEST 1000 TCK;
SDR 16 TDI (BFFF);
RUNTEST 1000 TCK;
SDR 16 TDI (FFFF);
RUNTEST 1000 TCK;
SDR 16 TDI (6FFF);
RUNTEST 1000 TCK;
SDR 16 TDI (EFFF);
RUNTEST 1000 TCK;
SDR 16 TDI (BFFF);
RUNTEST 1000 TCK;
SDR 16 TDI (FF7F);
RUNTEST 1000 TCK;
SDR 16 TDI (7E7F);
RUNTEST 1000 TCK;
SDR 16 TDI (FFFF);
RUNTEST 1000 TCK;
SDR 16 TDI (BBFF);
RUNTEST 1000 TCK;
SDR 16 TDI (FFFF);
RUNTEST 1000 TCK;
SDR 16 TDI (5FFF);
RUNTEST 1000 TCK;
SDR 16 TDI (FFFF);
RUNTEST 1000 TCK;
SDR 16 TDI (BFFF);
RUNTEST 1000 TCK;
SDR 16 TDI (FFFF);
RUNTEST 1000 TCK;
SDR 16 TDI (7FFF);
RUNTEST 1000 TCK;
SDR 16 TDI (FFFF);
RUNTEST 1000 TCK;
SDR 16 TDI (BFFF);
RUNTEST 1000 TCK;
SDR 16 TDI (FFFF);
RUNTEST 1000 TCK;
SDR 16 TDI (7FFF);
RUNTEST 1000 TCK;
SDR 16 TDI (FFFF);
RUNTEST 1000 TCK;
SDR 16 TDI (BF7F);
RUNTEST 1000 TCK;
SDR 16 TDI (FFFF);
RUNTEST 1000 TCK;
SDR 16 TDI (57FB);
RUNTEST 1000 TCK;
SDR 16 TDI (FF7F);
RUNTEST 1000 TCK;
SDR 16 TDI (BFAF);
RUNTEST 1000 TCK;
SDR 16 TDI (7BFF);
RUNTEST 1000 TCK;
SDR 16 TDI (7FFF);
RUNTEST 1000 TCK;
SDR 16 TDI (FFFF);
RUNTEST 1000 TCK;
SDR 16 TDI (BFFF);
RUNTEST 1000 TCK;
SDR 16 TDI (FFFF);
RUNTEST 1000 TCK;
SDR 16 TDI (7FFF);
RUNTEST 1000 TCK;
SDR 16 TDI (EFDF);
RUNTEST 1000 TCK;
SDR 16 TDI (BFFF);
RUNTEST 1000 TCK;
SDR 16 TDI (FFFF);
RUNTEST 1000 TCK;
SDR 16 TDI (5FFD);
RUNTEST 1000 TCK;
SDR 16 TDI (EFFF);
RUNTEST 1000 TCK;
SDR 16 TDI (BFFF);
RUNTEST 1000 TCK;
SDR 16 TDI (FFF7);
RUNTEST 1000 TCK;
SDR 16 TDI (7FFF);
RUNTEST 1000 TCK;
SDR 16 TDI (FFFF);
RUNTEST 1000 TCK;
SDR 16 TDI (BBFF);
RUNTEST 1000 TCK;
SDR 16 TDI (FFFF);
RUNTEST 1000 TCK;
SDR 16 TDI (7FFF);
RUNTEST 1000 TCK;
SDR 16 TDI (FFFF);
RUNTEST 1000 TCK;
SDR 16 TDI (BFFF);
RUNTEST 1000 TCK;
SDR 16 TDI (EFFE);
RUNTEST 1000 TCK;
SDR 16 TDI (5FFF);
RUNTEST 1000 TCK;
SDR 16 TDI (FEFF);
RUNTEST 1000 TCK;
SDR 16 TDI (BFFF);
RUNTEST 1000 TCK;
SDR 16 TDI (EFFF);
RUNTEST 1000 TCK;
SDR 16 TDI (7DF7);
RUNTEST 1000 TCK;
SDR 16 TDI (EFFF);
RUNTEST 1000 TCK;
SDR 16 TDI (BFFF);
RUNTEST 1000 TCK;
SDR 16 TDI (BFFF);
RUNTEST 1000 TCK;
SDR 16 TDI (7FFF);
RUNTEST 1000 TCK;
SDR 16 TDI (FFFF);
RUNTEST 1000 TCK;
SDR 16 TDI (BFDF);
RUNTEST 1000 TCK;
SDR 16 TDI (FFFF);
RUNTEST 1000 TCK;
SDR 16 TDI (5FFF);
RUNTEST 1000 TCK;
SDR 16 TDI (FFFF);
RUNTEST 1000 TCK;
SDR 16 TDI (BFFF);
RUNTEST 1000 TCK;
SDR 16 TDI (DFFD);
RUNTEST 1000 TCK;
SDR 16 TDI (7FFF);
RUNTEST 1000 TCK;
SDR 16 TDI (F77F);
RUNTEST 1000 TCK;
SDR 16 TDI (BFFF);
RUNTEST 1000 TCK;
SDR 16 TDI (DFFF);
RUNTEST 1000 TCK;
SDR 16 TDI (7FF7);
RUNTEST 1000 TCK;
SDR 16 TDI (FFFF);
RUNTEST 1000 TCK;
SDR 16 TDI (BFFF);
RUNTEST 1000 TCK;
SDR 16 TDI (DFFF);
RUNTEST 1000 TCK;
SDR 16 TDI (5FFF);
RUNTEST 1000 TCK;
SDR 16 TDI (FFFF);
RUNTEST 1000 TCK;
SDR 16 TDI (BDFF);
RUNTEST 1000 TCK;
SDR 16 TDI (FFFF);
RUNTEST 1000 TCK;
SDR 16 TDI (7FFF);
RUNTEST 1000 TCK;
SDR 16 TDI (FFFF);
RUNTEST 1000 TCK;
SDR 16 TDI (BFFF);
RUNTEST 1000 TCK;
SDR 16 TDI (FFFF);
RUNTEST 1000 TCK;
SDR 16 TDI (7FFF);
RUNTEST 1000 TCK;
SDR 16 TDI (FFBF);
RUNTEST 1000 TCK;
SDR 16 TDI (9FFF);
RUNTEST 1000 TCK;
SDR 16 TDI (FFFF);
RUNTEST 1000 TCK;
SDR 16 TDI (7DFB);
RUNTEST 1000 TCK;
SDR 16 TDI (FFFF);
RUNTEST 1000 TCK;
SDR 16 TDI (BFFF);
RUNTEST 1000 TCK;
SDR 16 TDI (FFEF);
RUNTEST 1000 TCK;
SDR 16 TDI (7FFF);
RUNTEST 1000 TCK;
SDR 16 TDI (FFFF);
RUNTEST 1000 TCK;
SDR 16 TDI (BFDF);
RUNTEST 1000 TCK;
SDR 16 TDI (FFFF);
RUNTEST 1000 TCK;
SDR 16 TDI (7FFF);
RUNTEST 1000 TCK;
SDR 16 TDI (FFFF);
RUNTEST 1000 TCK;
SDR 16 TDI (BFFF);
RUNTEST 1000 TCK;
SDR 16 TDI (FFDF);
RUNTEST 1000 TCK;
SDR 16 TDI (5FFF);
RUNTEST 1000 TCK;
SDR 16 TDI (FFFF);
RUNTEST 1000 TCK;
SDR 16 TDI (BFFF);
RUNTEST 1000 TCK;
SDR 16 TDI (FFFF);
RUNTEST 1000 TCK;
SDR 16 TDI (7DFF);
RUNTEST 1000 TCK;
SDR 16 TDI (FFFF);
RUNTEST 1000 TCK;
SDR 16 TDI (BFFF);
RUNTEST 1000 TCK;
SDR 16 TDI (AFFF);
RUNTEST 1000 TCK;
SDR 16 TDI (7FFF);
RUNTEST 1000 TCK;
SDR 16 TDI (FFFF);
RUNTEST 1000 TCK;
SDR 16 TDI (9EDF);
RUNTEST 1000 TCK;
SDR 16 TDI (FFFF);
RUNTEST 1000 TCK;
SDR 16 TDI (7FFF);
RUNTEST 1000 TCK;
SDR 16 TDI (FFFF);
RUNTEST 1000 TCK;
SDR 16 TDI (BFFF);
RUNTEST 1000 TCK;
SDR 16 TDI (FF75);
RUNTEST 1000 TCK;
SDR 16 TDI (6FFB);
RUNTEST 1000 TCK;
SDR 16 TDI (FFFF);
RUNTEST 1000 TCK;
SDR 16 TDI (BFFE);
RUNTEST 1000 TCK;
SDR 16 TDI (EFFA);
RUNTEST 1000 TCK;
SDR 16 TDI (77FF);
RUNTEST 1000 TCK;
SDR 16 TDI (FFFF);
RUNTEST 1000 TCK;
SDR 16 TDI (BFFF);
RUNTEST 1000 TCK;
SDR 16 TDI (FFFF);
RUNTEST 1000 TCK;
SDR 16 TDI (5FFF);
RUNTEST 1000 TCK;
SDR 16 TDI (FFFF);
RUNTEST 1000 TCK;
SDR 16 TDI (BFFF);
RUNTEST 1000 TCK;
SDR 16 TDI (FFFF);
RUNTEST 1000 TCK;
SDR 16 TDI (7FFF);
RUNTEST 1000 TCK;
SDR 16 TDI (FFFF);
RUNTEST 1000 TCK;
SDR 16 TDI (BFFF);
RUNTEST 1000 TCK;
SDR 16 TDI (FDFF);
RUNTEST 1000 TCK;
SDR 16 TDI (7FFF);
RUNTEST 1000 TCK;
SDR 16 TDI (FFFF);
RUNTEST 1000 TCK;
SDR 16 TDI (BEBF);
RUNTEST 1000 TCK;
SDR 16 TDI (FFFF);
RUNTEST 1000 TCK;
SDR 16 TDI (5FFF);
RUNTEST 1000 TCK;
SDR 16 TDI (FF8F);
RUNTEST 1000 TCK;
SDR 16 TDI (BFFF);
RUNTEST 1000 TCK;
SDR 16 TDI (FFFF);
RUNTEST 1000 TCK;
SDR 16 TDI (7FFA);
RUNTEST 1000 TCK;
SDR 16 TDI (FFFF);
RUNTEST 1000 TCK;
SDR 16 TDI (BFFF);
RUNTEST 1000 TCK;
SDR 16 TDI (FFFF);
RUNTEST 1000 TCK;
SDR 16 TDI (7FFF);
RUNTEST 1000 TCK;
SDR 16 TDI (FFFF);
RUNTEST 1000 TCK;
SDR 16 TDI (BFFF);
RUNTEST 1000 TCK;
SDR 16 TDI (FFFF);
RUNTEST 1000 TCK;
SDR 16 TDI (5FFB);
RUNTEST 1000 TCK;
SDR 16 TDI (FFFF);
RUNTEST 1000 TCK;
SDR 16 TDI (BFFE);
RUNTEST 1000 TCK;
SDR 16 TDI (EFFF);
RUNTEST 1000 TCK;
SDR 16 TDI (7BFF);
RUNTEST 1000 TCK;
SDR 16 TDI (FFFF);
RUNTEST 1000 TCK;
SDR 16 TDI (BFFF);
RUNTEST 1000 TCK;
SDR 16 TDI (AFFF);
RUNTEST 1000 TCK;
SDR 16 TDI (7FFF);
RUNTEST 1000 TCK;
SDR 16 TDI (FFFF);
RUNTEST 1000 TCK;
SDR 16 TDI (BF5F);
RUNTEST 1000 TCK;
SDR 16 TDI (FFFF);
RUNTEST 1000 TCK;
SDR 16 TDI (5FFF);
RUNTEST 1000 TCK;
SDR 16 TDI (FFFF);
RUNTEST 1000 TCK;
SDR 16 TDI (BFFF);
RUNTEST 1000 TCK;
SDR 16 TDI (FC00);
RUNTEST 1000 TCK;
SDR 16 TDI (65FB);
RUNTEST 1000 TCK;
SDR 16 TDI (3FFF);
RUNTEST 1000 TCK;
SDR 16 TDI (BFE7);
RUNTEST 1000 TCK;
SDR 16 TDI (FFF2);
RUNTEST 1000 TCK;
SDR 16 TDI (67FF);
RUNTEST 1000 TCK;
SDR 16 TDI (FFF9);
RUNTEST 1000 TCK;
SDR 16 TDI (B33F);
RUNTEST 1000 TCK;
SDR 16 TDI (DFFF);
RUNTEST 1000 TCK;
SDR 16 TDI (5FFF);
RUNTEST 1000 TCK;
SDR 16 TDI (999B);
RUNTEST 1000 TCK;
SDR 16 TDI (BFCF);
RUNTEST 1000 TCK;
SDR 16 TDI (FFFF);
RUNTEST 1000 TCK;
SDR 16 TDI (7FFF);
RUNTEST 1000 TCK;
SDR 16 TDI (FFFF);
RUNTEST 1000 TCK;
SDR 16 TDI (BFFF);
RUNTEST 1000 TCK;
SDR 16 TDI (FFFF);
RUNTEST 1000 TCK;
SDR 16 TDI (7FFF);
RUNTEST 1000 TCK;
SDR 16 TDI (FFFF);
RUNTEST 1000 TCK;
SDR 16 TDI (BFFF);
RUNTEST 1000 TCK;
SDR 16 TDI (FFFF);
RUNTEST 1000 TCK;
SDR 16 TDI (5FFF);
RUNTEST 1000 TCK;
SDR 16 TDI (FFFF);
RUNTEST 1000 TCK;
SDR 16 TDI (BFFF);
RUNTEST 1000 TCK;
SDR 16 TDI (FFFF);
RUNTEST 1000 TCK;
SDR 16 TDI (7FFF);
RUNTEST 1000 TCK;
SDR 16 TDI (FFFF);
RUNTEST 1000 TCK;
SDR 16 TDI (BFEF);
RUNTEST 1000 TCK;
SDR 16 TDI (FFFF);
RUNTEST 1000 TCK;
SDR 16 TDI (7FFF);
RUNTEST 1000 TCK;
SDR 16 TDI (FFFF);
RUNTEST 1000 TCK;
SDR 16 TDI (BFFF);
RUNTEST 1000 TCK;
SDR 16 TDI (FFFF);
RUNTEST 1000 TCK;
SDR 16 TDI (59FF);
RUNTEST 1000 TCK;
SDR 16 TDI (FFFF);
RUNTEST 1000 TCK;
SDR 16 TDI (BFFF);
RUNTEST 1000 TCK;
SDR 16 TDI (FFFF);
RUNTEST 1000 TCK;
SDR 16 TDI (7FFF);
RUNTEST 1000 TCK;
SDR 16 TDI (FFFF);
RUNTEST 1000 TCK;
SDR 16 TDI (BFFF);
RUNTEST 1000 TCK;
SDR 16 TDI (FFFF);
RUNTEST 1000 TCK;
SDR 16 TDI (7FFF);
RUNTEST 1000 TCK;
SDR 16 TDI (FFF3);
RUNTEST 1000 TCK;
SDR 16 TDI (BFFF);
RUNTEST 1000 TCK;
SDR 16 TDI (FFFF);
RUNTEST 1000 TCK;
SDR 16 TDI (5FFF);
RUNTEST 1000 TCK;
SDR 16 TDI (FFFF);
RUNTEST 1000 TCK;
SDR 16 TDI (BFFF);
RUNTEST 1000 TCK;
SDR 16 TDI (FFFF);
RUNTEST 1000 TCK;
SDR 16 TDI (7FFF);
RUNTEST 1000 TCK;
SDR 16 TDI (FFFF);
RUNTEST 1000 TCK;
SDR 16 TDI (BFFF);
RUNTEST 1000 TCK;
SDR 16 TDI (FFFF);
RUNTEST 1000 TCK;
SDR 16 TDI (7FFF);
RUNTEST 1000 TCK;
SDR 16 TDI (FFFF);
RUNTEST 1000 TCK;
SDR 16 TDI (BFFF);
RUNTEST 1000 TCK;
SDR 16 TDI (FFFF);
RUNTEST 1000 TCK;
SDR 16 TDI (5FFF);
RUNTEST 1000 TCK;
SDR 16 TDI (FFFF);
RUNTEST 1000 TCK;
SDR 16 TDI (BFFF);
RUNTEST 1000 TCK;
SDR 16 TDI (FFFF);
RUNTEST 1000 TCK;
SDR 16 TDI (5FFF);
RUNTEST 1000 TCK;
SDR 16 TDI (FFFF);
RUNTEST 1000 TCK;
SDR 16 TDI (BFFF);
RUNTEST 1000 TCK;
SDR 16 TDI (FFFF);
RUNTEST 1000 TCK;
SDR 16 TDI (7FFF);
RUNTEST 1000 TCK;
SDR 16 TDI (FFFF);
RUNTEST 1000 TCK;
SDR 16 TDI (BFFF);
RUNTEST 1000 TCK;
SDR 16 TDI (FFFF);
RUNTEST 1000 TCK;
SDR 16 TDI (7FFF);
RUNTEST 1000 TCK;
SDR 16 TDI (FFFF);
RUNTEST 1000 TCK;
SDR 16 TDI (BFFF);
RUNTEST 1000 TCK;
SDR 16 TDI (FFFF);
RUNTEST 1000 TCK;
SDR 16 TDI (7FFF);
RUNTEST 1000 TCK;
SDR 16 TDI (FFFF);
RUNTEST 1000 TCK;
SDR 16 TDI (BFFF);
RUNTEST 1000 TCK;
SDR 16 TDI (FFFF);
RUNTEST 1000 TCK;
SDR 16 TDI (7FFF);
RUNTEST 1000 TCK;
SDR 16 TDI (FFFF);
RUNTEST 1000 TCK;
SDR 16 TDI (BFFF);
RUNTEST 1000 TCK;
SDR 16 TDI (FFFF);
RUNTEST 1000 TCK;
SDR 16 TDI (7FFF);
RUNTEST 1000 TCK;
SDR 16 TDI (FFFF);
RUNTEST 1000 TCK;
SDR 16 TDI (BFFF);
RUNTEST 1000 TCK;
SDR 16 TDI (FFFF);
RUNTEST 1000 TCK;
SDR 16 TDI (7FFF);
RUNTEST 1000 TCK;
SDR 16 TDI (FFFF);
RUNTEST 1000 TCK;
SDR 16 TDI (BFFF);
RUNTEST 1000 TCK;
SDR 16 TDI (FFFF);
RUNTEST 1000 TCK;
SDR 16 TDI (7FFF);
RUNTEST 1000 TCK;
SDR 16 TDI (FFFF);
RUNTEST 1000 TCK;
SDR 16 TDI (BFFF);
RUNTEST 1000 TCK;
SDR 16 TDI (FFFF);
RUNTEST 1000 TCK;
SDR 16 TDI (7FFF);
RUNTEST 1000 TCK;
SDR 16 TDI (FFFF);
RUNTEST 1000 TCK;
SDR 16 TDI (BFFF);
RUNTEST 1000 TCK;
SDR 16 TDI (FFFF);
RUNTEST 1000 TCK;
SDR 16 TDI (7FFF);
RUNTEST 1000 TCK;
SDR 16 TDI (FFFF);
RUNTEST 1000 TCK;
SDR 16 TDI (BFFF);
RUNTEST 1000 TCK;
SDR 16 TDI (FFFF);
RUNTEST 1000 TCK;
SDR 16 TDI (7FFF);
RUNTEST 1000 TCK;
SDR 16 TDI (FFFF);
RUNTEST 1000 TCK;
SDR 16 TDI (BFFF);
RUNTEST 1000 TCK;
SDR 16 TDI (FFFF);
RUNTEST 1000 TCK;
SDR 16 TDI (7FFF);
RUNTEST 1000 TCK;
SDR 16 TDI (FFFF);
RUNTEST 1000 TCK;
SDR 16 TDI (BFFF);
RUNTEST 1000 TCK;
SDR 16 TDI (FFFF);
RUNTEST 1000 TCK;
SDR 16 TDI (7FFF);
RUNTEST 1000 TCK;
SDR 16 TDI (FFFF);
RUNTEST 1000 TCK;
SDR 16 TDI (BFFF);
RUNTEST 1000 TCK;
SDR 16 TDI (FFFF);
RUNTEST 1000 TCK;
SDR 16 TDI (7FFF);
RUNTEST 1000 TCK;
SDR 16 TDI (FFFF);
RUNTEST 1000 TCK;
SDR 16 TDI (BFFF);
RUNTEST 1000 TCK;
SDR 16 TDI (FFFF);
RUNTEST 1000 TCK;
SDR 16 TDI (7FFF);
RUNTEST 1000 TCK;
SDR 16 TDI (FFFF);
RUNTEST 1000 TCK;
SDR 16 TDI (BFFF);
RUNTEST 1000 TCK;
SDR 16 TDI (FFFF);
RUNTEST 1000 TCK;
SDR 16 TDI (7FFF);
RUNTEST 1000 TCK;
SDR 16 TDI (FFFF);
RUNTEST 1000 TCK;
SDR 16 TDI (BFFF);
RUNTEST 1000 TCK;
SDR 16 TDI (FFFF);
RUNTEST 1000 TCK;
SDR 16 TDI (7FFF);
RUNTEST 1000 TCK;
SDR 16 TDI (FFFF);
RUNTEST 1000 TCK;
SDR 16 TDI (BFFF);
RUNTEST 1000 TCK;
SDR 16 TDI (FFFF);
RUNTEST 1000 TCK;
SDR 16 TDI (7FFF);
RUNTEST 1000 TCK;
SDR 16 TDI (FFFF);
RUNTEST 1000 TCK;
SDR 16 TDI (BFFF);
RUNTEST 1000 TCK;
SDR 16 TDI (FFFF);
RUNTEST 1000 TCK;
SDR 16 TDI (7FFF);
RUNTEST 1000 TCK;
SDR 16 TDI (FFFF);
RUNTEST 1000 TCK;
SDR 16 TDI (BFFF);
RUNTEST 1000 TCK;
SDR 16 TDI (FFFF);
RUNTEST 1000 TCK;
SDR 16 TDI (7FFF);
RUNTEST 1000 TCK;
SDR 16 TDI (FFFF);
RUNTEST 1000 TCK;
SDR 16 TDI (BFFF);
RUNTEST 1000 TCK;
SDR 16 TDI (FFFF);
RUNTEST 1000 TCK;
SDR 16 TDI (7FFF);
RUNTEST 1000 TCK;
SDR 16 TDI (FFFF);
RUNTEST 1000 TCK;
SDR 16 TDI (BFFF);
RUNTEST 1000 TCK;
SDR 16 TDI (FFFF);
RUNTEST 1000 TCK;
SDR 16 TDI (7FFF);
RUNTEST 1000 TCK;
SDR 16 TDI (FFFF);
RUNTEST 1000 TCK;
SDR 16 TDI (BFFF);
RUNTEST 1000 TCK;
SDR 16 TDI (FFFF);
RUNTEST 1000 TCK;
SDR 16 TDI (7FFF);
RUNTEST 1000 TCK;
SDR 16 TDI (FFFF);
RUNTEST 1000 TCK;
SDR 16 TDI (BFFF);
RUNTEST 1000 TCK;
SDR 16 TDI (FFFF);
RUNTEST 1000 TCK;
SDR 16 TDI (7FFF);
RUNTEST 1000 TCK;
SDR 16 TDI (FFFF);
RUNTEST 1000 TCK;
SDR 16 TDI (BFFF);
RUNTEST 1000 TCK;
SDR 16 TDI (FFFF);
RUNTEST 1000 TCK;
SDR 16 TDI (7FFF);
RUNTEST 1000 TCK;
SDR 16 TDI (FFFF);
RUNTEST 1000 TCK;
SDR 16 TDI (BFFF);
RUNTEST 1000 TCK;
SDR 16 TDI (FFFF);
RUNTEST 1000 TCK;
SDR 16 TDI (7FFF);
RUNTEST 1000 TCK;
SDR 16 TDI (FFFF);
RUNTEST 1000 TCK;
SDR 16 TDI (BFFF);
RUNTEST 1000 TCK;
SDR 16 TDI (FFFF);
RUNTEST 1000 TCK;
SDR 16 TDI (7FFF);
RUNTEST 1000 TCK;
SDR 16 TDI (FFFF);
RUNTEST 1000 TCK;
SDR 16 TDI (BFFF);
RUNTEST 1000 TCK;
SDR 16 TDI (FFFF);
RUNTEST 1000 TCK;
SDR 16 TDI (7FFF);
RUNTEST 1000 TCK;
SDR 16 TDI (FFFF);
RUNTEST 1000 TCK;
SDR 16 TDI (BFFF);
RUNTEST 1000 TCK;
SDR 16 TDI (FFFF);
RUNTEST 1000 TCK;
SDR 16 TDI (7FFF);
RUNTEST 1000 TCK;
SDR 16 TDI (FFFF);
RUNTEST 1000 TCK;
SDR 16 TDI (BFFF);
RUNTEST 1000 TCK;
SDR 16 TDI (FFFF);
RUNTEST 1000 TCK;
SDR 16 TDI (7FFF);
RUNTEST 1000 TCK;
SDR 16 TDI (FFFF);
RUNTEST 1000 TCK;
SDR 16 TDI (BFFF);
RUNTEST 1000 TCK;
SDR 16 TDI (FFFF);
RUNTEST 1000 TCK;
SDR 16 TDI (7FFF);
RUNTEST 1000 TCK;
SDR 16 TDI (FFFF);
RUNTEST 1000 TCK;
SDR 16 TDI (BFFF);
RUNTEST 1000 TCK;
SDR 16 TDI (FFFF);
RUNTEST 1000 TCK;
SDR 16 TDI (7FFF);
RUNTEST 1000 TCK;
SDR 16 TDI (FFFF);
RUNTEST 1000 TCK;
SDR 16 TDI (BFFF);
RUNTEST 1000 TCK;
SDR 16 TDI (FFFF);
RUNTEST 1000 TCK;
SDR 16 TDI (7FFF);
RUNTEST 1000 TCK;
SDR 16 TDI (FFFF);
RUNTEST 1000 TCK;
SDR 16 TDI (BFFF);
RUNTEST 1000 TCK;
SDR 16 TDI (FFFF);
RUNTEST 1000 TCK;
SDR 16 TDI (7FFF);
RUNTEST 1000 TCK;
SDR 16 TDI (FFFF);
RUNTEST 1000 TCK;
SDR 16 TDI (BFFF);
RUNTEST 1000 TCK;
SDR 16 TDI (FFFF);
RUNTEST 1000 TCK;
SDR 16 TDI (7FFF);
RUNTEST 1000 TCK;
SDR 16 TDI (FFFF);
RUNTEST 1000 TCK;
SDR 16 TDI (BFFF);
RUNTEST 1000 TCK;
SDR 16 TDI (FFFF);
RUNTEST 1000 TCK;
SDR 16 TDI (7FFF);
RUNTEST 1000 TCK;
SDR 16 TDI (FFFF);
RUNTEST 1000 TCK;
SDR 16 TDI (BFFF);
RUNTEST 1000 TCK;
SDR 16 TDI (FFFF);
RUNTEST 1000 TCK;
SDR 16 TDI (7FFF);
RUNTEST 1000 TCK;
SDR 16 TDI (FFFF);
RUNTEST 1000 TCK;
SDR 16 TDI (BFFF);
RUNTEST 1000 TCK;
SDR 16 TDI (FFFF);
RUNTEST 1000 TCK;
SDR 16 TDI (7FFF);
RUNTEST 1000 TCK;
SDR 16 TDI (FFFF);
RUNTEST 1000 TCK;
SDR 16 TDI (BFFF);
RUNTEST 1000 TCK;
SDR 16 TDI (FFFF);
RUNTEST 1000 TCK;
SDR 16 TDI (7FFF);
RUNTEST 1000 TCK;
SDR 16 TDI (FFFF);
RUNTEST 1000 TCK;
SDR 16 TDI (BFFF);
RUNTEST 1000 TCK;
SDR 16 TDI (FFFF);
RUNTEST 1000 TCK;
SDR 16 TDI (7FFF);
RUNTEST 1000 TCK;
SDR 16 TDI (FFFF);
RUNTEST 1000 TCK;
SDR 16 TDI (BFFF);
RUNTEST 1000 TCK;
SDR 16 TDI (FFFF);
RUNTEST 1000 TCK;
SDR 16 TDI (7FFF);
RUNTEST 1000 TCK;
SDR 16 TDI (FFFF);
RUNTEST 1000 TCK;
SDR 16 TDI (BFFF);
RUNTEST 1000 TCK;
SDR 16 TDI (FFFF);
RUNTEST 1000 TCK;
SDR 16 TDI (7FFF);
RUNTEST 1000 TCK;
SDR 16 TDI (FFFF);
RUNTEST 1000 TCK;
SDR 16 TDI (BFFF);
RUNTEST 1000 TCK;
SDR 16 TDI (FFFF);
RUNTEST 1000 TCK;
SDR 16 TDI (7FFF);
RUNTEST 1000 TCK;
SDR 16 TDI (FFFF);
RUNTEST 1000 TCK;
SDR 16 TDI (BFFF);
RUNTEST 1000 TCK;
SDR 16 TDI (FFFF);
RUNTEST 1000 TCK;
SDR 16 TDI (7FFF);
RUNTEST 1000 TCK;
SDR 16 TDI (FFFF);
RUNTEST 1000 TCK;
SDR 16 TDI (BFFF);
RUNTEST 1000 TCK;
SDR 16 TDI (FFFF);
RUNTEST 1000 TCK;
SDR 16 TDI (7FFF);
RUNTEST 1000 TCK;
SDR 16 TDI (FFFF);
RUNTEST 1000 TCK;
SDR 16 TDI (BFFF);
RUNTEST 1000 TCK;
SDR 16 TDI (FFFF);
RUNTEST 1000 TCK;
SDR 16 TDI (7FFF);
RUNTEST 1000 TCK;
SDR 16 TDI (FFFF);
RUNTEST 1000 TCK;
SDR 16 TDI (BFFF);
RUNTEST 1000 TCK;
SDR 16 TDI (FFFF);
RUNTEST 1000 TCK;
SDR 16 TDI (7FFF);
RUNTEST 1000 TCK;
SDR 16 TDI (FFFF);
RUNTEST 1000 TCK;
SDR 16 TDI (BFFF);
RUNTEST 1000 TCK;
SDR 16 TDI (FFFF);
RUNTEST 1000 TCK;
SDR 16 TDI (7FFF);
RUNTEST 1000 TCK;
SDR 16 TDI (FFFF);
RUNTEST 1000 TCK;
SDR 16 TDI (BFFF);
RUNTEST 1000 TCK;
SDR 16 TDI (FFFF);
RUNTEST 1000 TCK;
SDR 16 TDI (7FFF);
RUNTEST 1000 TCK;
SDR 16 TDI (FFFF);
RUNTEST 1000 TCK;
SDR 16 TDI (BFFF);
RUNTEST 1000 TCK;
SDR 16 TDI (FFFF);
RUNTEST 1000 TCK;
SDR 16 TDI (7FFF);
RUNTEST 1000 TCK;
SDR 16 TDI (FFFF);
RUNTEST 1000 TCK;
SDR 16 TDI (BFFF);
RUNTEST 1000 TCK;
SDR 16 TDI (FFFF);
RUNTEST 1000 TCK;
SDR 16 TDI (7FFF);
RUNTEST 1000 TCK;
SDR 16 TDI (FFFF);
RUNTEST 1000 TCK;
SDR 16 TDI (BFFF);
RUNTEST 1000 TCK;
SDR 16 TDI (FFFF);
RUNTEST 1000 TCK;
SDR 16 TDI (7FFF);
RUNTEST 1000 TCK;
SDR 16 TDI (FFFF);
RUNTEST 1000 TCK;
SDR 16 TDI (BFFF);
RUNTEST 1000 TCK;
SDR 16 TDI (FFFF);
RUNTEST 1000 TCK;
SIR 10 TDI (203);
RUNTEST 53 TCK;
SDR 13 TDI (0001);
SIR 10 TDI (2F4);
RUNTEST 53 TCK;
SDR 16 TDI (FFFF);
RUNTEST 1000 TCK;
SDR 16 TDI (FFFF);
RUNTEST 1000 TCK;
SDR 16 TDI (FFFF);
RUNTEST 1000 TCK;
SDR 16 TDI (FFFF);
RUNTEST 1000 TCK;
SDR 16 TDI (FFFF);
RUNTEST 1000 TCK;
SDR 16 TDI (FFFF);
RUNTEST 1000 TCK;
SDR 16 TDI (FFFF);
RUNTEST 1000 TCK;
SDR 16 TDI (FFFF);
RUNTEST 1000 TCK;
SDR 16 TDI (FFFF);
RUNTEST 1000 TCK;
SDR 16 TDI (FFFF);
RUNTEST 1000 TCK;
SDR 16 TDI (FFFF);
RUNTEST 1000 TCK;
SDR 16 TDI (FFFF);
RUNTEST 1000 TCK;
SDR 16 TDI (FFFF);
RUNTEST 1000 TCK;
SDR 16 TDI (FFFF);
RUNTEST 1000 TCK;
SDR 16 TDI (FFFF);
RUNTEST 1000 TCK;
SDR 16 TDI (FFFF);
RUNTEST 1000 TCK;
SDR 16 TDI (FFFF);
RUNTEST 1000 TCK;
SDR 16 TDI (FFFF);
RUNTEST 1000 TCK;
SDR 16 TDI (FFFF);
RUNTEST 1000 TCK;
SDR 16 TDI (FFFF);
RUNTEST 1000 TCK;
SDR 16 TDI (FFFF);
RUNTEST 1000 TCK;
SDR 16 TDI (FFFF);
RUNTEST 1000 TCK;
SDR 16 TDI (FFFF);
RUNTEST 1000 TCK;
SDR 16 TDI (FFFF);
RUNTEST 1000 TCK;
SDR 16 TDI (FFFF);
RUNTEST 1000 TCK;
SDR 16 TDI (FFFF);
RUNTEST 1000 TCK;
SDR 16 TDI (FFFF);
RUNTEST 1000 TCK;
SDR 16 TDI (FFFF);
RUNTEST 1000 TCK;
SDR 16 TDI (FFFF);
RUNTEST 1000 TCK;
SDR 16 TDI (FFFF);
RUNTEST 1000 TCK;
SDR 16 TDI (FFFF);
RUNTEST 1000 TCK;
SDR 16 TDI (FFFF);
RUNTEST 1000 TCK;
SDR 16 TDI (FFFF);
RUNTEST 1000 TCK;
SDR 16 TDI (FFFF);
RUNTEST 1000 TCK;
SDR 16 TDI (FFFF);
RUNTEST 1000 TCK;
SDR 16 TDI (FFFF);
RUNTEST 1000 TCK;
SDR 16 TDI (FFFF);
RUNTEST 1000 TCK;
SDR 16 TDI (FFFF);
RUNTEST 1000 TCK;
SDR 16 TDI (FFFF);
RUNTEST 1000 TCK;
SDR 16 TDI (FFFF);
RUNTEST 1000 TCK;
SDR 16 TDI (FFFF);
RUNTEST 1000 TCK;
SDR 16 TDI (FFFF);
RUNTEST 1000 TCK;
SDR 16 TDI (FFFF);
RUNTEST 1000 TCK;
SDR 16 TDI (FFFF);
RUNTEST 1000 TCK;
SDR 16 TDI (FFFF);
RUNTEST 1000 TCK;
SDR 16 TDI (FFFF);
RUNTEST 1000 TCK;
SDR 16 TDI (FFFF);
RUNTEST 1000 TCK;
SDR 16 TDI (FFFF);
RUNTEST 1000 TCK;
SDR 16 TDI (FFFF);
RUNTEST 1000 TCK;
SDR 16 TDI (FFFF);
RUNTEST 1000 TCK;
SDR 16 TDI (FFFF);
RUNTEST 1000 TCK;
SDR 16 TDI (FFFF);
RUNTEST 1000 TCK;
SDR 16 TDI (FFFF);
RUNTEST 1000 TCK;
SDR 16 TDI (FFFF);
RUNTEST 1000 TCK;
SDR 16 TDI (FFFF);
RUNTEST 1000 TCK;
SDR 16 TDI (FFFF);
RUNTEST 1000 TCK;
SDR 16 TDI (FFFF);
RUNTEST 1000 TCK;
SDR 16 TDI (FFFF);
RUNTEST 1000 TCK;
SDR 16 TDI (FFFF);
RUNTEST 1000 TCK;
SDR 16 TDI (FFFF);
RUNTEST 1000 TCK;
SDR 16 TDI (FFFF);
RUNTEST 1000 TCK;
SDR 16 TDI (FFFF);
RUNTEST 1000 TCK;
SDR 16 TDI (FFFF);
RUNTEST 1000 TCK;
SDR 16 TDI (FFFF);
RUNTEST 1000 TCK;
SDR 16 TDI (FFFF);
RUNTEST 1000 TCK;
SDR 16 TDI (FFFF);
RUNTEST 1000 TCK;
SDR 16 TDI (FFFF);
RUNTEST 1000 TCK;
SDR 16 TDI (FFFF);
RUNTEST 1000 TCK;
SDR 16 TDI (FFFF);
RUNTEST 1000 TCK;
SDR 16 TDI (FFFF);
RUNTEST 1000 TCK;
SDR 16 TDI (FFFF);
RUNTEST 1000 TCK;
SDR 16 TDI (FFFF);
RUNTEST 1000 TCK;
SDR 16 TDI (FFFF);
RUNTEST 1000 TCK;
SDR 16 TDI (FFFF);
RUNTEST 1000 TCK;
SDR 16 TDI (FFFF);
RUNTEST 1000 TCK;
SDR 16 TDI (FFFF);
RUNTEST 1000 TCK;
SDR 16 TDI (FFFF);
RUNTEST 1000 TCK;
SDR 16 TDI (FFFF);
RUNTEST 1000 TCK;
SDR 16 TDI (FFFF);
RUNTEST 1000 TCK;
SDR 16 TDI (FFFF);
RUNTEST 1000 TCK;
SDR 16 TDI (FFFF);
RUNTEST 1000 TCK;
SDR 16 TDI (FFFF);
RUNTEST 1000 TCK;
SDR 16 TDI (FFFF);
RUNTEST 1000 TCK;
SDR 16 TDI (FFFF);
RUNTEST 1000 TCK;
SDR 16 TDI (FFFF);
RUNTEST 1000 TCK;
SDR 16 TDI (FFFF);
RUNTEST 1000 TCK;
SDR 16 TDI (FFFF);
RUNTEST 1000 TCK;
SDR 16 TDI (FFFF);
RUNTEST 1000 TCK;
SDR 16 TDI (FFFF);
RUNTEST 1000 TCK;
SDR 16 TDI (FFFF);
RUNTEST 1000 TCK;
SDR 16 TDI (FFFF);
RUNTEST 1000 TCK;
SDR 16 TDI (FFFF);
RUNTEST 1000 TCK;
SDR 16 TDI (FFFF);
RUNTEST 1000 TCK;
SDR 16 TDI (FFFF);
RUNTEST 1000 TCK;
SDR 16 TDI (FFFF);
RUNTEST 1000 TCK;
SDR 16 TDI (FFFF);
RUNTEST 1000 TCK;
SDR 16 TDI (FFFF);
RUNTEST 1000 TCK;
SDR 16 TDI (FFFF);
RUNTEST 1000 TCK;
SDR 16 TDI (FFFF);
RUNTEST 1000 TCK;
SDR 16 TDI (FFFF);
RUNTEST 1000 TCK;
SDR 16 TDI (FFFF);
RUNTEST 1000 TCK;
SDR 16 TDI (FFFF);
RUNTEST 1000 TCK;
SDR 16 TDI (FFFF);
RUNTEST 1000 TCK;
SDR 16 TDI (FFFF);
RUNTEST 1000 TCK;
SDR 16 TDI (FFFF);
RUNTEST 1000 TCK;
SDR 16 TDI (FFFF);
RUNTEST 1000 TCK;
SDR 16 TDI (FFFF);
RUNTEST 1000 TCK;
SDR 16 TDI (FFFF);
RUNTEST 1000 TCK;
SDR 16 TDI (FFFF);
RUNTEST 1000 TCK;
SDR 16 TDI (FFFF);
RUNTEST 1000 TCK;
SDR 16 TDI (FFFF);
RUNTEST 1000 TCK;
SDR 16 TDI (FFFF);
RUNTEST 1000 TCK;
SDR 16 TDI (FFFF);
RUNTEST 1000 TCK;
SDR 16 TDI (FFFF);
RUNTEST 1000 TCK;
SDR 16 TDI (FFFF);
RUNTEST 1000 TCK;
SDR 16 TDI (FFFF);
RUNTEST 1000 TCK;
SDR 16 TDI (FFFF);
RUNTEST 1000 TCK;
SDR 16 TDI (FFFF);
RUNTEST 1000 TCK;
SDR 16 TDI (FFFF);
RUNTEST 1000 TCK;
SDR 16 TDI (FFFF);
RUNTEST 1000 TCK;
SDR 16 TDI (FFFF);
RUNTEST 1000 TCK;
SDR 16 TDI (FFFF);
RUNTEST 1000 TCK;
SDR 16 TDI (FFFF);
RUNTEST 1000 TCK;
SDR 16 TDI (FFFF);
RUNTEST 1000 TCK;
SDR 16 TDI (FFFF);
RUNTEST 1000 TCK;
SDR 16 TDI (FFFF);
RUNTEST 1000 TCK;
SDR 16 TDI (FFFF);
RUNTEST 1000 TCK;
SDR 16 TDI (FFFF);
RUNTEST 1000 TCK;
SDR 16 TDI (FFFF);
RUNTEST 1000 TCK;
SDR 16 TDI (FFFF);
RUNTEST 1000 TCK;
SDR 16 TDI (FFFF);
RUNTEST 1000 TCK;
SDR 16 TDI (FFFF);
RUNTEST 1000 TCK;
SDR 16 TDI (FFFF);
RUNTEST 1000 TCK;
SDR 16 TDI (FFFF);
RUNTEST 1000 TCK;
SDR 16 TDI (FFFF);
RUNTEST 1000 TCK;
SDR 16 TDI (FFFF);
RUNTEST 1000 TCK;
SDR 16 TDI (FFFF);
RUNTEST 1000 TCK;
SDR 16 TDI (FFFF);
RUNTEST 1000 TCK;
SDR 16 TDI (FFFF);
RUNTEST 1000 TCK;
SDR 16 TDI (FFFF);
RUNTEST 1000 TCK;
SDR 16 TDI (FFFF);
RUNTEST 1000 TCK;
SDR 16 TDI (FFFF);
RUNTEST 1000 TCK;
SDR 16 TDI (FFFF);
RUNTEST 1000 TCK;
SDR 16 TDI (FFFF);
RUNTEST 1000 TCK;
SDR 16 TDI (FFFF);
RUNTEST 1000 TCK;
SDR 16 TDI (FFFF);
RUNTEST 1000 TCK;
SDR 16 TDI (FFFF);
RUNTEST 1000 TCK;
SDR 16 TDI (FFFF);
RUNTEST 1000 TCK;
SDR 16 TDI (FFFF);
RUNTEST 1000 TCK;
SDR 16 TDI (FFFF);
RUNTEST 1000 TCK;
SDR 16 TDI (FFFF);
RUNTEST 1000 TCK;
SDR 16 TDI (FFFF);
RUNTEST 1000 TCK;
SDR 16 TDI (FFFF);
RUNTEST 1000 TCK;
SDR 16 TDI (FFFF);
RUNTEST 1000 TCK;
SDR 16 TDI (FFFF);
RUNTEST 1000 TCK;
SDR 16 TDI (FFFF);
RUNTEST 1000 TCK;
SDR 16 TDI (FFFF);
RUNTEST 1000 TCK;
SDR 16 TDI (FFFF);
RUNTEST 1000 TCK;
SDR 16 TDI (FFFF);
RUNTEST 1000 TCK;
SDR 16 TDI (FFFF);
RUNTEST 1000 TCK;
SDR 16 TDI (FFFF);
RUNTEST 1000 TCK;
SDR 16 TDI (FFFF);
RUNTEST 1000 TCK;
SDR 16 TDI (FFFF);
RUNTEST 1000 TCK;
SDR 16 TDI (FFFF);
RUNTEST 1000 TCK;
SDR 16 TDI (FFFF);
RUNTEST 1000 TCK;
SDR 16 TDI (FFFF);
RUNTEST 1000 TCK;
SDR 16 TDI (FFFF);
RUNTEST 1000 TCK;
SDR 16 TDI (FFFF);
RUNTEST 1000 TCK;
SDR 16 TDI (FFFF);
RUNTEST 1000 TCK;
SDR 16 TDI (FFFF);
RUNTEST 1000 TCK;
SDR 16 TDI (FFFF);
RUNTEST 1000 TCK;
SDR 16 TDI (FFFF);
RUNTEST 1000 TCK;
SDR 16 TDI (FFFF);
RUNTEST 1000 TCK;
SDR 16 TDI (FFFF);
RUNTEST 1000 TCK;
SDR 16 TDI (FFFF);
RUNTEST 1000 TCK;
SDR 16 TDI (FFFF);
RUNTEST 1000 TCK;
SDR 16 TDI (FFFF);
RUNTEST 1000 TCK;
SDR 16 TDI (FFFF);
RUNTEST 1000 TCK;
SDR 16 TDI (FFFF);
RUNTEST 1000 TCK;
SDR 16 TDI (FFFF);
RUNTEST 1000 TCK;
SDR 16 TDI (FFFF);
RUNTEST 1000 TCK;
SDR 16 TDI (FFFF);
RUNTEST 1000 TCK;
SDR 16 TDI (FFFF);
RUNTEST 1000 TCK;
SDR 16 TDI (FFFF);
RUNTEST 1000 TCK;
SDR 16 TDI (FFFF);
RUNTEST 1000 TCK;
SDR 16 TDI (FFFF);
RUNTEST 1000 TCK;
SDR 16 TDI (FFFF);
RUNTEST 1000 TCK;
SDR 16 TDI (FFFF);
RUNTEST 1000 TCK;
SDR 16 TDI (FFFF);
RUNTEST 1000 TCK;
SDR 16 TDI (FFFF);
RUNTEST 1000 TCK;
SDR 16 TDI (FFFF);
RUNTEST 1000 TCK;
SDR 16 TDI (FFFF);
RUNTEST 1000 TCK;
SDR 16 TDI (FFFF);
RUNTEST 1000 TCK;
SDR 16 TDI (FFFF);
RUNTEST 1000 TCK;
SDR 16 TDI (FFFF);
RUNTEST 1000 TCK;
SDR 16 TDI (FFFF);
RUNTEST 1000 TCK;
SDR 16 TDI (FFFF);
RUNTEST 1000 TCK;
SDR 16 TDI (FFFF);
RUNTEST 1000 TCK;
SDR 16 TDI (FFFF);
RUNTEST 1000 TCK;
SDR 16 TDI (FFFF);
RUNTEST 1000 TCK;
SDR 16 TDI (FFFF);
RUNTEST 1000 TCK;
SDR 16 TDI (FFFF);
RUNTEST 1000 TCK;
SDR 16 TDI (FFFF);
RUNTEST 1000 TCK;
SDR 16 TDI (FFFF);
RUNTEST 1000 TCK;
SDR 16 TDI (FFFF);
RUNTEST 1000 TCK;
SDR 16 TDI (FFFF);
RUNTEST 1000 TCK;
SDR 16 TDI (FFFF);
RUNTEST 1000 TCK;
SDR 16 TDI (FFFF);
RUNTEST 1000 TCK;
SDR 16 TDI (FFFF);
RUNTEST 1000 TCK;
SDR 16 TDI (FFFF);
RUNTEST 1000 TCK;
SDR 16 TDI (FFFF);
RUNTEST 1000 TCK;
SDR 16 TDI (FFFF);
RUNTEST 1000 TCK;
SDR 16 TDI (FFFF);
RUNTEST 1000 TCK;
SDR 16 TDI (FFFF);
RUNTEST 1000 TCK;
SDR 16 TDI (FFFF);
RUNTEST 1000 TCK;
SDR 16 TDI (FFFF);
RUNTEST 1000 TCK;
SDR 16 TDI (FFFF);
RUNTEST 1000 TCK;
SDR 16 TDI (FFFF);
RUNTEST 1000 TCK;
SDR 16 TDI (FFFF);
RUNTEST 1000 TCK;
SDR 16 TDI (FFFF);
RUNTEST 1000 TCK;
SDR 16 TDI (FFFF);
RUNTEST 1000 TCK;
SDR 16 TDI (FFFF);
RUNTEST 1000 TCK;
SDR 16 TDI (FFFF);
RUNTEST 1000 TCK;
SDR 16 TDI (FFFF);
RUNTEST 1000 TCK;
SDR 16 TDI (FFFF);
RUNTEST 1000 TCK;
SDR 16 TDI (FFFF);
RUNTEST 1000 TCK;
SDR 16 TDI (FFFF);
RUNTEST 1000 TCK;
SDR 16 TDI (FFFF);
RUNTEST 1000 TCK;
SDR 16 TDI (FFFF);
RUNTEST 1000 TCK;
SDR 16 TDI (FFFF);
RUNTEST 1000 TCK;
SDR 16 TDI (FFFF);
RUNTEST 1000 TCK;
SDR 16 TDI (FFFF);
RUNTEST 1000 TCK;
SDR 16 TDI (FFFF);
RUNTEST 1000 TCK;
SDR 16 TDI (FFFF);
RUNTEST 1000 TCK;
SDR 16 TDI (FFFF);
RUNTEST 1000 TCK;
SDR 16 TDI (FFFF);
RUNTEST 1000 TCK;
SDR 16 TDI (FFFF);
RUNTEST 1000 TCK;
SDR 16 TDI (FFFF);
RUNTEST 1000 TCK;
SDR 16 TDI (FFFF);
RUNTEST 1000 TCK;
SDR 16 TDI (FFFF);
RUNTEST 1000 TCK;
SDR 16 TDI (FFFF);
RUNTEST 1000 TCK;
SDR 16 TDI (FFFF);
RUNTEST 1000 TCK;
SDR 16 TDI (FFFF);
RUNTEST 1000 TCK;
SDR 16 TDI (FFFF);
RUNTEST 1000 TCK;
SDR 16 TDI (FFFF);
RUNTEST 1000 TCK;
SDR 16 TDI (FFFF);
RUNTEST 1000 TCK;
SDR 16 TDI (FFFF);
RUNTEST 1000 TCK;
SDR 16 TDI (FFFF);
RUNTEST 1000 TCK;
SDR 16 TDI (FFFF);
RUNTEST 1000 TCK;
SDR 16 TDI (FFFF);
RUNTEST 1000 TCK;
SDR 16 TDI (FFFF);
RUNTEST 1000 TCK;
SDR 16 TDI (FFFF);
RUNTEST 1000 TCK;
SDR 16 TDI (FFFF);
RUNTEST 1000 TCK;
SDR 16 TDI (FFFF);
RUNTEST 1000 TCK;
SDR 16 TDI (FFFF);
RUNTEST 1000 TCK;
SDR 16 TDI (FFFF);
RUNTEST 1000 TCK;
SDR 16 TDI (FFFF);
RUNTEST 1000 TCK;
SDR 16 TDI (FFFF);
RUNTEST 1000 TCK;
SDR 16 TDI (FFFF);
RUNTEST 1000 TCK;
SDR 16 TDI (FFFF);
RUNTEST 1000 TCK;
SDR 16 TDI (FFFF);
RUNTEST 1000 TCK;
SDR 16 TDI (FFFF);
RUNTEST 1000 TCK;
SDR 16 TDI (FFFF);
RUNTEST 1000 TCK;
SDR 16 TDI (FFFF);
RUNTEST 1000 TCK;
SDR 16 TDI (FFFF);
RUNTEST 1000 TCK;
SDR 16 TDI (FFFF);
RUNTEST 1000 TCK;
SDR 16 TDI (FFFF);
RUNTEST 1000 TCK;
SDR 16 TDI (FFFF);
RUNTEST 1000 TCK;
SDR 16 TDI (FFFF);
RUNTEST 1000 TCK;
SDR 16 TDI (FFFF);
RUNTEST 1000 TCK;
SDR 16 TDI (FFFF);
RUNTEST 1000 TCK;
SDR 16 TDI (FFFF);
RUNTEST 1000 TCK;
SDR 16 TDI (FFFF);
RUNTEST 1000 TCK;
SDR 16 TDI (FFFF);
RUNTEST 1000 TCK;
SDR 16 TDI (FFFF);
RUNTEST 1000 TCK;
SDR 16 TDI (FFFF);
RUNTEST 1000 TCK;
SDR 16 TDI (FFFF);
RUNTEST 1000 TCK;
SDR 16 TDI (FFFF);
RUNTEST 1000 TCK;
SDR 16 TDI (FFFF);
RUNTEST 1000 TCK;
SDR 16 TDI (FFFF);
RUNTEST 1000 TCK;
SDR 16 TDI (FFFF);
RUNTEST 1000 TCK;
SDR 16 TDI (FFFF);
RUNTEST 1000 TCK;
SDR 16 TDI (FFFF);
RUNTEST 1000 TCK;
SDR 16 TDI (FFFF);
RUNTEST 1000 TCK;
SDR 16 TDI (FFFF);
RUNTEST 1000 TCK;
SDR 16 TDI (FFFF);
RUNTEST 1000 TCK;
SDR 16 TDI (FFFF);
RUNTEST 1000 TCK;
SDR 16 TDI (FFFF);
RUNTEST 1000 TCK;
SDR 16 TDI (FFFF);
RUNTEST 1000 TCK;
SDR 16 TDI (FFFF);
RUNTEST 1000 TCK;
SDR 16 TDI (FFFF);
RUNTEST 1000 TCK;
SDR 16 TDI (FFFF);
RUNTEST 1000 TCK;
SDR 16 TDI (FFFF);
RUNTEST 1000 TCK;
SDR 16 TDI (FFFF);
RUNTEST 1000 TCK;
SDR 16 TDI (FFFF);
RUNTEST 1000 TCK;
SDR 16 TDI (FFFF);
RUNTEST 1000 TCK;
SDR 16 TDI (FFFF);
RUNTEST 1000 TCK;
SDR 16 TDI (FFFF);
RUNTEST 1000 TCK;
SDR 16 TDI (FFFF);
RUNTEST 1000 TCK;
SDR 16 TDI (FFFF);
RUNTEST 1000 TCK;
SDR 16 TDI (FFFF);
RUNTEST 1000 TCK;
SDR 16 TDI (FFFF);
RUNTEST 1000 TCK;
SDR 16 TDI (FFFF);
RUNTEST 1000 TCK;
SDR 16 TDI (FFFF);
RUNTEST 1000 TCK;
SDR 16 TDI (FFFF);
RUNTEST 1000 TCK;
SDR 16 TDI (FFFF);
RUNTEST 1000 TCK;
SDR 16 TDI (FFFF);
RUNTEST 1000 TCK;
SDR 16 TDI (FFFF);
RUNTEST 1000 TCK;
SDR 16 TDI (FFFF);
RUNTEST 1000 TCK;
SDR 16 TDI (FFFF);
RUNTEST 1000 TCK;
SDR 16 TDI (FFFF);
RUNTEST 1000 TCK;
SDR 16 TDI (FFFF);
RUNTEST 1000 TCK;
SDR 16 TDI (FFFF);
RUNTEST 1000 TCK;
SDR 16 TDI (FFFF);
RUNTEST 1000 TCK;
SDR 16 TDI (FFFF);
RUNTEST 1000 TCK;
SDR 16 TDI (FFFF);
RUNTEST 1000 TCK;
SDR 16 TDI (FFFF);
RUNTEST 1000 TCK;
SDR 16 TDI (FFFF);
RUNTEST 1000 TCK;
SDR 16 TDI (FFFF);
RUNTEST 1000 TCK;
SDR 16 TDI (FFFF);
RUNTEST 1000 TCK;
SDR 16 TDI (FFFF);
RUNTEST 1000 TCK;
SDR 16 TDI (FFFF);
RUNTEST 1000 TCK;
SDR 16 TDI (FFFF);
RUNTEST 1000 TCK;
SDR 16 TDI (FFFF);
RUNTEST 1000 TCK;
SDR 16 TDI (FFFF);
RUNTEST 1000 TCK;
SDR 16 TDI (FFFF);
RUNTEST 1000 TCK;
SDR 16 TDI (FFFF);
RUNTEST 1000 TCK;
SDR 16 TDI (FFFF);
RUNTEST 1000 TCK;
SDR 16 TDI (FFFF);
RUNTEST 1000 TCK;
SDR 16 TDI (FFFF);
RUNTEST 1000 TCK;
SDR 16 TDI (FFFF);
RUNTEST 1000 TCK;
SDR 16 TDI (FFFF);
RUNTEST 1000 TCK;
SDR 16 TDI (FFFF);
RUNTEST 1000 TCK;
SDR 16 TDI (FFFF);
RUNTEST 1000 TCK;
SDR 16 TDI (FFFF);
RUNTEST 1000 TCK;
SDR 16 TDI (FFFF);
RUNTEST 1000 TCK;
SDR 16 TDI (FFFF);
RUNTEST 1000 TCK;
SDR 16 TDI (FFFF);
RUNTEST 1000 TCK;
SDR 16 TDI (FFFF);
RUNTEST 1000 TCK;
SDR 16 TDI (FFFF);
RUNTEST 1000 TCK;
SDR 16 TDI (FFFF);
RUNTEST 1000 TCK;
SDR 16 TDI (FFFF);
RUNTEST 1000 TCK;
SDR 16 TDI (FFFF);
RUNTEST 1000 TCK;
SDR 16 TDI (FFFF);
RUNTEST 1000 TCK;
SDR 16 TDI (FFFF);
RUNTEST 1000 TCK;
SDR 16 TDI (FFFF);
RUNTEST 1000 TCK;
SDR 16 TDI (FFFF);
RUNTEST 1000 TCK;
SDR 16 TDI (FFFF);
RUNTEST 1000 TCK;
SDR 16 TDI (FFFF);
RUNTEST 1000 TCK;
SDR 16 TDI (FFFF);
RUNTEST 1000 TCK;
SDR 16 TDI (FFFF);
RUNTEST 1000 TCK;
SDR 16 TDI (FFFF);
RUNTEST 1000 TCK;
SDR 16 TDI (FFFF);
RUNTEST 1000 TCK;
SDR 16 TDI (FFFF);
RUNTEST 1000 TCK;
SDR 16 TDI (FFFF);
RUNTEST 1000 TCK;
SDR 16 TDI (FFFF);
RUNTEST 1000 TCK;
SDR 16 TDI (FFFF);
RUNTEST 1000 TCK;
SDR 16 TDI (FFFF);
RUNTEST 1000 TCK;
SDR 16 TDI (FFFF);
RUNTEST 1000 TCK;
SDR 16 TDI (FFFF);
RUNTEST 1000 TCK;
SDR 16 TDI (FFFF);
RUNTEST 1000 TCK;
SDR 16 TDI (FFFF);
RUNTEST 1000 TCK;
SDR 16 TDI (FFFF);
RUNTEST 1000 TCK;
SDR 16 TDI (FFFF);
RUNTEST 1000 TCK;
SDR 16 TDI (FFFF);
RUNTEST 1000 TCK;
SDR 16 TDI (FFFF);
RUNTEST 1000 TCK;
SDR 16 TDI (FFFF);
RUNTEST 1000 TCK;
SDR 16 TDI (FFFF);
RUNTEST 1000 TCK;
SDR 16 TDI (FFFF);
RUNTEST 1000 TCK;
SDR 16 TDI (FFFF);
RUNTEST 1000 TCK;
SDR 16 TDI (FFFF);
RUNTEST 1000 TCK;
SDR 16 TDI (FFFF);
RUNTEST 1000 TCK;
SDR 16 TDI (FFFF);
RUNTEST 1000 TCK;
SDR 16 TDI (FFFF);
RUNTEST 1000 TCK;
SDR 16 TDI (FFFF);
RUNTEST 1000 TCK;
SDR 16 TDI (FFFF);
RUNTEST 1000 TCK;
SDR 16 TDI (FFFF);
RUNTEST 1000 TCK;
SDR 16 TDI (FFFF);
RUNTEST 1000 TCK;
SDR 16 TDI (FFFF);
RUNTEST 1000 TCK;
SDR 16 TDI (FFFF);
RUNTEST 1000 TCK;
SDR 16 TDI (FFFF);
RUNTEST 1000 TCK;
SDR 16 TDI (FFFF);
RUNTEST 1000 TCK;
SDR 16 TDI (FFFF);
RUNTEST 1000 TCK;
SDR 16 TDI (FFFF);
RUNTEST 1000 TCK;
SDR 16 TDI (FFFF);
RUNTEST 1000 TCK;
SDR 16 TDI (FFFF);
RUNTEST 1000 TCK;
SDR 16 TDI (FFFF);
RUNTEST 1000 TCK;
SDR 16 TDI (FFFF);
RUNTEST 1000 TCK;
SDR 16 TDI (FFFF);
RUNTEST 1000 TCK;
SDR 16 TDI (FFFF);
RUNTEST 1000 TCK;
SDR 16 TDI (FFFF);
RUNTEST 1000 TCK;
SDR 16 TDI (FFFF);
RUNTEST 1000 TCK;
SDR 16 TDI (FFFF);
RUNTEST 1000 TCK;
SDR 16 TDI (FFFF);
RUNTEST 1000 TCK;
SDR 16 TDI (FFFF);
RUNTEST 1000 TCK;
SDR 16 TDI (FFFF);
RUNTEST 1000 TCK;
SDR 16 TDI (FFFF);
RUNTEST 1000 TCK;
SDR 16 TDI (FFFF);
RUNTEST 1000 TCK;
SDR 16 TDI (FFFF);
RUNTEST 1000 TCK;
SDR 16 TDI (FFFF);
RUNTEST 1000 TCK;
SDR 16 TDI (FFFF);
RUNTEST 1000 TCK;
SDR 16 TDI (FFFF);
RUNTEST 1000 TCK;
SDR 16 TDI (FFFF);
RUNTEST 1000 TCK;
SDR 16 TDI (FFFF);
RUNTEST 1000 TCK;
SDR 16 TDI (FFFF);
RUNTEST 1000 TCK;
SDR 16 TDI (FFFF);
RUNTEST 1000 TCK;
SDR 16 TDI (FFFF);
RUNTEST 1000 TCK;
SDR 16 TDI (FFFF);
RUNTEST 1000 TCK;
SDR 16 TDI (FFFF);
RUNTEST 1000 TCK;
SDR 16 TDI (FFFF);
RUNTEST 1000 TCK;
SDR 16 TDI (FFFF);
RUNTEST 1000 TCK;
SDR 16 TDI (FFFF);
RUNTEST 1000 TCK;
SDR 16 TDI (FFFF);
RUNTEST 1000 TCK;
SDR 16 TDI (FFFF);
RUNTEST 1000 TCK;
SDR 16 TDI (FFFF);
RUNTEST 1000 TCK;
SDR 16 TDI (FFFF);
RUNTEST 1000 TCK;
SDR 16 TDI (FFFF);
RUNTEST 1000 TCK;
SDR 16 TDI (FFFF);
RUNTEST 1000 TCK;
SDR 16 TDI (FFFF);
RUNTEST 1000 TCK;
SDR 16 TDI (FFFF);
RUNTEST 1000 TCK;
SDR 16 TDI (FFFF);
RUNTEST 1000 TCK;
SDR 16 TDI (FFFF);
RUNTEST 1000 TCK;
SDR 16 TDI (FFFF);
RUNTEST 1000 TCK;
SDR 16 TDI (FFFF);
RUNTEST 1000 TCK;
SDR 16 TDI (FFFF);
RUNTEST 1000 TCK;
SDR 16 TDI (FFFF);
RUNTEST 1000 TCK;
SDR 16 TDI (FFFF);
RUNTEST 1000 TCK;
SDR 16 TDI (FFFF);
RUNTEST 1000 TCK;
SDR 16 TDI (FFFF);
RUNTEST 1000 TCK;
SDR 16 TDI (FFFF);
RUNTEST 1000 TCK;
SDR 16 TDI (FFFF);
RUNTEST 1000 TCK;
SDR 16 TDI (FFFF);
RUNTEST 1000 TCK;
SDR 16 TDI (FFFF);
RUNTEST 1000 TCK;
SDR 16 TDI (FFFF);
RUNTEST 1000 TCK;
SDR 16 TDI (FFFF);
RUNTEST 1000 TCK;
SDR 16 TDI (FFFF);
RUNTEST 1000 TCK;
SDR 16 TDI (FFFF);
RUNTEST 1000 TCK;
SDR 16 TDI (FFFF);
RUNTEST 1000 TCK;
SDR 16 TDI (FFFF);
RUNTEST 1000 TCK;
SDR 16 TDI (FFFF);
RUNTEST 1000 TCK;
SDR 16 TDI (FFFF);
RUNTEST 1000 TCK;
SDR 16 TDI (FFFF);
RUNTEST 1000 TCK;
SDR 16 TDI (FFFF);
RUNTEST 1000 TCK;
SDR 16 TDI (FFFF);
RUNTEST 1000 TCK;
SDR 16 TDI (FFFF);
RUNTEST 1000 TCK;
SDR 16 TDI (FFFF);
RUNTEST 1000 TCK;
SDR 16 TDI (FFFF);
RUNTEST 1000 TCK;
SDR 16 TDI (FFFF);
RUNTEST 1000 TCK;
SDR 16 TDI (FFFF);
RUNTEST 1000 TCK;
SDR 16 TDI (FFFF);
RUNTEST 1000 TCK;
SDR 16 TDI (FFFF);
RUNTEST 1000 TCK;
SDR 16 TDI (FFFF);
RUNTEST 1000 TCK;
SDR 16 TDI (FFFF);
RUNTEST 1000 TCK;
SDR 16 TDI (FFFF);
RUNTEST 1000 TCK;
SDR 16 TDI (FFFF);
RUNTEST 1000 TCK;
SDR 16 TDI (FFFF);
RUNTEST 1000 TCK;
SDR 16 TDI (FFFF);
RUNTEST 1000 TCK;
SDR 16 TDI (FFFF);
RUNTEST 1000 TCK;
SDR 16 TDI (FFFF);
RUNTEST 1000 TCK;
SDR 16 TDI (FFFF);
RUNTEST 1000 TCK;
SDR 16 TDI (FFFF);
RUNTEST 1000 TCK;
SDR 16 TDI (FFFF);
RUNTEST 1000 TCK;
SDR 16 TDI (FFFF);
RUNTEST 1000 TCK;
SDR 16 TDI (FFFF);
RUNTEST 1000 TCK;
SDR 16 TDI (FFFF);
RUNTEST 1000 TCK;
SDR 16 TDI (FFFF);
RUNTEST 1000 TCK;
SDR 16 TDI (FFFF);
RUNTEST 1000 TCK;
SDR 16 TDI (FFFF);
RUNTEST 1000 TCK;
SDR 16 TDI (FFFF);
RUNTEST 1000 TCK;
SDR 16 TDI (FFFF);
RUNTEST 1000 TCK;
SDR 16 TDI (FFFF);
RUNTEST 1000 TCK;
SDR 16 TDI (FFFF);
RUNTEST 1000 TCK;
SDR 16 TDI (FFFF);
RUNTEST 1000 TCK;
SDR 16 TDI (FFFF);
RUNTEST 1000 TCK;
SDR 16 TDI (FFFF);
RUNTEST 1000 TCK;
SDR 16 TDI (FFFF);
RUNTEST 1000 TCK;
SDR 16 TDI (FFFF);
RUNTEST 1000 TCK;
SDR 16 TDI (FFFF);
RUNTEST 1000 TCK;
SDR 16 TDI (FFFF);
RUNTEST 1000 TCK;
SDR 16 TDI (FFFF);
RUNTEST 1000 TCK;
SDR 16 TDI (FFFF);
RUNTEST 1000 TCK;
SDR 16 TDI (FFFF);
RUNTEST 1000 TCK;
SDR 16 TDI (FFFF);
RUNTEST 1000 TCK;
SDR 16 TDI (FFFF);
RUNTEST 1000 TCK;
SDR 16 TDI (FFFF);
RUNTEST 1000 TCK;
SDR 16 TDI (FFFF);
RUNTEST 1000 TCK;
SDR 16 TDI (FFFF);
RUNTEST 1000 TCK;
SDR 16 TDI (FFFF);
RUNTEST 1000 TCK;
SDR 16 TDI (FFFF);
RUNTEST 1000 TCK;
SDR 16 TDI (FFFF);
RUNTEST 1000 TCK;
SDR 16 TDI (FFFF);
RUNTEST 1000 TCK;
SDR 16 TDI (FFFF);
RUNTEST 1000 TCK;
SDR 16 TDI (FFFF);
RUNTEST 1000 TCK;
SDR 16 TDI (FFFF);
RUNTEST 1000 TCK;
SDR 16 TDI (FFFF);
RUNTEST 1000 TCK;
SDR 16 TDI (FFFF);
RUNTEST 1000 TCK;
SDR 16 TDI (FFFF);
RUNTEST 1000 TCK;
SDR 16 TDI (FFFF);
RUNTEST 1000 TCK;
SDR 16 TDI (FFFF);
RUNTEST 1000 TCK;
SDR 16 TDI (FFFF);
RUNTEST 1000 TCK;
SDR 16 TDI (FFFF);
RUNTEST 1000 TCK;
SDR 16 TDI (FFFF);
RUNTEST 1000 TCK;
SDR 16 TDI (FFFF);
RUNTEST 1000 TCK;
SDR 16 TDI (FFFF);
RUNTEST 1000 TCK;
SDR 16 TDI (FFFF);
RUNTEST 1000 TCK;
SDR 16 TDI (FFFF);
RUNTEST 1000 TCK;
SDR 16 TDI (FFFF);
RUNTEST 1000 TCK;
SDR 16 TDI (FFFF);
RUNTEST 1000 TCK;
SDR 16 TDI (FFFF);
RUNTEST 1000 TCK;
SDR 16 TDI (FFFF);
RUNTEST 1000 TCK;
SDR 16 TDI (FFFF);
RUNTEST 1000 TCK;
SDR 16 TDI (FFFF);
RUNTEST 1000 TCK;
!
!
!
!VERIFY
!
!
!
SIR 10 TDI (203);
RUNTEST 53 TCK;
SDR 13 TDI (0000);
SIR 10 TDI (205);
RUNTEST 53 TCK;
SDR 16 TDI (FFFF) TDO (7FFF) MASK (FFFF);
SDR 16 TDI (FFFF) TDO (FFFF);
SDR 16 TDI (FFFF) TDO (BFFF);
SDR 16 TDI (FFFF) TDO (FFFF);
SDR 16 TDI (FFFF) TDO (7FFF);
SDR 16 TDI (FFFF) TDO (FFFF);
SDR 16 TDI (FFFF) TDO (BFFF);
SDR 16 TDI (FFFF) TDO (FFFF);
SDR 16 TDI (FFFF) TDO (7FFF);
SDR 16 TDI (FFFF) TDO (FFFF);
SDR 16 TDI (FFFF) TDO (BFFF);
SDR 16 TDI (FFFF) TDO (FFFF);
SDR 16 TDI (FFFF) TDO (7FFF);
SDR 16 TDI (FFFF) TDO (FFFF);
SDR 16 TDI (FFFF) TDO (BFFF);
SDR 16 TDI (FFFF) TDO (FFFF);
SDR 16 TDI (FFFF) TDO (7FFF);
SDR 16 TDI (FFFF) TDO (FFFF);
SDR 16 TDI (FFFF) TDO (BFF7);
SDR 16 TDI (FFFF) TDO (FFFF);
SDR 16 TDI (FFFF) TDO (7FFF);
SDR 16 TDI (FFFF) TDO (FFFF);
SDR 16 TDI (FFFF) TDO (BFFF);
SDR 16 TDI (FFFF) TDO (FFFF);
SDR 16 TDI (FFFF) TDO (7FFF);
SDR 16 TDI (FFFF) TDO (FFFB);
SDR 16 TDI (FFFF) TDO (BFFF);
SDR 16 TDI (FFFF) TDO (FFFF);
SDR 16 TDI (FFFF) TDO (7FFF);
SDR 16 TDI (FFFF) TDO (FFFF);
SDR 16 TDI (FFFF) TDO (BFFF);
SDR 16 TDI (FFFF) TDO (FFFF);
SDR 16 TDI (FFFF) TDO (77FF);
SDR 16 TDI (FFFF) TDO (FFFF);
SDR 16 TDI (FFFF) TDO (BFFF);
SDR 16 TDI (FFFF) TDO (CEEE);
SDR 16 TDI (FFFF) TDO (7FFB);
SDR 16 TDI (FFFF) TDO (FF7F);
SDR 16 TDI (FFFF) TDO (BF6E);
SDR 16 TDI (FFFF) TDO (EFF9);
SDR 16 TDI (FFFF) TDO (733F);
SDR 16 TDI (FFFF) TDO (FF9F);
SDR 16 TDI (FFFF) TDO (B77F);
SDR 16 TDI (FFFF) TDO (ECCF);
SDR 16 TDI (FFFF) TDO (7FFD);
SDR 16 TDI (FFFF) TDO (7FBF);
SDR 16 TDI (FFFF) TDO (BECC);
SDR 16 TDI (FFFF) TDO (CFFE);
SDR 16 TDI (FFFF) TDO (7FFF);
SDR 16 TDI (FFFF) TDO (FFFF);
SDR 16 TDI (FFFF) TDO (BFFF);
SDR 16 TDI (FFFF) TDO (FEEE);
SDR 16 TDI (FFFF) TDO (7FFB);
SDR 16 TDI (FFFF) TDO (FFFF);
SDR 16 TDI (FFFF) TDO (BFEE);
SDR 16 TDI (FFFF) TDO (EFFF);
SDR 16 TDI (FFFF) TDO (7F7F);
SDR 16 TDI (FFFF) TDO (FBFD);
SDR 16 TDI (FFFF) TDO (B77F);
SDR 16 TDI (FFFF) TDO (EFFF);
SDR 16 TDI (FFFF) TDO (7FFF);
SDR 16 TDI (FFFF) TDO (D9BF);
SDR 16 TDI (FFFF) TDO (BEFF);
SDR 16 TDI (FFFF) TDO (FFFE);
SDR 16 TDI (FFFF) TDO (6FFF);
SDR 16 TDI (FFFF) TDO (FFFF);
SDR 16 TDI (FFFF) TDO (BFFF);
SDR 16 TDI (FFFF) TDO (FFFF);
SDR 16 TDI (FFFF) TDO (7FFF);
SDR 16 TDI (FFFF) TDO (FFFF);
SDR 16 TDI (FFFF) TDO (BFFF);
SDR 16 TDI (FFFF) TDO (FFFF);
SDR 16 TDI (FFFF) TDO (7FFF);
SDR 16 TDI (FFFF) TDO (EFFF);
SDR 16 TDI (FFFF) TDO (BFF7);
SDR 16 TDI (FFFF) TDO (FFFF);
SDR 16 TDI (FFFF) TDO (7FFF);
SDR 16 TDI (FFFF) TDO (FFFF);
SDR 16 TDI (FFFF) TDO (BFFF);
SDR 16 TDI (FFFF) TDO (FFFF);
SDR 16 TDI (FFFF) TDO (7FFF);
SDR 16 TDI (FFFF) TDO (FFFF);
SDR 16 TDI (FFFF) TDO (BFFF);
SDR 16 TDI (FFFF) TDO (FFFF);
SDR 16 TDI (FFFF) TDO (7FFF);
SDR 16 TDI (FFFF) TDO (FFFF);
SDR 16 TDI (FFFF) TDO (BFFF);
SDR 16 TDI (FFFF) TDO (FFFF);
SDR 16 TDI (FFFF) TDO (7FFF);
SDR 16 TDI (FFFF) TDO (EFFF);
SDR 16 TDI (FFFF) TDO (BFFF);
SDR 16 TDI (FFFF) TDO (FFFF);
SDR 16 TDI (FFFF) TDO (7FFF);
SDR 16 TDI (FFFF) TDO (BBFF);
SDR 16 TDI (FFFF) TDO (BFFF);
SDR 16 TDI (FFFF) TDO (FBFE);
SDR 16 TDI (FFFF) TDO (7FFF);
SDR 16 TDI (FFFF) TDO (FFFF);
SDR 16 TDI (FFFF) TDO (BFFF);
SDR 16 TDI (FFFF) TDO (FDDD);
SDR 16 TDI (FFFF) TDO (7FFD);
SDR 16 TDI (FFFF) TDO (FFFF);
SDR 16 TDI (FFFF) TDO (BFDD);
SDR 16 TDI (FFFF) TDO (DFFF);
SDR 16 TDI (FFFF) TDO (7F7F);
SDR 16 TDI (FFFF) TDO (EFFE);
SDR 16 TDI (FFFF) TDO (AEFF);
SDR 16 TDI (FFFF) TDO (F7FF);
SDR 16 TDI (FFFF) TDO (7FFF);
SDR 16 TDI (FFFF) TDO (EE7F);
SDR 16 TDI (FFFF) TDO (BF7F);
SDR 16 TDI (FFFF) TDO (FFFE);
SDR 16 TDI (FFFF) TDO (7FFF);
SDR 16 TDI (FFFF) TDO (FFFF);
SDR 16 TDI (FFFF) TDO (BFFF);
SDR 16 TDI (FFFF) TDO (FFFF);
SDR 16 TDI (FFFF) TDO (7FFF);
SDR 16 TDI (FFFF) TDO (FFFF);
SDR 16 TDI (FFFF) TDO (BFFF);
SDR 16 TDI (FFFF) TDO (FFF7);
SDR 16 TDI (FFFF) TDO (7FFF);
SDR 16 TDI (FFFF) TDO (EFFF);
SDR 16 TDI (FFFF) TDO (BFFF);
SDR 16 TDI (FFFF) TDO (FFFF);
SDR 16 TDI (FFFF) TDO (7FFF);
SDR 16 TDI (FFFF) TDO (FFFF);
SDR 16 TDI (FFFF) TDO (BFFF);
SDR 16 TDI (FFFF) TDO (BFFE);
SDR 16 TDI (FFFF) TDO (7FFF);
SDR 16 TDI (FFFF) TDO (FFFF);
SDR 16 TDI (FFFF) TDO (BFFF);
SDR 16 TDI (FFFF) TDO (FFFF);
SDR 16 TDI (FFFF) TDO (7FFF);
SDR 16 TDI (FFFF) TDO (DFFF);
SDR 16 TDI (FFFF) TDO (BFFF);
SDR 16 TDI (FFFF) TDO (FFFF);
SDR 16 TDI (FFFF) TDO (7DFF);
SDR 16 TDI (FFFF) TDO (EFFF);
SDR 16 TDI (FFFF) TDO (BFFF);
SDR 16 TDI (FFFF) TDO (FF7F);
SDR 16 TDI (FFFF) TDO (7DFF);
SDR 16 TDI (FFFF) TDO (FFFF);
SDR 16 TDI (FFFF) TDO (BFEF);
SDR 16 TDI (FFFF) TDO (F7FF);
SDR 16 TDI (FFFF) TDO (7FFF);
SDR 16 TDI (FFFF) TDO (FFFF);
SDR 16 TDI (FFFF) TDO (BFFF);
SDR 16 TDI (FFFF) TDO (FFFF);
SDR 16 TDI (FFFF) TDO (7FFF);
SDR 16 TDI (FFFF) TDO (DFFF);
SDR 16 TDI (FFFF) TDO (BFFF);
SDR 16 TDI (FFFF) TDO (FFFF);
SDR 16 TDI (FFFF) TDO (7DFF);
SDR 16 TDI (FFFF) TDO (EFFF);
SDR 16 TDI (FFFF) TDO (BFFF);
SDR 16 TDI (FFFF) TDO (FEFF);
SDR 16 TDI (FFFF) TDO (7FFF);
SDR 16 TDI (FFFF) TDO (FFFF);
SDR 16 TDI (FFFF) TDO (BFFF);
SDR 16 TDI (FFFF) TDO (CFFF);
SDR 16 TDI (FFFF) TDO (7FFF);
SDR 16 TDI (FFFF) TDO (FFFF);
SDR 16 TDI (FFFF) TDO (BFFF);
SDR 16 TDI (FFFF) TDO (FFFF);
SDR 16 TDI (FFFF) TDO (7FFF);
SDR 16 TDI (FFFF) TDO (FFFF);
SDR 16 TDI (FFFF) TDO (BFFF);
SDR 16 TDI (FFFF) TDO (FFF7);
SDR 16 TDI (FFFF) TDO (7FFF);
SDR 16 TDI (FFFF) TDO (FFFF);
SDR 16 TDI (FFFF) TDO (BFFF);
SDR 16 TDI (FFFF) TDO (FFFF);
SDR 16 TDI (FFFF) TDO (7FFF);
SDR 16 TDI (FFFF) TDO (FFFF);
SDR 16 TDI (FFFF) TDO (BFFF);
SDR 16 TDI (FFFF) TDO (FFFE);
SDR 16 TDI (FFFF) TDO (6FFF);
SDR 16 TDI (FFFF) TDO (FFFF);
SDR 16 TDI (FFFF) TDO (BFFF);
SDR 16 TDI (FFFF) TDO (FFFF);
SDR 16 TDI (FFFF) TDO (7FFF);
SDR 16 TDI (FFFF) TDO (FFFF);
SDR 16 TDI (FFFF) TDO (BFFF);
SDR 16 TDI (FFFF) TDO (FFFF);
SDR 16 TDI (FFFF) TDO (7FFF);
SDR 16 TDI (FFFF) TDO (FFFF);
SDR 16 TDI (FFFF) TDO (BFFF);
SDR 16 TDI (FFFF) TDO (FFFF);
SDR 16 TDI (FFFF) TDO (7EFD);
SDR 16 TDI (FFFF) TDO (FFFF);
SDR 16 TDI (FFFF) TDO (BFFF);
SDR 16 TDI (FFFF) TDO (FFFF);
SDR 16 TDI (FFFF) TDO (7FFF);
SDR 16 TDI (FFFF) TDO (FFFF);
SDR 16 TDI (FFFF) TDO (BFFF);
SDR 16 TDI (FFFF) TDO (FFFF);
SDR 16 TDI (FFFF) TDO (7FFF);
SDR 16 TDI (FFFF) TDO (FFFF);
SDR 16 TDI (FFFF) TDO (BFFF);
SDR 16 TDI (FFFF) TDO (FFFF);
SDR 16 TDI (FFFF) TDO (7FFF);
SDR 16 TDI (FFFF) TDO (FFFF);
SDR 16 TDI (FFFF) TDO (BFFF);
SDR 16 TDI (FFFF) TDO (FFFF);
SDR 16 TDI (FFFF) TDO (7FFF);
SDR 16 TDI (FFFF) TDO (FFFF);
SDR 16 TDI (FFFF) TDO (BDFF);
SDR 16 TDI (FFFF) TDO (DFFF);
SDR 16 TDI (FFFF) TDO (7FFF);
SDR 16 TDI (FFFF) TDO (FFFF);
SDR 16 TDI (FFFF) TDO (BFFF);
SDR 16 TDI (FFFF) TDO (BBFF);
SDR 16 TDI (FFFF) TDO (7FFF);
SDR 16 TDI (FFFF) TDO (FFFF);
SDR 16 TDI (FFFF) TDO (BFFF);
SDR 16 TDI (FFFF) TDO (FFF7);
SDR 16 TDI (FFFF) TDO (7FFF);
SDR 16 TDI (FFFF) TDO (EFFF);
SDR 16 TDI (FFFF) TDO (BFFF);
SDR 16 TDI (FFFF) TDO (BBFE);
SDR 16 TDI (FFFF) TDO (7FFD);
SDR 16 TDI (FFFF) TDO (FFFF);
SDR 16 TDI (FFFF) TDO (BFEF);
SDR 16 TDI (FFFF) TDO (DFF7);
SDR 16 TDI (FFFF) TDO (7FFF);
SDR 16 TDI (FFFF) TDO (FFFF);
SDR 16 TDI (FFFF) TDO (BFFF);
SDR 16 TDI (FFFF) TDO (FFFF);
SDR 16 TDI (FFFF) TDO (7FFF);
SDR 16 TDI (FFFF) TDO (FFFF);
SDR 16 TDI (FFFF) TDO (BFFF);
SDR 16 TDI (FFFF) TDO (FFFF);
SDR 16 TDI (FFFF) TDO (7FFF);
SDR 16 TDI (FFFF) TDO (EFFF);
SDR 16 TDI (FFFF) TDO (BFFF);
SDR 16 TDI (FFFF) TDO (FFFF);
SDR 16 TDI (FFFF) TDO (7DFF);
SDR 16 TDI (FFFF) TDO (FFFF);
SDR 16 TDI (FFFF) TDO (BDFF);
SDR 16 TDI (FFFF) TDO (FFFF);
SDR 16 TDI (FFFF) TDO (7FFF);
SDR 16 TDI (FFFF) TDO (FFFF);
SDR 16 TDI (FFFF) TDO (BFFF);
SDR 16 TDI (FFFF) TDO (FFFF);
SDR 16 TDI (FFFF) TDO (7FFF);
SDR 16 TDI (FFFF) TDO (FFFF);
SDR 16 TDI (FFFF) TDO (BFFF);
SDR 16 TDI (FFFF) TDO (FFFF);
SDR 16 TDI (FFFF) TDO (7FFF);
SDR 16 TDI (FFFF) TDO (EFFF);
SDR 16 TDI (FFFF) TDO (BFFF);
SDR 16 TDI (FFFF) TDO (FDFF);
SDR 16 TDI (FFFF) TDO (7FFF);
SDR 16 TDI (FFFF) TDO (FFFF);
SDR 16 TDI (FFFF) TDO (BFFF);
SDR 16 TDI (FFFF) TDO (FFFF);
SDR 16 TDI (FFFF) TDO (7FFF);
SDR 16 TDI (FFFF) TDO (FFFF);
SDR 16 TDI (FFFF) TDO (BFFF);
SDR 16 TDI (FFFF) TDO (FFFF);
SDR 16 TDI (FFFF) TDO (7FFF);
SDR 16 TDI (FFFF) TDO (FFFF);
SDR 16 TDI (FFFF) TDO (BFFF);
SDR 16 TDI (FFFF) TDO (FFFF);
SDR 16 TDI (FFFF) TDO (7FFF);
SDR 16 TDI (FFFF) TDO (EFFF);
SDR 16 TDI (FFFF) TDO (BFBF);
SDR 16 TDI (FFFF) TDO (FFFF);
SDR 16 TDI (FFFF) TDO (7FEF);
SDR 16 TDI (FFFF) TDO (FFDF);
SDR 16 TDI (FFFF) TDO (BFAF);
SDR 16 TDI (FFFF) TDO (FFFF);
SDR 16 TDI (FFFF) TDO (7FFF);
SDR 16 TDI (FFFF) TDO (FFFF);
SDR 16 TDI (FFFF) TDO (BFFF);
SDR 16 TDI (FFFF) TDO (FFFF);
SDR 16 TDI (FFFF) TDO (7FFF);
SDR 16 TDI (FFFF) TDO (FFFF);
SDR 16 TDI (FFFF) TDO (BFFF);
SDR 16 TDI (FFFF) TDO (FFFF);
SDR 16 TDI (FFFF) TDO (7FFF);
SDR 16 TDI (FFFF) TDO (FFFF);
SDR 16 TDI (FFFF) TDO (BFBF);
SDR 16 TDI (FFFF) TDO (FFFF);
SDR 16 TDI (FFFF) TDO (7FBB);
SDR 16 TDI (FFFF) TDO (FFFF);
SDR 16 TDI (FFFF) TDO (BFFF);
SDR 16 TDI (FFFF) TDO (FFFF);
SDR 16 TDI (FFFF) TDO (7FFF);
SDR 16 TDI (FFFF) TDO (FFFF);
SDR 16 TDI (FFFF) TDO (BFFF);
SDR 16 TDI (FFFF) TDO (FFFF);
SDR 16 TDI (FFFF) TDO (7FFF);
SDR 16 TDI (FFFF) TDO (FFFF);
SDR 16 TDI (FFFF) TDO (BFFF);
SDR 16 TDI (FFFF) TDO (FFFF);
SDR 16 TDI (FFFF) TDO (7FFF);
SDR 16 TDI (FFFF) TDO (FFFF);
SDR 16 TDI (FFFF) TDO (BFFF);
SDR 16 TDI (FFFF) TDO (FDFF);
SDR 16 TDI (FFFF) TDO (7FEF);
SDR 16 TDI (FFFF) TDO (FFFF);
SDR 16 TDI (FFFF) TDO (BFD7);
SDR 16 TDI (FFFF) TDO (FFFF);
SDR 16 TDI (FFFF) TDO (7FFF);
SDR 16 TDI (FFFF) TDO (FFFF);
SDR 16 TDI (FFFF) TDO (A55F);
SDR 16 TDI (FFFF) TDO (FFFF);
SDR 16 TDI (FFFF) TDO (7FFF);
SDR 16 TDI (FFFF) TDO (FFFF);
SDR 16 TDI (FFFF) TDO (BFFF);
SDR 16 TDI (FFFF) TDO (FFFF);
SDR 16 TDI (FFFF) TDO (7FFF);
SDR 16 TDI (FFFF) TDO (FFFF);
SDR 16 TDI (FFFF) TDO (BFFF);
SDR 16 TDI (FFFF) TDO (FFFF);
SDR 16 TDI (FFFF) TDO (7FDF);
SDR 16 TDI (FFFF) TDO (F7FF);
SDR 16 TDI (FFFF) TDO (BFFF);
SDR 16 TDI (FFFF) TDO (77F5);
SDR 16 TDI (FFFF) TDO (6BFF);
SDR 16 TDI (FFFF) TDO (FFFF);
SDR 16 TDI (FFFF) TDO (AFFF);
SDR 16 TDI (FFFF) TDO (FFFF);
SDR 16 TDI (FFFF) TDO (7FFF);
SDR 16 TDI (FFFF) TDO (FFFF);
SDR 16 TDI (FFFF) TDO (BFFF);
SDR 16 TDI (FFFF) TDO (FFFF);
SDR 16 TDI (FFFF) TDO (7FFF);
SDR 16 TDI (FFFF) TDO (FDFF);
SDR 16 TDI (FFFF) TDO (BFFF);
SDR 16 TDI (FFFF) TDO (FFFD);
SDR 16 TDI (FFFF) TDO (7FFF);
SDR 16 TDI (FFFF) TDO (7FEF);
SDR 16 TDI (FFFF) TDO (BFFF);
SDR 16 TDI (FFFF) TDO (FF7F);
SDR 16 TDI (FFFF) TDO (7FFF);
SDR 16 TDI (FFFF) TDO (FFFF);
SDR 16 TDI (FFFF) TDO (B55F);
SDR 16 TDI (FFFF) TDO (FFFF);
SDR 16 TDI (FFFF) TDO (7FFF);
SDR 16 TDI (FFFF) TDO (FFFF);
SDR 16 TDI (FFFF) TDO (BFFF);
SDR 16 TDI (FFFF) TDO (FFFF);
SDR 16 TDI (FFFF) TDO (7FFF);
SDR 16 TDI (FFFF) TDO (FFFF);
SDR 16 TDI (FFFF) TDO (BFFF);
SDR 16 TDI (FFFF) TDO (FFFF);
SDR 16 TDI (FFFF) TDO (7F7F);
SDR 16 TDI (FFFF) TDO (ADFF);
SDR 16 TDI (FFFF) TDO (BDDD);
SDR 16 TDI (FFFF) TDO (DD75);
SDR 16 TDI (FFFF) TDO (6BFF);
SDR 16 TDI (FFFF) TDO (FFFF);
SDR 16 TDI (FFFF) TDO (BAAF);
SDR 16 TDI (FFFF) TDO (FFFF);
SDR 16 TDI (FFFF) TDO (7FFF);
SDR 16 TDI (FFFF) TDO (FFFF);
SDR 16 TDI (FFFF) TDO (BFFF);
SDR 16 TDI (FFFF) TDO (FFFF);
SDR 16 TDI (FFFF) TDO (7FFF);
SDR 16 TDI (FFFF) TDO (F7FF);
SDR 16 TDI (FFFF) TDO (BFFD);
SDR 16 TDI (FFFF) TDO (FFFF);
SDR 16 TDI (FFFF) TDO (7BFD);
SDR 16 TDI (FFFF) TDO (FFDF);
SDR 16 TDI (FFFF) TDO (BDDF);
SDR 16 TDI (FFFF) TDO (FFFA);
SDR 16 TDI (FFFF) TDO (77FF);
SDR 16 TDI (FFFF) TDO (FFFF);
SDR 16 TDI (FFFF) TDO (BFFF);
SDR 16 TDI (FFFF) TDO (FFFF);
SDR 16 TDI (FFFF) TDO (7FFF);
SDR 16 TDI (FFFF) TDO (FFFF);
SDR 16 TDI (FFFF) TDO (BFFF);
SDR 16 TDI (FFFF) TDO (FFFF);
SDR 16 TDI (FFFF) TDO (7FFF);
SDR 16 TDI (FFFF) TDO (FFFF);
SDR 16 TDI (FFFF) TDO (BFFF);
SDR 16 TDI (FFFF) TDO (FFFF);
SDR 16 TDI (FFFF) TDO (7FEF);
SDR 16 TDI (FFFF) TDO (F77F);
SDR 16 TDI (FFFF) TDO (BF77);
SDR 16 TDI (FFFF) TDO (73FE);
SDR 16 TDI (FFFF) TDO (7FFF);
SDR 16 TDI (FFFF) TDO (FFFF);
SDR 16 TDI (FFFF) TDO (BFFF);
SDR 16 TDI (FFFF) TDO (FFFF);
SDR 16 TDI (FFFF) TDO (7FFF);
SDR 16 TDI (FFFF) TDO (FFFF);
SDR 16 TDI (FFFF) TDO (BFFF);
SDR 16 TDI (FFFF) TDO (FFFF);
SDR 16 TDI (FFFF) TDO (7FFF);
SDR 16 TDI (FFFF) TDO (FDFD);
SDR 16 TDI (FFFF) TDO (BFFF);
SDR 16 TDI (FFFF) TDO (FFFF);
SDR 16 TDI (FFFF) TDO (7FFF);
SDR 16 TDI (FFFF) TDO (DF7F);
SDR 16 TDI (FFFF) TDO (BFFF);
SDR 16 TDI (FFFF) TDO (FFFF);
SDR 16 TDI (FFFF) TDO (7FFF);
SDR 16 TDI (FFFF) TDO (FFFF);
SDR 16 TDI (FFFF) TDO (BFFF);
SDR 16 TDI (FFFF) TDO (FFFF);
SDR 16 TDI (FFFF) TDO (7FFF);
SDR 16 TDI (FFFF) TDO (FFFF);
SDR 16 TDI (FFFF) TDO (BFFF);
SDR 16 TDI (FFFF) TDO (FFFF);
SDR 16 TDI (FFFF) TDO (7FFF);
SDR 16 TDI (FFFF) TDO (FFFF);
SDR 16 TDI (FFFF) TDO (BFFF);
SDR 16 TDI (FFFF) TDO (FFFF);
SDR 16 TDI (FFFF) TDO (7FDF);
SDR 16 TDI (FFFF) TDO (F19F);
SDR 16 TDI (FFFF) TDO (BCCC);
SDR 16 TDI (FFFF) TDO (47FF);
SDR 16 TDI (FFFF) TDO (7FFF);
SDR 16 TDI (FFFF) TDO (FFFF);
SDR 16 TDI (FFFF) TDO (BAAF);
SDR 16 TDI (FFFF) TDO (FFFF);
SDR 16 TDI (FFFF) TDO (7FFF);
SDR 16 TDI (FFFF) TDO (FFFF);
SDR 16 TDI (FFFF) TDO (BFFF);
SDR 16 TDI (FFFF) TDO (FFFF);
SDR 16 TDI (FFFF) TDO (7FFF);
SDR 16 TDI (FFFF) TDO (FFFF);
SDR 16 TDI (FFFF) TDO (BFFD);
SDR 16 TDI (FFFF) TDO (FFFF);
SDR 16 TDI (FFFF) TDO (7FEF);
SDR 16 TDI (FFFF) TDO (9F6F);
SDR 16 TDI (FFFF) TDO (BFFF);
SDR 16 TDI (FFFF) TDO (FDEA);
SDR 16 TDI (FFFF) TDO (77FF);
SDR 16 TDI (FFFF) TDO (FFFF);
SDR 16 TDI (FFFF) TDO (BFFF);
SDR 16 TDI (FFFF) TDO (FFFF);
SDR 16 TDI (FFFF) TDO (7FFF);
SDR 16 TDI (FFFF) TDO (FFFF);
SDR 16 TDI (FFFF) TDO (BFFF);
SDR 16 TDI (FFFF) TDO (FFFF);
SDR 16 TDI (FFFF) TDO (7FFF);
SDR 16 TDI (FFFF) TDO (F8FE);
SDR 16 TDI (FFFF) TDO (BFFF);
SDR 16 TDI (FFFF) TDO (FFFD);
SDR 16 TDI (FFFF) TDO (77BE);
SDR 16 TDI (FFFF) TDO (6FFF);
SDR 16 TDI (FFFF) TDO (BBBF);
SDR 16 TDI (FFFF) TDO (FA7F);
SDR 16 TDI (FFFF) TDO (7FFF);
SDR 16 TDI (FFFF) TDO (FFFF);
SDR 16 TDI (FFFF) TDO (B55F);
SDR 16 TDI (FFFF) TDO (FFFF);
SDR 16 TDI (FFFF) TDO (7FDF);
SDR 16 TDI (FFFF) TDO (FFFF);
SDR 16 TDI (FFFF) TDO (BFFF);
SDR 16 TDI (FFFF) TDO (FFEF);
SDR 16 TDI (FFFF) TDO (7FFF);
SDR 16 TDI (FFFF) TDO (F1FC);
SDR 16 TDI (FFFF) TDO (BFFF);
SDR 16 TDI (FFFF) TDO (7FF8);
SDR 16 TDI (FFFF) TDO (632C);
SDR 16 TDI (FFFF) TDO (054F);
SDR 16 TDI (FFFF) TDO (B100);
SDR 16 TDI (FFFF) TDO (2875);
SDR 16 TDI (FFFF) TDO (6BFF);
SDR 16 TDI (FFFF) TDO (FFFF);
SDR 16 TDI (FFFF) TDO (BFFF);
SDR 16 TDI (FFFF) TDO (FFFF);
SDR 16 TDI (FFFF) TDO (7FBF);
SDR 16 TDI (FFFF) TDO (FFFF);
SDR 16 TDI (FFFF) TDO (BFFF);
SDR 16 TDI (FFFF) TDO (FFDF);
SDR 16 TDI (FFFF) TDO (7FFF);
SDR 16 TDI (FFFF) TDO (F1FC);
SDR 16 TDI (FFFF) TDO (BFFB);
SDR 16 TDI (FFFF) TDO (FFF8);
SDR 16 TDI (FFFF) TDO (632C);
SDR 16 TDI (FFFF) TDO (000F);
SDR 16 TDI (FFFF) TDO (A900);
SDR 16 TDI (FFFF) TDO (007F);
SDR 16 TDI (FFFF) TDO (7FFF);
SDR 16 TDI (FFFF) TDO (FFFF);
SDR 16 TDI (FFFF) TDO (B55F);
SDR 16 TDI (FFFF) TDO (FFFF);
SDR 16 TDI (FFFF) TDO (7FFF);
SDR 16 TDI (FFFF) TDO (FFFF);
SDR 16 TDI (FFFF) TDO (BFFF);
SDR 16 TDI (FFFF) TDO (FFFF);
SDR 16 TDI (FFFF) TDO (7FFF);
SDR 16 TDI (FFFF) TDO (F0FC);
SDR 16 TDI (FFFF) TDO (BFFF);
SDR 16 TDI (FFFF) TDO (FFF8);
SDR 16 TDI (FFFF) TDO (630C);
SDR 16 TDI (FFFF) TDO (10FF);
SDR 16 TDI (FFFF) TDO (B80B);
SDR 16 TDI (FFFF) TDO (00F5);
SDR 16 TDI (FFFF) TDO (6BFF);
SDR 16 TDI (FFFF) TDO (FFFF);
SDR 16 TDI (FFFF) TDO (BFFF);
SDR 16 TDI (FFFF) TDO (FFFF);
SDR 16 TDI (FFFF) TDO (7FFF);
SDR 16 TDI (FFFF) TDO (FFFF);
SDR 16 TDI (FFFF) TDO (BFFF);
SDR 16 TDI (FFFF) TDO (FFFF);
SDR 16 TDI (FFFF) TDO (7FFF);
SDR 16 TDI (FFFF) TDO (F0FC);
SDR 16 TDI (FFFF) TDO (BFFF);
SDR 16 TDI (FFFF) TDO (FFF8);
SDR 16 TDI (FFFF) TDO (630C);
SDR 16 TDI (FFFF) TDO (00BF);
SDR 16 TDI (FFFF) TDO (B808);
SDR 16 TDI (FFFF) TDO (007F);
SDR 16 TDI (FFFF) TDO (7FFF);
SDR 16 TDI (FFFF) TDO (FFFF);
SDR 16 TDI (FFFF) TDO (BFFF);
SDR 16 TDI (FFFF) TDO (3333);
SDR 16 TDI (FFFF) TDO (63E6);
SDR 16 TDI (FFFF) TDO (6667);
SDR 16 TDI (FFFF) TDO (B333);
SDR 16 TDI (FFFF) TDO (31F3);
SDR 16 TDI (FFFF) TDO (6666);
SDR 16 TDI (FFFF) TDO (7CCE);
SDR 16 TDI (FFFF) TDO (B98F);
SDR 16 TDI (FFFF) TDO (999B);
SDR 16 TDI (FFFF) TDO (776E);
SDR 16 TDI (FFFF) TDO (28E7);
SDR 16 TDI (FFFF) TDO (B889);
SDR 16 TDI (FFFF) TDO (8A7A);
SDR 16 TDI (FFFF) TDO (77FF);
SDR 16 TDI (FFFF) TDO (FFFF);
SDR 16 TDI (FFFF) TDO (BFFF);
SDR 16 TDI (FFFF) TDO (7777);
SDR 16 TDI (FFFF) TDO (6957);
SDR 16 TDI (FFFF) TDO (7777);
SDR 16 TDI (FFFF) TDO (B777);
SDR 16 TDI (FFFF) TDO (74AB);
SDR 16 TDI (FFFF) TDO (7777);
SDR 16 TDI (FFFF) TDO (7CDC);
SDR 16 TDI (FFFF) TDO (BBB5);
SDR 16 TDI (FFFF) TDO (5DD9);
SDR 16 TDI (FFFF) TDO (738C);
SDR 16 TDI (FFFF) TDO (8DCA);
SDR 16 TDI (FFFF) TDO (B5CC);
SDR 16 TDI (FFFF) TDO (D9FF);
SDR 16 TDI (FFFF) TDO (7FFF);
SDR 16 TDI (FFFF) TDO (FFFF);
SDR 16 TDI (FFFF) TDO (BFFF);
SDR 16 TDI (FFFF) TDO (FFFF);
SDR 16 TDI (FFFF) TDO (7FDF);
SDR 16 TDI (FFFF) TDO (FFFF);
SDR 16 TDI (FFFF) TDO (BFFF);
SDR 16 TDI (FFFF) TDO (FFEF);
SDR 16 TDI (FFFF) TDO (7FFF);
SDR 16 TDI (FFFF) TDO (FFFF);
SDR 16 TDI (FFFF) TDO (BFFF);
SDR 16 TDI (FFFF) TDO (7FFF);
SDR 16 TDI (FFFF) TDO (6F7F);
SDR 16 TDI (FFFF) TDO (7FFF);
SDR 16 TDI (FFFF) TDO (B7FF);
SDR 16 TDI (FFFF) TDO (FF7F);
SDR 16 TDI (FFFF) TDO (7FFF);
SDR 16 TDI (FFFF) TDO (FFFF);
SDR 16 TDI (FFFF) TDO (BFFF);
SDR 16 TDI (FFFF) TDO (FFFF);
SDR 16 TDI (FFFF) TDO (7FFF);
SDR 16 TDI (FFFF) TDO (FFFF);
SDR 16 TDI (FFFF) TDO (BFFF);
SDR 16 TDI (FFFF) TDO (FFFF);
SDR 16 TDI (FFFF) TDO (7FFF);
SDR 16 TDI (FFFF) TDO (FFEF);
SDR 16 TDI (FFFF) TDO (BFDF);
SDR 16 TDI (FFFF) TDO (FFFF);
SDR 16 TDI (FFFF) TDO (7BFF);
SDR 16 TDI (FFFF) TDO (DFEF);
SDR 16 TDI (FFFF) TDO (BFFF);
SDR 16 TDI (FFFF) TDO (FFFF);
SDR 16 TDI (FFFF) TDO (7FFF);
SDR 16 TDI (FFFF) TDO (FFFF);
SDR 16 TDI (FFFF) TDO (BFFF);
SDR 16 TDI (FFFF) TDO (FFFF);
SDR 16 TDI (FFFF) TDO (7FFF);
SDR 16 TDI (FFFF) TDO (FFFF);
SDR 16 TDI (FFFF) TDO (BFFF);
SDR 16 TDI (FFFF) TDO (FFFF);
SDR 16 TDI (FFFF) TDO (7FFF);
SDR 16 TDI (FFFF) TDO (FFFF);
SDR 16 TDI (FFFF) TDO (BFFF);
SDR 16 TDI (FFFF) TDO (FFFF);
SDR 16 TDI (FFFF) TDO (7FDD);
SDR 16 TDI (FFFF) TDO (FFFF);
SDR 16 TDI (FFFF) TDO (BFFE);
SDR 16 TDI (FFFF) TDO (FFDF);
SDR 16 TDI (FFFF) TDO (7FFF);
SDR 16 TDI (FFFF) TDO (FFFF);
SDR 16 TDI (FFFF) TDO (AFFF);
SDR 16 TDI (FFFF) TDO (FFFF);
SDR 16 TDI (FFFF) TDO (7FFF);
SDR 16 TDI (FFFF) TDO (FFFF);
SDR 16 TDI (FFFF) TDO (BFFF);
SDR 16 TDI (FFFF) TDO (FFFF);
SDR 16 TDI (FFFF) TDO (7FFF);
SDR 16 TDI (FFFF) TDO (FFFF);
SDR 16 TDI (FFFF) TDO (BFDF);
SDR 16 TDI (FFFF) TDO (FFFF);
SDR 16 TDI (FFFF) TDO (7FED);
SDR 16 TDI (FFFF) TDO (FFFF);
SDR 16 TDI (FFFF) TDO (BFFF);
SDR 16 TDI (FFFF) TDO (FFFF);
SDR 16 TDI (FFFF) TDO (7FFF);
SDR 16 TDI (FFFF) TDO (FFFF);
SDR 16 TDI (FFFF) TDO (ABBF);
SDR 16 TDI (FFFF) TDO (FFFF);
SDR 16 TDI (FFFF) TDO (7FFF);
SDR 16 TDI (FFFF) TDO (FFFF);
SDR 16 TDI (FFFF) TDO (BFFF);
SDR 16 TDI (FFFF) TDO (FFFF);
SDR 16 TDI (FFFF) TDO (7FFF);
SDR 16 TDI (FFFF) TDO (FFEF);
SDR 16 TDI (FFFF) TDO (BFFF);
SDR 16 TDI (FFFF) TDO (FFFF);
SDR 16 TDI (FFFF) TDO (77FF);
SDR 16 TDI (FFFF) TDO (DFDF);
SDR 16 TDI (FFFF) TDO (BFFF);
SDR 16 TDI (FFFF) TDO (FFFB);
SDR 16 TDI (FFFF) TDO (77FF);
SDR 16 TDI (FFFF) TDO (FFFF);
SDR 16 TDI (FFFF) TDO (BFFF);
SDR 16 TDI (FFFF) TDO (F7F7);
SDR 16 TDI (FFFF) TDO (7FFF);
SDR 16 TDI (FFFF) TDO (FFFF);
SDR 16 TDI (FFFF) TDO (BFFF);
SDR 16 TDI (FFFF) TDO (FFFF);
SDR 16 TDI (FFFF) TDO (7FFF);
SDR 16 TDI (FFFF) TDO (FFDB);
SDR 16 TDI (FFFF) TDO (BFFF);
SDR 16 TDI (FFFF) TDO (FFFF);
SDR 16 TDI (FFFF) TDO (7EF7);
SDR 16 TDI (FFFF) TDO (FFFF);
SDR 16 TDI (FFFF) TDO (BFFF);
SDR 16 TDI (FFFF) TDO (FEFF);
SDR 16 TDI (FFFF) TDO (7FFF);
SDR 16 TDI (FFFF) TDO (FFFF);
SDR 16 TDI (FFFF) TDO (BFFD);
SDR 16 TDI (FFFF) TDO (FFFF);
SDR 16 TDI (FFFF) TDO (7FFF);
SDR 16 TDI (FFFF) TDO (FFFF);
SDR 16 TDI (FFFF) TDO (BFFF);
SDR 16 TDI (FFFF) TDO (FFFF);
SDR 16 TDI (FFFF) TDO (7FFF);
SDR 16 TDI (FFFF) TDO (FBFF);
SDR 16 TDI (FFFF) TDO (BFFF);
SDR 16 TDI (FFFF) TDO (EFFF);
SDR 16 TDI (FFFF) TDO (7FBF);
SDR 16 TDI (FFFF) TDO (FFFF);
SDR 16 TDI (FFFF) TDO (BFDF);
SDR 16 TDI (FFFF) TDO (FFFF);
SDR 16 TDI (FFFF) TDO (7FFF);
SDR 16 TDI (FFFF) TDO (FFFF);
SDR 16 TDI (FFFF) TDO (BFFD);
SDR 16 TDI (FFFF) TDO (FFFF);
SDR 16 TDI (FFFF) TDO (7FFF);
SDR 16 TDI (FFFF) TDO (FFFF);
SDR 16 TDI (FFFF) TDO (BFFF);
SDR 16 TDI (FFFF) TDO (FFFF);
SDR 16 TDI (FFFF) TDO (7FFF);
SDR 16 TDI (FFFF) TDO (EEFF);
SDR 16 TDI (FFFF) TDO (BFFF);
SDR 16 TDI (FFFF) TDO (F7FE);
SDR 16 TDI (FFFF) TDO (7FFF);
SDR 16 TDI (FFFF) TDO (EEEF);
SDR 16 TDI (FFFF) TDO (BBFF);
SDR 16 TDI (FFFF) TDO (BBDF);
SDR 16 TDI (FFFF) TDO (7FFF);
SDR 16 TDI (FFFF) TDO (FFFF);
SDR 16 TDI (FFFF) TDO (BFFF);
SDR 16 TDI (FFFF) TDO (F7F7);
SDR 16 TDI (FFFF) TDO (7FFF);
SDR 16 TDI (FFFF) TDO (FFFF);
SDR 16 TDI (FFFF) TDO (BFFF);
SDR 16 TDI (FFFF) TDO (FFFF);
SDR 16 TDI (FFFF) TDO (7FFF);
SDR 16 TDI (FFFF) TDO (FBE7);
SDR 16 TDI (FFFF) TDO (BFFF);
SDR 16 TDI (FFFF) TDO (FFFF);
SDR 16 TDI (FFFF) TDO (7D7B);
SDR 16 TDI (FFFF) TDO (FFFF);
SDR 16 TDI (FFFF) TDO (BFDF);
SDR 16 TDI (FFFF) TDO (FF7F);
SDR 16 TDI (FFFF) TDO (7FFF);
SDR 16 TDI (FFFF) TDO (FFFF);
SDR 16 TDI (FFFF) TDO (BFFF);
SDR 16 TDI (FFFF) TDO (FDFF);
SDR 16 TDI (FFFF) TDO (7FFF);
SDR 16 TDI (FFFF) TDO (FFFF);
SDR 16 TDI (FFFF) TDO (BFFF);
SDR 16 TDI (FFFF) TDO (FFFF);
SDR 16 TDI (FFFF) TDO (7FFF);
SDR 16 TDI (FFFF) TDO (E7FF);
SDR 16 TDI (FFFF) TDO (AFFF);
SDR 16 TDI (FFFF) TDO (FFFF);
SDR 16 TDI (FFFF) TDO (7FEF);
SDR 16 TDI (FFFF) TDO (FFFF);
SDR 16 TDI (FFFF) TDO (BFFE);
SDR 16 TDI (FFFF) TDO (FFBF);
SDR 16 TDI (FFFF) TDO (7FFF);
SDR 16 TDI (FFFF) TDO (FFFF);
SDR 16 TDI (FFFF) TDO (BFFF);
SDR 16 TDI (FFFF) TDO (FFDF);
SDR 16 TDI (FFFF) TDO (6FFF);
SDR 16 TDI (FFFF) TDO (FFFF);
SDR 16 TDI (FFFF) TDO (BFFF);
SDR 16 TDI (FFFF) TDO (FFFF);
SDR 16 TDI (FFFF) TDO (7FFF);
SDR 16 TDI (FFFF) TDO (EFFF);
SDR 16 TDI (FFFF) TDO (BFBF);
SDR 16 TDI (FFFF) TDO (FFF7);
SDR 16 TDI (FFFF) TDO (7DFF);
SDR 16 TDI (FFFF) TDO (BFDF);
SDR 16 TDI (FFFF) TDO (BFBF);
SDR 16 TDI (FFFF) TDO (FFF7);
SDR 16 TDI (FFFF) TDO (7BFF);
SDR 16 TDI (FFFF) TDO (FFFF);
SDR 16 TDI (FFFF) TDO (BFFF);
SDR 16 TDI (FFFF) TDO (FFFF);
SDR 16 TDI (FFFF) TDO (7FFF);
SDR 16 TDI (FFFF) TDO (FFFF);
SDR 16 TDI (FFFF) TDO (BFFF);
SDR 16 TDI (FFFF) TDO (FFFF);
SDR 16 TDI (FFFF) TDO (7FFF);
SDR 16 TDI (FFFF) TDO (FFFF);
SDR 16 TDI (FFFF) TDO (BFBF);
SDR 16 TDI (FFFF) TDO (FFFF);
SDR 16 TDI (FFFF) TDO (7FDF);
SDR 16 TDI (FFFF) TDO (6FDF);
SDR 16 TDI (FFFF) TDO (BFDF);
SDR 16 TDI (FFFF) TDO (FEF7);
SDR 16 TDI (FFFF) TDO (7FFF);
SDR 16 TDI (FFFF) TDO (FFFF);
SDR 16 TDI (FFFF) TDO (BFFF);
SDR 16 TDI (FFFF) TDO (FEDF);
SDR 16 TDI (FFFF) TDO (7FFF);
SDR 16 TDI (FFFF) TDO (FFFF);
SDR 16 TDI (FFFF) TDO (BFFF);
SDR 16 TDI (FFFF) TDO (FFFF);
SDR 16 TDI (FFFF) TDO (7FFF);
SDR 16 TDI (FFFF) TDO (F7FF);
SDR 16 TDI (FFFF) TDO (B7FF);
SDR 16 TDI (FFFF) TDO (FFEF);
SDR 16 TDI (FFFF) TDO (7DFF);
SDR 16 TDI (FFFF) TDO (FFFF);
SDR 16 TDI (FFFF) TDO (BFFF);
SDR 16 TDI (FFFF) TDO (7FDF);
SDR 16 TDI (FFFF) TDO (77FF);
SDR 16 TDI (FFFF) TDO (FFFF);
SDR 16 TDI (FFFF) TDO (A55F);
SDR 16 TDI (FFFF) TDO (FFEB);
SDR 16 TDI (FFFF) TDO (7FFF);
SDR 16 TDI (FFFF) TDO (FFFF);
SDR 16 TDI (FFFF) TDO (BFFF);
SDR 16 TDI (FFFF) TDO (FFFF);
SDR 16 TDI (FFFF) TDO (7FFF);
SDR 16 TDI (FFFF) TDO (FFFE);
SDR 16 TDI (FFFF) TDO (BFFD);
SDR 16 TDI (FFFF) TDO (FFFF);
SDR 16 TDI (FFFF) TDO (7FFF);
SDR 16 TDI (FFFF) TDO (FFFF);
SDR 16 TDI (FFFF) TDO (BFFB);
SDR 16 TDI (FFFF) TDO (BFF4);
SDR 16 TDI (FFFF) TDO (79FF);
SDR 16 TDI (FFFF) TDO (FFFF);
SDR 16 TDI (FFFF) TDO (AFFF);
SDR 16 TDI (FFFF) TDO (FFFF);
SDR 16 TDI (FFFF) TDO (7FFF);
SDR 16 TDI (FFFF) TDO (FFFF);
SDR 16 TDI (FFFF) TDO (BFFF);
SDR 16 TDI (FFFF) TDO (FFFF);
SDR 16 TDI (FFFF) TDO (7FFF);
SDR 16 TDI (FFFF) TDO (FFFF);
SDR 16 TDI (FFFF) TDO (BFBF);
SDR 16 TDI (FFFF) TDO (FFFB);
SDR 16 TDI (FFFF) TDO (79DB);
SDR 16 TDI (FFFF) TDO (DDFF);
SDR 16 TDI (FFFF) TDO (BBDF);
SDR 16 TDI (FFFF) TDO (FFFF);
SDR 16 TDI (FFFF) TDO (7DFF);
SDR 16 TDI (FFFF) TDO (FFFF);
SDR 16 TDI (FFFF) TDO (A55F);
SDR 16 TDI (FFFF) TDO (FFFF);
SDR 16 TDI (FFFF) TDO (7FFF);
SDR 16 TDI (FFFF) TDO (FFFF);
SDR 16 TDI (FFFF) TDO (BFFF);
SDR 16 TDI (FFFF) TDO (FFFF);
SDR 16 TDI (FFFF) TDO (7FFF);
SDR 16 TDI (FFFF) TDO (FFFF);
SDR 16 TDI (FFFF) TDO (BFFF);
SDR 16 TDI (FFFF) TDO (FFFF);
SDR 16 TDI (FFFF) TDO (7EFD);
SDR 16 TDI (FFFF) TDO (FFFF);
SDR 16 TDI (FFFF) TDO (BFFF);
SDR 16 TDI (FFFF) TDO (FDF5);
SDR 16 TDI (FFFF) TDO (7DFF);
SDR 16 TDI (FFFF) TDO (FFFF);
SDR 16 TDI (FFFF) TDO (AAAF);
SDR 16 TDI (FFFF) TDO (FFDB);
SDR 16 TDI (FFFF) TDO (7FFF);
SDR 16 TDI (FFFF) TDO (FFFF);
SDR 16 TDI (FFFF) TDO (BFFF);
SDR 16 TDI (FFFF) TDO (FFFF);
SDR 16 TDI (FFFF) TDO (7FFF);
SDR 16 TDI (FFFF) TDO (FFFF);
SDR 16 TDI (FFFF) TDO (BFFF);
SDR 16 TDI (FFFF) TDO (FFFF);
SDR 16 TDI (FFFF) TDO (7BFF);
SDR 16 TDI (FFFF) TDO (FBED);
SDR 16 TDI (FFFF) TDO (BBEF);
SDR 16 TDI (FFFF) TDO (FFFF);
SDR 16 TDI (FFFF) TDO (69FF);
SDR 16 TDI (FFFF) TDO (FFFF);
SDR 16 TDI (FFFF) TDO (BFFF);
SDR 16 TDI (FFFF) TDO (FFFF);
SDR 16 TDI (FFFF) TDO (7FFF);
SDR 16 TDI (FFFF) TDO (FFFF);
SDR 16 TDI (FFFF) TDO (BFFF);
SDR 16 TDI (FFFF) TDO (FFFF);
SDR 16 TDI (FFFF) TDO (7FFF);
SDR 16 TDI (FFFF) TDO (FFFF);
SDR 16 TDI (FFFF) TDO (BFFF);
SDR 16 TDI (FFFF) TDO (FFFF);
SDR 16 TDI (FFFF) TDO (7FFF);
SDR 16 TDI (FFFF) TDO (FFFF);
SDR 16 TDI (FFFF) TDO (BEFF);
SDR 16 TDI (FFFF) TDO (FFFF);
SDR 16 TDI (FFFF) TDO (7FFF);
SDR 16 TDI (FFFF) TDO (FFFF);
SDR 16 TDI (FFFF) TDO (BFFF);
SDR 16 TDI (FFFF) TDO (FFFF);
SDR 16 TDI (FFFF) TDO (7FFF);
SDR 16 TDI (FFFF) TDO (FFFF);
SDR 16 TDI (FFFF) TDO (BFFF);
SDR 16 TDI (FFFF) TDO (FFFF);
SDR 16 TDI (FFFF) TDO (7FFF);
SDR 16 TDI (FFFF) TDO (FFFF);
SDR 16 TDI (FFFF) TDO (BFFF);
SDR 16 TDI (FFFF) TDO (FFFD);
SDR 16 TDI (FFFF) TDO (7FED);
SDR 16 TDI (FFFF) TDO (FAFF);
SDR 16 TDI (FFFF) TDO (BEAD);
SDR 16 TDI (FFFF) TDO (DBFF);
SDR 16 TDI (FFFF) TDO (7FFF);
SDR 16 TDI (FFFF) TDO (FFFF);
SDR 16 TDI (FFFF) TDO (BFFF);
SDR 16 TDI (FFFF) TDO (FFDB);
SDR 16 TDI (FFFF) TDO (7FFF);
SDR 16 TDI (FFFF) TDO (FFFF);
SDR 16 TDI (FFFF) TDO (BFFF);
SDR 16 TDI (FFFF) TDO (FFFF);
SDR 16 TDI (FFFF) TDO (7FFF);
SDR 16 TDI (FFFF) TDO (FFFF);
SDR 16 TDI (FFFF) TDO (BFBF);
SDR 16 TDI (FFFF) TDO (FFFB);
SDR 16 TDI (FFFF) TDO (7FE7);
SDR 16 TDI (FFFF) TDO (FDEE);
SDR 16 TDI (FFFF) TDO (BEDD);
SDR 16 TDI (FFFF) TDO (DDFF);
SDR 16 TDI (FFFF) TDO (7FFF);
SDR 16 TDI (FFFF) TDO (FFFF);
SDR 16 TDI (FFFF) TDO (BAAF);
SDR 16 TDI (FFFF) TDO (FFF7);
SDR 16 TDI (FFFF) TDO (7FFF);
SDR 16 TDI (FFFF) TDO (FFFF);
SDR 16 TDI (FFFF) TDO (BFFF);
SDR 16 TDI (FFFF) TDO (FFFF);
SDR 16 TDI (FFFF) TDO (7FFF);
SDR 16 TDI (FFFF) TDO (FFFF);
SDR 16 TDI (FFFF) TDO (BFFB);
SDR 16 TDI (FFFF) TDO (FFFD);
SDR 16 TDI (FFFF) TDO (72DF);
SDR 16 TDI (FFFF) TDO (FAFF);
SDR 16 TDI (FFFF) TDO (B9AB);
SDR 16 TDI (FFFF) TDO (BBFB);
SDR 16 TDI (FFFF) TDO (77FF);
SDR 16 TDI (FFFF) TDO (FFFF);
SDR 16 TDI (FFFF) TDO (BFFF);
SDR 16 TDI (FFFF) TDO (FFEF);
SDR 16 TDI (FFFF) TDO (7FFF);
SDR 16 TDI (FFFF) TDO (FFFF);
SDR 16 TDI (FFFF) TDO (BFFF);
SDR 16 TDI (FFFF) TDO (FFFF);
SDR 16 TDI (FFFF) TDO (7FFF);
SDR 16 TDI (FFFF) TDO (FFFD);
SDR 16 TDI (FFFF) TDO (BFFF);
SDR 16 TDI (FFFF) TDO (FFFF);
SDR 16 TDI (FFFF) TDO (7DFC);
SDR 16 TDI (FFFF) TDO (D7FF);
SDR 16 TDI (FFFF) TDO (BF77);
SDR 16 TDI (FFFF) TDO (FFFF);
SDR 16 TDI (FFFF) TDO (7FFF);
SDR 16 TDI (FFFF) TDO (FFFF);
SDR 16 TDI (FFFF) TDO (A55F);
SDR 16 TDI (FFFF) TDO (FFEB);
SDR 16 TDI (FFFF) TDO (7FDF);
SDR 16 TDI (FFFF) TDO (FFFF);
SDR 16 TDI (FFFF) TDO (BFFF);
SDR 16 TDI (FFFF) TDO (FFEF);
SDR 16 TDI (FFFF) TDO (7FFF);
SDR 16 TDI (FFFF) TDO (FFF0);
SDR 16 TDI (FFFF) TDO (BE1F);
SDR 16 TDI (FFFF) TDO (7FFF);
SDR 16 TDI (FFFF) TDO (7F00);
SDR 16 TDI (FFFF) TDO (0C3F);
SDR 16 TDI (FFFF) TDO (B067);
SDR 16 TDI (FFFF) TDO (FFF4);
SDR 16 TDI (FFFF) TDO (79FF);
SDR 16 TDI (FFFF) TDO (FFFF);
SDR 16 TDI (FFFF) TDO (AFFF);
SDR 16 TDI (FFFF) TDO (FFD7);
SDR 16 TDI (FFFF) TDO (7FBF);
SDR 16 TDI (FFFF) TDO (FFFF);
SDR 16 TDI (FFFF) TDO (BFFF);
SDR 16 TDI (FFFF) TDO (FFDF);
SDR 16 TDI (FFFF) TDO (7FFF);
SDR 16 TDI (FFFF) TDO (FFF0);
SDR 16 TDI (FFFF) TDO (BE1F);
SDR 16 TDI (FFFF) TDO (FFFF);
SDR 16 TDI (FFFF) TDO (700F);
SDR 16 TDI (FFFF) TDO (043D);
SDR 16 TDI (FFFF) TDO (BBAF);
SDR 16 TDI (FFFF) TDO (FFFF);
SDR 16 TDI (FFFF) TDO (7DFF);
SDR 16 TDI (FFFF) TDO (FFFF);
SDR 16 TDI (FFFF) TDO (B55F);
SDR 16 TDI (FFFF) TDO (FFF3);
SDR 16 TDI (FFFF) TDO (7FFF);
SDR 16 TDI (FFFF) TDO (FFFF);
SDR 16 TDI (FFFF) TDO (BFFF);
SDR 16 TDI (FFFF) TDO (FFFF);
SDR 16 TDI (FFFF) TDO (7FFF);
SDR 16 TDI (FFFF) TDO (FFF0);
SDR 16 TDI (FFFF) TDO (BE1F);
SDR 16 TDI (FFFF) TDO (FFF9);
SDR 16 TDI (FFFF) TDO (7D33);
SDR 16 TDI (FFFF) TDO (0F3F);
SDR 16 TDI (FFFF) TDO (BCFE);
SDR 16 TDI (FFFF) TDO (1E74);
SDR 16 TDI (FFFF) TDO (7BFF);
SDR 16 TDI (FFFF) TDO (FFFF);
SDR 16 TDI (FFFF) TDO (BFFF);
SDR 16 TDI (FFFF) TDO (FFF3);
SDR 16 TDI (FFFF) TDO (7FFF);
SDR 16 TDI (FFFF) TDO (FFFF);
SDR 16 TDI (FFFF) TDO (BFFF);
SDR 16 TDI (FFFF) TDO (FFFF);
SDR 16 TDI (FFFF) TDO (7FFF);
SDR 16 TDI (FFFF) TDO (FFF0);
SDR 16 TDI (FFFF) TDO (BE1F);
SDR 16 TDI (FFFF) TDO (FFF9);
SDR 16 TDI (FFFF) TDO (713F);
SDR 16 TDI (FFFF) TDO (043F);
SDR 16 TDI (FFFF) TDO (BDCE);
SDR 16 TDI (FFFF) TDO (1E7F);
SDR 16 TDI (FFFF) TDO (7FFF);
SDR 16 TDI (FFFF) TDO (FFFF);
SDR 16 TDI (FFFF) TDO (BFFF);
SDR 16 TDI (FFFF) TDO (333B);
SDR 16 TDI (FFFF) TDO (63E6);
SDR 16 TDI (FFFF) TDO (6667);
SDR 16 TDI (FFFF) TDO (B333);
SDR 16 TDI (FFFF) TDO (31F3);
SDR 16 TDI (FFFF) TDO (6666);
SDR 16 TDI (FFFF) TDO (7CCE);
SDR 16 TDI (FFFF) TDO (B9CF);
SDR 16 TDI (FFFF) TDO (9999);
SDR 16 TDI (FFFF) TDO (7388);
SDR 16 TDI (FFFF) TDO (ECE7);
SDR 16 TDI (FFFF) TDO (B99B);
SDR 16 TDI (FFFF) TDO (B97F);
SDR 16 TDI (FFFF) TDO (77FF);
SDR 16 TDI (FFFF) TDO (FFFF);
SDR 16 TDI (FFFF) TDO (BFFF);
SDR 16 TDI (FFFF) TDO (7773);
SDR 16 TDI (FFFF) TDO (6957);
SDR 16 TDI (FFFF) TDO (7777);
SDR 16 TDI (FFFF) TDO (B777);
SDR 16 TDI (FFFF) TDO (74AB);
SDR 16 TDI (FFFF) TDO (7777);
SDR 16 TDI (FFFF) TDO (7DDC);
SDR 16 TDI (FFFF) TDO (BB95);
SDR 16 TDI (FFFF) TDO (5DD9);
SDR 16 TDI (FFFF) TDO (739D);
SDR 16 TDI (FFFF) TDO (CCCA);
SDR 16 TDI (FFFF) TDO (B199);
SDR 16 TDI (FFFF) TDO (99FF);
SDR 16 TDI (FFFF) TDO (7FFF);
SDR 16 TDI (FFFF) TDO (FFFF);
SDR 16 TDI (FFFF) TDO (BFFF);
SDR 16 TDI (FFFF) TDO (FFFF);
SDR 16 TDI (FFFF) TDO (7FDF);
SDR 16 TDI (FFFF) TDO (FFFF);
SDR 16 TDI (FFFF) TDO (BFFF);
SDR 16 TDI (FFFF) TDO (FFEF);
SDR 16 TDI (FFFF) TDO (7FFF);
SDR 16 TDI (FFFF) TDO (FFF7);
SDR 16 TDI (FFFF) TDO (BEFF);
SDR 16 TDI (FFFF) TDO (7FFF);
SDR 16 TDI (FFFF) TDO (7FFF);
SDR 16 TDI (FFFF) TDO (7FFF);
SDR 16 TDI (FFFF) TDO (B7FF);
SDR 16 TDI (FFFF) TDO (FB7F);
SDR 16 TDI (FFFF) TDO (7FFF);
SDR 16 TDI (FFFF) TDO (FFFF);
SDR 16 TDI (FFFF) TDO (BFFF);
SDR 16 TDI (FFFF) TDO (FFFF);
SDR 16 TDI (FFFF) TDO (7FFF);
SDR 16 TDI (FFFF) TDO (FFFF);
SDR 16 TDI (FFFF) TDO (BFFF);
SDR 16 TDI (FFFF) TDO (FFFF);
SDR 16 TDI (FFFF) TDO (7FFF);
SDR 16 TDI (FFFF) TDO (FFFE);
SDR 16 TDI (FFFF) TDO (BFFF);
SDR 16 TDI (FFFF) TDO (FFDF);
SDR 16 TDI (FFFF) TDO (7FFE);
SDR 16 TDI (FFFF) TDO (FBFF);
SDR 16 TDI (FFFF) TDO (BDFF);
SDR 16 TDI (FFFF) TDO (FFFF);
SDR 16 TDI (FFFF) TDO (7FFF);
SDR 16 TDI (FFFF) TDO (FFFF);
SDR 16 TDI (FFFF) TDO (BFFF);
SDR 16 TDI (FFFF) TDO (FFFF);
SDR 16 TDI (FFFF) TDO (6FFF);
SDR 16 TDI (FFFF) TDO (7FFF);
SDR 16 TDI (FFFF) TDO (BFFF);
SDR 16 TDI (FFFF) TDO (FFFF);
SDR 16 TDI (FFFF) TDO (7FFF);
SDR 16 TDI (FFFF) TDO (FFFF);
SDR 16 TDI (FFFF) TDO (BFFF);
SDR 16 TDI (FFFF) TDO (FFFD);
SDR 16 TDI (FFFF) TDO (7DFF);
SDR 16 TDI (FFFF) TDO (DFFF);
SDR 16 TDI (FFFF) TDO (BFCF);
SDR 16 TDI (FFFF) TDO (FBFF);
SDR 16 TDI (FFFF) TDO (7FFF);
SDR 16 TDI (FFFF) TDO (FFFF);
SDR 16 TDI (FFFF) TDO (AFFF);
SDR 16 TDI (FFFF) TDO (FFFF);
SDR 16 TDI (FFFF) TDO (77FF);
SDR 16 TDI (FFFF) TDO (FFFF);
SDR 16 TDI (FFFF) TDO (BFFF);
SDR 16 TDI (FFFF) TDO (FFFF);
SDR 16 TDI (FFFF) TDO (7FFF);
SDR 16 TDI (FFFF) TDO (FFFD);
SDR 16 TDI (FFFF) TDO (BFFF);
SDR 16 TDI (FFFF) TDO (FFDD);
SDR 16 TDI (FFFF) TDO (7FFF);
SDR 16 TDI (FFFF) TDO (DFFF);
SDR 16 TDI (FFFF) TDO (BDFF);
SDR 16 TDI (FFFF) TDO (FFFF);
SDR 16 TDI (FFFF) TDO (7FFF);
SDR 16 TDI (FFFF) TDO (FFFF);
SDR 16 TDI (FFFF) TDO (AFFF);
SDR 16 TDI (FFFF) TDO (FFFF);
SDR 16 TDI (FFFF) TDO (7FFE);
SDR 16 TDI (FFFF) TDO (FFFF);
SDR 16 TDI (FFFF) TDO (BFFF);
SDR 16 TDI (FFFF) TDO (FFFF);
SDR 16 TDI (FFFF) TDO (7FFF);
SDR 16 TDI (FFFF) TDO (FFFF);
SDR 16 TDI (FFFF) TDO (BFFF);
SDR 16 TDI (FFFF) TDO (FFFF);
SDR 16 TDI (FFFF) TDO (7FFD);
SDR 16 TDI (FFFF) TDO (F7FF);
SDR 16 TDI (FFFF) TDO (BFDF);
SDR 16 TDI (FFFF) TDO (FFFF);
SDR 16 TDI (FFFF) TDO (7FFF);
SDR 16 TDI (FFFF) TDO (FFFF);
SDR 16 TDI (FFFF) TDO (BFFF);
SDR 16 TDI (FFFF) TDO (FFFF);
SDR 16 TDI (FFFF) TDO (7FFF);
SDR 16 TDI (FFFF) TDO (FFFF);
SDR 16 TDI (FFFF) TDO (BFFF);
SDR 16 TDI (FFFF) TDO (FFFF);
SDR 16 TDI (FFFF) TDO (7F7F);
SDR 16 TDI (FFFF) TDO (DFFF);
SDR 16 TDI (FFFF) TDO (BFFF);
SDR 16 TDI (FFFF) TDO (F7FF);
SDR 16 TDI (FFFF) TDO (7FFF);
SDR 16 TDI (FFFF) TDO (FFFF);
SDR 16 TDI (FFFF) TDO (BFFF);
SDR 16 TDI (FFFF) TDO (FFFF);
SDR 16 TDI (FFFF) TDO (7FFF);
SDR 16 TDI (FFFF) TDO (FFFF);
SDR 16 TDI (FFFF) TDO (BFFF);
SDR 16 TDI (FFFF) TDO (FFEF);
SDR 16 TDI (FFFF) TDO (7FFF);
SDR 16 TDI (FFFF) TDO (FFFF);
SDR 16 TDI (FFFF) TDO (BFFF);
SDR 16 TDI (FFFF) TDO (FFFF);
SDR 16 TDI (FFFF) TDO (7FFB);
SDR 16 TDI (FFFF) TDO (FFFF);
SDR 16 TDI (FFFF) TDO (BFFF);
SDR 16 TDI (FFFF) TDO (FDFF);
SDR 16 TDI (FFFF) TDO (7FFD);
SDR 16 TDI (FFFF) TDO (FDEF);
SDR 16 TDI (FFFF) TDO (BFFF);
SDR 16 TDI (FFFF) TDO (FFFF);
SDR 16 TDI (FFFF) TDO (7FFF);
SDR 16 TDI (FFFF) TDO (FFFF);
SDR 16 TDI (FFFF) TDO (BFFF);
SDR 16 TDI (FFFF) TDO (FFDF);
SDR 16 TDI (FFFF) TDO (7FFF);
SDR 16 TDI (FFFF) TDO (FFFF);
SDR 16 TDI (FFFF) TDO (BFFF);
SDR 16 TDI (FFFF) TDO (FFFF);
SDR 16 TDI (FFFF) TDO (7FFF);
SDR 16 TDI (FFFF) TDO (CFFF);
SDR 16 TDI (FFFF) TDO (B7FF);
SDR 16 TDI (FFFF) TDO (FFFF);
SDR 16 TDI (FFFF) TDO (77BF);
SDR 16 TDI (FFFF) TDO (EFFF);
SDR 16 TDI (FFFF) TDO (BBBF);
SDR 16 TDI (FFFF) TDO (FFFF);
SDR 16 TDI (FFFF) TDO (7FFF);
SDR 16 TDI (FFFF) TDO (FFFF);
SDR 16 TDI (FFFF) TDO (BFFF);
SDR 16 TDI (FFFF) TDO (FFFF);
SDR 16 TDI (FFFF) TDO (7FFF);
SDR 16 TDI (FFFF) TDO (FFFF);
SDR 16 TDI (FFFF) TDO (BFFF);
SDR 16 TDI (FFFF) TDO (FFFF);
SDR 16 TDI (FFFF) TDO (7F7D);
SDR 16 TDI (FFFF) TDO (FFFF);
SDR 16 TDI (FFFF) TDO (BFFF);
SDR 16 TDI (FFFF) TDO (EDFF);
SDR 16 TDI (FFFF) TDO (7FFE);
SDR 16 TDI (FFFF) TDO (FDEF);
SDR 16 TDI (FFFF) TDO (BFFF);
SDR 16 TDI (FFFF) TDO (FFFF);
SDR 16 TDI (FFFF) TDO (7FFF);
SDR 16 TDI (FFFF) TDO (FFFF);
SDR 16 TDI (FFFF) TDO (BFFF);
SDR 16 TDI (FFFF) TDO (FFFF);
SDR 16 TDI (FFFF) TDO (7FFF);
SDR 16 TDI (FFFF) TDO (FFFF);
SDR 16 TDI (FFFF) TDO (BFFF);
SDR 16 TDI (FFFF) TDO (FFFF);
SDR 16 TDI (FFFF) TDO (7FFF);
SDR 16 TDI (FFFF) TDO (EFFF);
SDR 16 TDI (FFFF) TDO (BFFF);
SDR 16 TDI (FFFF) TDO (FFFF);
SDR 16 TDI (FFFF) TDO (7FFF);
SDR 16 TDI (FFFF) TDO (FBFF);
SDR 16 TDI (FFFF) TDO (BFD7);
SDR 16 TDI (FFFF) TDO (FFFF);
SDR 16 TDI (FFFF) TDO (7FFF);
SDR 16 TDI (FFFF) TDO (FFFF);
SDR 16 TDI (FFFF) TDO (BFFF);
SDR 16 TDI (FFFF) TDO (FFFF);
SDR 16 TDI (FFFF) TDO (7FFF);
SDR 16 TDI (FFFF) TDO (FFFF);
SDR 16 TDI (FFFF) TDO (BFFF);
SDR 16 TDI (FFFF) TDO (FFFF);
SDR 16 TDI (FFFF) TDO (7FFF);
SDR 16 TDI (FFFF) TDO (EFFF);
SDR 16 TDI (FFFF) TDO (B7BF);
SDR 16 TDI (FFFF) TDO (FFFF);
SDR 16 TDI (FFFF) TDO (7BFF);
SDR 16 TDI (FFFF) TDO (DFDF);
SDR 16 TDI (FFFF) TDO (BFFE);
SDR 16 TDI (FFFF) TDO (FEFF);
SDR 16 TDI (FFFF) TDO (7FFF);
SDR 16 TDI (FFFF) TDO (FFFF);
SDR 16 TDI (FFFF) TDO (BFFF);
SDR 16 TDI (FFFF) TDO (FFFF);
SDR 16 TDI (FFFF) TDO (7FFF);
SDR 16 TDI (FFFF) TDO (FFFF);
SDR 16 TDI (FFFF) TDO (BFFF);
SDR 16 TDI (FFFF) TDO (FFFF);
SDR 16 TDI (FFFF) TDO (7FFF);
SDR 16 TDI (FFFF) TDO (FFFE);
SDR 16 TDI (FFFF) TDO (ADBF);
SDR 16 TDI (FFFF) TDO (FFFF);
SDR 16 TDI (FFFF) TDO (7FAE);
SDR 16 TDI (FFFF) TDO (F6DF);
SDR 16 TDI (FFFF) TDO (BFDF);
SDR 16 TDI (FFFF) TDO (BF7F);
SDR 16 TDI (FFFF) TDO (7FFF);
SDR 16 TDI (FFFF) TDO (FFFF);
SDR 16 TDI (FFFF) TDO (BFFF);
SDR 16 TDI (FFFF) TDO (FFFF);
SDR 16 TDI (FFFF) TDO (7FFF);
SDR 16 TDI (FFFF) TDO (FFFF);
SDR 16 TDI (FFFF) TDO (BFFF);
SDR 16 TDI (FFFF) TDO (FFFF);
SDR 16 TDI (FFFF) TDO (7FFF);
SDR 16 TDI (FFFF) TDO (FFFF);
SDR 16 TDI (FFFF) TDO (BFFF);
SDR 16 TDI (FFFF) TDO (FFFF);
SDR 16 TDI (FFFF) TDO (77FF);
SDR 16 TDI (FFFF) TDO (DFFF);
SDR 16 TDI (FFFF) TDO (BFF7);
SDR 16 TDI (FFFF) TDO (7FFF);
SDR 16 TDI (FFFF) TDO (7FFF);
SDR 16 TDI (FFFF) TDO (FFFF);
SDR 16 TDI (FFFF) TDO (B77F);
SDR 16 TDI (FFFF) TDO (FFFF);
SDR 16 TDI (FFFF) TDO (7FFF);
SDR 16 TDI (FFFF) TDO (FFFF);
SDR 16 TDI (FFFF) TDO (BFFF);
SDR 16 TDI (FFFF) TDO (FFFF);
SDR 16 TDI (FFFF) TDO (7FFF);
SDR 16 TDI (FFFF) TDO (FFFF);
SDR 16 TDI (FFFF) TDO (BFDF);
SDR 16 TDI (FFFF) TDO (FFFF);
SDR 16 TDI (FFFF) TDO (7FFF);
SDR 16 TDI (FFFF) TDO (B9FF);
SDR 16 TDI (FFFF) TDO (BFBF);
SDR 16 TDI (FFFF) TDO (EF7D);
SDR 16 TDI (FFFF) TDO (7FFF);
SDR 16 TDI (FFFF) TDO (FFFF);
SDR 16 TDI (FFFF) TDO (BFFF);
SDR 16 TDI (FFFF) TDO (FFFF);
SDR 16 TDI (FFFF) TDO (7FFF);
SDR 16 TDI (FFFF) TDO (FFFF);
SDR 16 TDI (FFFF) TDO (BFFF);
SDR 16 TDI (FFFF) TDO (FFFF);
SDR 16 TDI (FFFF) TDO (7FFF);
SDR 16 TDI (FFFF) TDO (FFFF);
SDR 16 TDI (FFFF) TDO (BFFF);
SDR 16 TDI (FFFF) TDO (FFFF);
SDR 16 TDI (FFFF) TDO (7F5D);
SDR 16 TDI (FFFF) TDO (DFBD);
SDR 16 TDI (FFFF) TDO (BFFE);
SDR 16 TDI (FFFF) TDO (DFFF);
SDR 16 TDI (FFFF) TDO (77FF);
SDR 16 TDI (FFFF) TDO (FFFF);
SDR 16 TDI (FFFF) TDO (A77F);
SDR 16 TDI (FFFF) TDO (FFFF);
SDR 16 TDI (FFFF) TDO (7FFF);
SDR 16 TDI (FFFF) TDO (FFFF);
SDR 16 TDI (FFFF) TDO (BFFF);
SDR 16 TDI (FFFF) TDO (FFFF);
SDR 16 TDI (FFFF) TDO (7FFF);
SDR 16 TDI (FFFF) TDO (FFFF);
SDR 16 TDI (FFFF) TDO (BBFF);
SDR 16 TDI (FFFF) TDO (FFFF);
SDR 16 TDI (FFFF) TDO (7FFF);
SDR 16 TDI (FFFF) TDO (FFEF);
SDR 16 TDI (FFFF) TDO (BDFB);
SDR 16 TDI (FFFF) TDO (FBFD);
SDR 16 TDI (FFFF) TDO (7DFF);
SDR 16 TDI (FFFF) TDO (FFFF);
SDR 16 TDI (FFFF) TDO (ABBF);
SDR 16 TDI (FFFF) TDO (FFFF);
SDR 16 TDI (FFFF) TDO (7FFF);
SDR 16 TDI (FFFF) TDO (FFFF);
SDR 16 TDI (FFFF) TDO (BFFF);
SDR 16 TDI (FFFF) TDO (FFFF);
SDR 16 TDI (FFFF) TDO (7FFF);
SDR 16 TDI (FFFF) TDO (FFFF);
SDR 16 TDI (FFFF) TDO (BFFF);
SDR 16 TDI (FFFF) TDO (FDFB);
SDR 16 TDI (FFFF) TDO (777F);
SDR 16 TDI (FFFF) TDO (FDFF);
SDR 16 TDI (FFFF) TDO (BEFF);
SDR 16 TDI (FFFF) TDO (6B7F);
SDR 16 TDI (FFFF) TDO (79FF);
SDR 16 TDI (FFFF) TDO (FFFF);
SDR 16 TDI (FFFF) TDO (BFFF);
SDR 16 TDI (FFFF) TDO (FFFF);
SDR 16 TDI (FFFF) TDO (7FFF);
SDR 16 TDI (FFFF) TDO (FFFF);
SDR 16 TDI (FFFF) TDO (BFFF);
SDR 16 TDI (FFFF) TDO (FFFF);
SDR 16 TDI (FFFF) TDO (7FFF);
SDR 16 TDI (FFFF) TDO (FFFF);
SDR 16 TDI (FFFF) TDO (BFFF);
SDR 16 TDI (FFFF) TDO (FFFF);
SDR 16 TDI (FFFF) TDO (7FFB);
SDR 16 TDI (FFFF) TDO (DBBF);
SDR 16 TDI (FFFF) TDO (BDEF);
SDR 16 TDI (FFFF) TDO (DFFF);
SDR 16 TDI (FFFF) TDO (7FFF);
SDR 16 TDI (FFFF) TDO (FFFF);
SDR 16 TDI (FFFF) TDO (BFFF);
SDR 16 TDI (FFFF) TDO (FFFF);
SDR 16 TDI (FFFF) TDO (7FFF);
SDR 16 TDI (FFFF) TDO (FFFF);
SDR 16 TDI (FFFF) TDO (BFFF);
SDR 16 TDI (FFFF) TDO (FFFF);
SDR 16 TDI (FFFF) TDO (7FFF);
SDR 16 TDI (FFFF) TDO (FFFF);
SDR 16 TDI (FFFF) TDO (BFFD);
SDR 16 TDI (FFFF) TDO (FFFF);
SDR 16 TDI (FFFF) TDO (7FD7);
SDR 16 TDI (FFFF) TDO (FFFF);
SDR 16 TDI (FFFF) TDO (BF2D);
SDR 16 TDI (FFFF) TDO (FFFF);
SDR 16 TDI (FFFF) TDO (7FFF);
SDR 16 TDI (FFFF) TDO (FFFF);
SDR 16 TDI (FFFF) TDO (BFFF);
SDR 16 TDI (FFFF) TDO (FFFF);
SDR 16 TDI (FFFF) TDO (7FFF);
SDR 16 TDI (FFFF) TDO (FFFF);
SDR 16 TDI (FFFF) TDO (BFFF);
SDR 16 TDI (FFFF) TDO (FFFF);
SDR 16 TDI (FFFF) TDO (7FFF);
SDR 16 TDI (FFFF) TDO (FFFF);
SDR 16 TDI (FFFF) TDO (BBFF);
SDR 16 TDI (FFFF) TDO (FBFF);
SDR 16 TDI (FFFF) TDO (778F);
SDR 16 TDI (FFFF) TDO (EF5F);
SDR 16 TDI (FFFF) TDO (BB7F);
SDR 16 TDI (FFFF) TDO (BA7F);
SDR 16 TDI (FFFF) TDO (7FFF);
SDR 16 TDI (FFFF) TDO (FFFF);
SDR 16 TDI (FFFF) TDO (BAAF);
SDR 16 TDI (FFFF) TDO (FFFF);
SDR 16 TDI (FFFF) TDO (7FFF);
SDR 16 TDI (FFFF) TDO (FFFF);
SDR 16 TDI (FFFF) TDO (BFFF);
SDR 16 TDI (FFFF) TDO (FFFF);
SDR 16 TDI (FFFF) TDO (7FFF);
SDR 16 TDI (FFFF) TDO (FFFF);
SDR 16 TDI (FFFF) TDO (BFBF);
SDR 16 TDI (FFFF) TDO (FFFF);
SDR 16 TDI (FFFF) TDO (7FF5);
SDR 16 TDI (FFFF) TDO (72BF);
SDR 16 TDI (FFFF) TDO (BFAA);
SDR 16 TDI (FFFF) TDO (F5EE);
SDR 16 TDI (FFFF) TDO (77FF);
SDR 16 TDI (FFFF) TDO (FFFF);
SDR 16 TDI (FFFF) TDO (BFFF);
SDR 16 TDI (FFFF) TDO (FFFF);
SDR 16 TDI (FFFF) TDO (7FFF);
SDR 16 TDI (FFFF) TDO (FFFF);
SDR 16 TDI (FFFF) TDO (BFFF);
SDR 16 TDI (FFFF) TDO (FFFF);
SDR 16 TDI (FFFF) TDO (7FFF);
SDR 16 TDI (FFFF) TDO (FFFF);
SDR 16 TDI (FFFF) TDO (BFFD);
SDR 16 TDI (FFFF) TDO (FFFB);
SDR 16 TDI (FFFF) TDO (7F7B);
SDR 16 TDI (FFFF) TDO (DDFD);
SDR 16 TDI (FFFF) TDO (BCD5);
SDR 16 TDI (FFFF) TDO (4FFF);
SDR 16 TDI (FFFF) TDO (7FFF);
SDR 16 TDI (FFFF) TDO (FFFF);
SDR 16 TDI (FFFF) TDO (A55F);
SDR 16 TDI (FFFF) TDO (FFFF);
SDR 16 TDI (FFFF) TDO (7FDF);
SDR 16 TDI (FFFF) TDO (FFFF);
SDR 16 TDI (FFFF) TDO (BFFF);
SDR 16 TDI (FFFF) TDO (FFEF);
SDR 16 TDI (FFFF) TDO (7FFF);
SDR 16 TDI (FFFF) TDO (FFFF);
SDR 16 TDI (FFFF) TDO (BE1F);
SDR 16 TDI (FFFF) TDO (79F9);
SDR 16 TDI (FFFF) TDO (7C0F);
SDR 16 TDI (FFFF) TDO (022F);
SDR 16 TDI (FFFF) TDO (B08F);
SDR 16 TDI (FFFF) TDO (F075);
SDR 16 TDI (FFFF) TDO (69FF);
SDR 16 TDI (FFFF) TDO (FFFF);
SDR 16 TDI (FFFF) TDO (AFFF);
SDR 16 TDI (FFFF) TDO (FFFF);
SDR 16 TDI (FFFF) TDO (7FBF);
SDR 16 TDI (FFFF) TDO (FFFF);
SDR 16 TDI (FFFF) TDO (BFFF);
SDR 16 TDI (FFFF) TDO (FFDF);
SDR 16 TDI (FFFF) TDO (7FFF);
SDR 16 TDI (FFFF) TDO (FFFF);
SDR 16 TDI (FFFF) TDO (BE1B);
SDR 16 TDI (FFFF) TDO (F9F9);
SDR 16 TDI (FFFF) TDO (7CD8);
SDR 16 TDI (FFFF) TDO (320B);
SDR 16 TDI (FFFF) TDO (B882);
SDR 16 TDI (FFFF) TDO (107F);
SDR 16 TDI (FFFF) TDO (75FF);
SDR 16 TDI (FFFF) TDO (FFFF);
SDR 16 TDI (FFFF) TDO (B55F);
SDR 16 TDI (FFFF) TDO (FFFF);
SDR 16 TDI (FFFF) TDO (7FFF);
SDR 16 TDI (FFFF) TDO (FFFF);
SDR 16 TDI (FFFF) TDO (BFFF);
SDR 16 TDI (FFFF) TDO (FFFF);
SDR 16 TDI (FFFF) TDO (7FFF);
SDR 16 TDI (FFFF) TDO (FFFF);
SDR 16 TDI (FFFF) TDO (A01F);
SDR 16 TDI (FFFF) TDO (F9F9);
SDR 16 TDI (FFFF) TDO (7C00);
SDR 16 TDI (FFFF) TDO (F13F);
SDR 16 TDI (FFFF) TDO (BE9F);
SDR 16 TDI (FFFF) TDO (8375);
SDR 16 TDI (FFFF) TDO (6FFF);
SDR 16 TDI (FFFF) TDO (FFFF);
SDR 16 TDI (FFFF) TDO (BFFF);
SDR 16 TDI (FFFF) TDO (FFFF);
SDR 16 TDI (FFFF) TDO (7FFF);
SDR 16 TDI (FFFF) TDO (FFFF);
SDR 16 TDI (FFFF) TDO (BFFF);
SDR 16 TDI (FFFF) TDO (FFFF);
SDR 16 TDI (FFFF) TDO (7FFF);
SDR 16 TDI (FFFF) TDO (FFFF);
SDR 16 TDI (FFFF) TDO (A01F);
SDR 16 TDI (FFFF) TDO (F9F9);
SDR 16 TDI (FFFF) TDO (7C00);
SDR 16 TDI (FFFF) TDO (F72F);
SDR 16 TDI (FFFF) TDO (B896);
SDR 16 TDI (FFFF) TDO (03EF);
SDR 16 TDI (FFFF) TDO (7FFF);
SDR 16 TDI (FFFF) TDO (FFFF);
SDR 16 TDI (FFFF) TDO (BFFF);
SDR 16 TDI (FFFF) TDO (3333);
SDR 16 TDI (FFFF) TDO (63E6);
SDR 16 TDI (FFFF) TDO (6667);
SDR 16 TDI (FFFF) TDO (B333);
SDR 16 TDI (FFFF) TDO (31F3);
SDR 16 TDI (FFFF) TDO (6666);
SDR 16 TDI (FFFF) TDO (7CCC);
SDR 16 TDI (FFFF) TDO (B9CF);
SDR 16 TDI (FFFF) TDO (9B9B);
SDR 16 TDI (FFFF) TDO (730D);
SDR 16 TDI (FFFF) TDO (CCD7);
SDR 16 TDI (FFFF) TDO (BB99);
SDR 16 TDI (FFFF) TDO (99FD);
SDR 16 TDI (FFFF) TDO (7FFF);
SDR 16 TDI (FFFF) TDO (FFFF);
SDR 16 TDI (FFFF) TDO (BFFF);
SDR 16 TDI (FFFF) TDO (7777);
SDR 16 TDI (FFFF) TDO (6957);
SDR 16 TDI (FFFF) TDO (7777);
SDR 16 TDI (FFFF) TDO (B777);
SDR 16 TDI (FFFF) TDO (74AB);
SDR 16 TDI (FFFF) TDO (7777);
SDR 16 TDI (FFFF) TDO (7DDD);
SDR 16 TDI (FFFF) TDO (B995);
SDR 16 TDI (FFFF) TDO (59D9);
SDR 16 TDI (FFFF) TDO (738C);
SDR 16 TDI (FFFF) TDO (DDCA);
SDR 16 TDI (FFFF) TDO (B199);
SDR 16 TDI (FFFF) TDO (DCEB);
SDR 16 TDI (FFFF) TDO (7FFF);
SDR 16 TDI (FFFF) TDO (FFFF);
SDR 16 TDI (FFFF) TDO (BFFF);
SDR 16 TDI (FFFF) TDO (FFFF);
SDR 16 TDI (FFFF) TDO (7FDF);
SDR 16 TDI (FFFF) TDO (FFFF);
SDR 16 TDI (FFFF) TDO (BFFF);
SDR 16 TDI (FFFF) TDO (FFEF);
SDR 16 TDI (FFFF) TDO (7FFF);
SDR 16 TDI (FFFF) TDO (FFFF);
SDR 16 TDI (FFFF) TDO (BEFF);
SDR 16 TDI (FFFF) TDO (7FFF);
SDR 16 TDI (FFFF) TDO (7F7F);
SDR 16 TDI (FFFF) TDO (EEFF);
SDR 16 TDI (FFFF) TDO (B7FF);
SDR 16 TDI (FFFF) TDO (BFFF);
SDR 16 TDI (FFFF) TDO (7FFF);
SDR 16 TDI (FFFF) TDO (FFFF);
SDR 16 TDI (FFFF) TDO (BFFF);
SDR 16 TDI (FFFF) TDO (FFFF);
SDR 16 TDI (FFFF) TDO (7FFF);
SDR 16 TDI (FFFF) TDO (FFFF);
SDR 16 TDI (FFFF) TDO (BFFF);
SDR 16 TDI (FFFF) TDO (FFFE);
SDR 16 TDI (FFFF) TDO (7FFF);
SDR 16 TDI (FFFF) TDO (FFFD);
SDR 16 TDI (FFFF) TDO (BFFF);
SDR 16 TDI (FFFF) TDO (FFFF);
SDR 16 TDI (FFFF) TDO (7FFD);
SDR 16 TDI (FFFF) TDO (FFFF);
SDR 16 TDI (FFFF) TDO (BDFF);
SDR 16 TDI (FFFF) TDO (BFFF);
SDR 16 TDI (FFFF) TDO (7FFF);
SDR 16 TDI (FFFF) TDO (FFFF);
SDR 16 TDI (FFFF) TDO (BFFF);
SDR 16 TDI (FFFF) TDO (FFFF);
SDR 16 TDI (FFFF) TDO (7FFF);
SDR 16 TDI (FFFF) TDO (FFFF);
SDR 16 TDI (FFFF) TDO (BFFF);
SDR 16 TDI (FFFF) TDO (FFFF);
SDR 16 TDI (FFFF) TDO (7FFF);
SDR 16 TDI (FFFF) TDO (FFFF);
SDR 16 TDI (FFFF) TDO (BFFF);
SDR 16 TDI (FFFF) TDO (FDFF);
SDR 16 TDI (FFFF) TDO (7F6F);
SDR 16 TDI (FFFF) TDO (FFBF);
SDR 16 TDI (FFFF) TDO (BFCB);
SDR 16 TDI (FFFF) TDO (FFFF);
SDR 16 TDI (FFFF) TDO (7FFF);
SDR 16 TDI (FFFF) TDO (FFFF);
SDR 16 TDI (FFFF) TDO (AFFF);
SDR 16 TDI (FFFF) TDO (FFFF);
SDR 16 TDI (FFFF) TDO (7FFF);
SDR 16 TDI (FFFF) TDO (FFFF);
SDR 16 TDI (FFFF) TDO (BFFF);
SDR 16 TDI (FFFF) TDO (FFFE);
SDR 16 TDI (FFFF) TDO (7FFF);
SDR 16 TDI (FFFF) TDO (FFFF);
SDR 16 TDI (FFFF) TDO (BFFF);
SDR 16 TDI (FFFF) TDO (FFFF);
SDR 16 TDI (FFFF) TDO (7FFF);
SDR 16 TDI (FFFF) TDO (FFFF);
SDR 16 TDI (FFFF) TDO (BBFF);
SDR 16 TDI (FFFF) TDO (FFFF);
SDR 16 TDI (FFFF) TDO (7DFF);
SDR 16 TDI (FFFF) TDO (FFFF);
SDR 16 TDI (FFFF) TDO (AFFF);
SDR 16 TDI (FFFF) TDO (FFFF);
SDR 16 TDI (FFFF) TDO (7FFF);
SDR 16 TDI (FFFF) TDO (FFFF);
SDR 16 TDI (FFFF) TDO (BFFF);
SDR 16 TDI (FFFF) TDO (FFFF);
SDR 16 TDI (FFFF) TDO (7FFF);
SDR 16 TDI (FFFF) TDO (FFFE);
SDR 16 TDI (FFFF) TDO (BFFF);
SDR 16 TDI (FFFF) TDO (FDFF);
SDR 16 TDI (FFFF) TDO (7F7E);
SDR 16 TDI (FFFF) TDO (FFFF);
SDR 16 TDI (FFFF) TDO (BFBF);
SDR 16 TDI (FFFF) TDO (DFFF);
SDR 16 TDI (FFFF) TDO (7DFF);
SDR 16 TDI (FFFF) TDO (FFFF);
SDR 16 TDI (FFFF) TDO (BFFF);
SDR 16 TDI (FFFF) TDO (FFFF);
SDR 16 TDI (FFFF) TDO (7FFF);
SDR 16 TDI (FFFF) TDO (FFFF);
SDR 16 TDI (FFFF) TDO (BFFF);
SDR 16 TDI (FFFF) TDO (FFFF);
SDR 16 TDI (FFFF) TDO (7FFF);
SDR 16 TDI (FFFF) TDO (FFFB);
SDR 16 TDI (FFFF) TDO (BFFF);
SDR 16 TDI (FFFF) TDO (FFDF);
SDR 16 TDI (FFFF) TDO (7DDF);
SDR 16 TDI (FFFF) TDO (DFFF);
SDR 16 TDI (FFFF) TDO (BF7E);
SDR 16 TDI (FFFF) TDO (FFFF);
SDR 16 TDI (FFFF) TDO (7FFF);
SDR 16 TDI (FFFF) TDO (FFFF);
SDR 16 TDI (FFFF) TDO (BFFF);
SDR 16 TDI (FFFF) TDO (FDFF);
SDR 16 TDI (FFFF) TDO (7FFF);
SDR 16 TDI (FFFF) TDO (FFFF);
SDR 16 TDI (FFFF) TDO (BFFF);
SDR 16 TDI (FFFF) TDO (FFFD);
SDR 16 TDI (FFFF) TDO (7FEF);
SDR 16 TDI (FFFF) TDO (FFFF);
SDR 16 TDI (FFFF) TDO (BFFF);
SDR 16 TDI (FFFF) TDO (FFFF);
SDR 16 TDI (FFFF) TDO (7FBE);
SDR 16 TDI (FFFF) TDO (FFDF);
SDR 16 TDI (FFFF) TDO (BFDF);
SDR 16 TDI (FFFF) TDO (FFFF);
SDR 16 TDI (FFFF) TDO (7FFF);
SDR 16 TDI (FFFF) TDO (FFFF);
SDR 16 TDI (FFFF) TDO (BFFF);
SDR 16 TDI (FFFF) TDO (FDFF);
SDR 16 TDI (FFFF) TDO (7FFF);
SDR 16 TDI (FFFF) TDO (FFFF);
SDR 16 TDI (FFFF) TDO (BFFF);
SDR 16 TDI (FFFF) TDO (FFFE);
SDR 16 TDI (FFFF) TDO (7FF7);
SDR 16 TDI (FFFF) TDO (EFF7);
SDR 16 TDI (FFFF) TDO (BFDF);
SDR 16 TDI (FFFF) TDO (FFFB);
SDR 16 TDI (FFFF) TDO (7FFD);
SDR 16 TDI (FFFF) TDO (DFFF);
SDR 16 TDI (FFFF) TDO (BBEB);
SDR 16 TDI (FFFF) TDO (FFFF);
SDR 16 TDI (FFFF) TDO (7FFF);
SDR 16 TDI (FFFF) TDO (FFFF);
SDR 16 TDI (FFFF) TDO (BFFF);
SDR 16 TDI (FFFF) TDO (FFFF);
SDR 16 TDI (FFFF) TDO (7FFF);
SDR 16 TDI (FFFF) TDO (FFFF);
SDR 16 TDI (FFFF) TDO (BFFF);
SDR 16 TDI (FFFF) TDO (FFFF);
SDR 16 TDI (FFFF) TDO (7FFF);
SDR 16 TDI (FFFF) TDO (FFFF);
SDR 16 TDI (FFFF) TDO (BFFF);
SDR 16 TDI (FFFF) TDO (FFBF);
SDR 16 TDI (FFFF) TDO (7E5F);
SDR 16 TDI (FFFF) TDO (FFDF);
SDR 16 TDI (FFFF) TDO (BEDE);
SDR 16 TDI (FFFF) TDO (FFFF);
SDR 16 TDI (FFFF) TDO (7FFF);
SDR 16 TDI (FFFF) TDO (FFFF);
SDR 16 TDI (FFFF) TDO (BFFF);
SDR 16 TDI (FFFF) TDO (FFFF);
SDR 16 TDI (FFFF) TDO (7FFF);
SDR 16 TDI (FFFF) TDO (FFFF);
SDR 16 TDI (FFFF) TDO (BFFF);
SDR 16 TDI (FFFF) TDO (FFFF);
SDR 16 TDI (FFFF) TDO (7FFF);
SDR 16 TDI (FFFF) TDO (EDFD);
SDR 16 TDI (FFFF) TDO (AFFF);
SDR 16 TDI (FFFF) TDO (FBFF);
SDR 16 TDI (FFFF) TDO (7FDF);
SDR 16 TDI (FFFF) TDO (FFFF);
SDR 16 TDI (FFFF) TDO (BFFE);
SDR 16 TDI (FFFF) TDO (DFDF);
SDR 16 TDI (FFFF) TDO (7FFF);
SDR 16 TDI (FFFF) TDO (FFFF);
SDR 16 TDI (FFFF) TDO (BFFF);
SDR 16 TDI (FFFF) TDO (FFFF);
SDR 16 TDI (FFFF) TDO (7FFF);
SDR 16 TDI (FFFF) TDO (FFFF);
SDR 16 TDI (FFFF) TDO (BFFF);
SDR 16 TDI (FFFF) TDO (FFFF);
SDR 16 TDI (FFFF) TDO (7FFF);
SDR 16 TDI (FFFF) TDO (EBFF);
SDR 16 TDI (FFFF) TDO (BFBF);
SDR 16 TDI (FFFF) TDO (FFF7);
SDR 16 TDI (FFFF) TDO (7FF7);
SDR 16 TDI (FFFF) TDO (9FDF);
SDR 16 TDI (FFFF) TDO (BFDF);
SDR 16 TDI (FFFF) TDO (FD7F);
SDR 16 TDI (FFFF) TDO (7FFF);
SDR 16 TDI (FFFF) TDO (FFFF);
SDR 16 TDI (FFFF) TDO (BFFF);
SDR 16 TDI (FFFF) TDO (FFFF);
SDR 16 TDI (FFFF) TDO (7FFF);
SDR 16 TDI (FFFF) TDO (FFFF);
SDR 16 TDI (FFFF) TDO (BFFF);
SDR 16 TDI (FFFF) TDO (FFFF);
SDR 16 TDI (FFFF) TDO (7FFF);
SDR 16 TDI (FFFF) TDO (FFFF);
SDR 16 TDI (FFFF) TDO (BFBF);
SDR 16 TDI (FFFF) TDO (FFFF);
SDR 16 TDI (FFFF) TDO (7F97);
SDR 16 TDI (FFFF) TDO (5FDF);
SDR 16 TDI (FFFF) TDO (BFFF);
SDR 16 TDI (FFFF) TDO (DFDF);
SDR 16 TDI (FFFF) TDO (7FFF);
SDR 16 TDI (FFFF) TDO (FFFF);
SDR 16 TDI (FFFF) TDO (BFFF);
SDR 16 TDI (FFFF) TDO (FFFF);
SDR 16 TDI (FFFF) TDO (7FFF);
SDR 16 TDI (FFFF) TDO (FFFF);
SDR 16 TDI (FFFF) TDO (BFFF);
SDR 16 TDI (FFFF) TDO (FFFF);
SDR 16 TDI (FFFF) TDO (7FFF);
SDR 16 TDI (FFFF) TDO (F5FE);
SDR 16 TDI (FFFF) TDO (AFFF);
SDR 16 TDI (FFFF) TDO (FBF7);
SDR 16 TDI (FFFF) TDO (7FFF);
SDR 16 TDI (FFFF) TDO (FFFF);
SDR 16 TDI (FFFF) TDO (BFBE);
SDR 16 TDI (FFFF) TDO (FAFF);
SDR 16 TDI (FFFF) TDO (7FFF);
SDR 16 TDI (FFFF) TDO (FFFF);
SDR 16 TDI (FFFF) TDO (A55F);
SDR 16 TDI (FFFF) TDO (FFFF);
SDR 16 TDI (FFFF) TDO (7FFF);
SDR 16 TDI (FFFF) TDO (FFFF);
SDR 16 TDI (FFFF) TDO (BFFF);
SDR 16 TDI (FFFF) TDO (FFFF);
SDR 16 TDI (FFFF) TDO (7FFF);
SDR 16 TDI (FFFF) TDO (FFFF);
SDR 16 TDI (FFFF) TDO (BFBF);
SDR 16 TDI (FFFF) TDO (FFBF);
SDR 16 TDI (FFFF) TDO (7FFF);
SDR 16 TDI (FFFF) TDO (FEDF);
SDR 16 TDI (FFFF) TDO (BFFB);
SDR 16 TDI (FFFF) TDO (FFF5);
SDR 16 TDI (FFFF) TDO (6DFF);
SDR 16 TDI (FFFF) TDO (FFFF);
SDR 16 TDI (FFFF) TDO (AFFF);
SDR 16 TDI (FFFF) TDO (FFFF);
SDR 16 TDI (FFFF) TDO (7FFF);
SDR 16 TDI (FFFF) TDO (FFFF);
SDR 16 TDI (FFFF) TDO (BFFF);
SDR 16 TDI (FFFF) TDO (FFFF);
SDR 16 TDI (FFFF) TDO (7FFF);
SDR 16 TDI (FFFF) TDO (FFFF);
SDR 16 TDI (FFFF) TDO (BFFD);
SDR 16 TDI (FFFF) TDO (FFF7);
SDR 16 TDI (FFFF) TDO (79F7);
SDR 16 TDI (FFFF) TDO (E7FF);
SDR 16 TDI (FFFF) TDO (BFAF);
SDR 16 TDI (FFFF) TDO (F5FF);
SDR 16 TDI (FFFF) TDO (75FF);
SDR 16 TDI (FFFF) TDO (FFFF);
SDR 16 TDI (FFFF) TDO (A55F);
SDR 16 TDI (FFFF) TDO (FFFF);
SDR 16 TDI (FFFF) TDO (7FFF);
SDR 16 TDI (FFFF) TDO (FFFF);
SDR 16 TDI (FFFF) TDO (BFFF);
SDR 16 TDI (FFFF) TDO (FFFF);
SDR 16 TDI (FFFF) TDO (7FFF);
SDR 16 TDI (FFFF) TDO (FFFF);
SDR 16 TDI (FFFF) TDO (BFFF);
SDR 16 TDI (FFFF) TDO (FDFB);
SDR 16 TDI (FFFF) TDO (7FD9);
SDR 16 TDI (FFFF) TDO (FBFF);
SDR 16 TDI (FFFF) TDO (BDFE);
SDR 16 TDI (FFFF) TDO (BFF5);
SDR 16 TDI (FFFF) TDO (6DFF);
SDR 16 TDI (FFFF) TDO (FFFF);
SDR 16 TDI (FFFF) TDO (AAAF);
SDR 16 TDI (FFFF) TDO (FFFF);
SDR 16 TDI (FFFF) TDO (7FFF);
SDR 16 TDI (FFFF) TDO (FFFF);
SDR 16 TDI (FFFF) TDO (BFFF);
SDR 16 TDI (FFFF) TDO (FFFF);
SDR 16 TDI (FFFF) TDO (7FFF);
SDR 16 TDI (FFFF) TDO (FFFF);
SDR 16 TDI (FFFF) TDO (BEDF);
SDR 16 TDI (FFFF) TDO (F5DF);
SDR 16 TDI (FFFF) TDO (6EDF);
SDR 16 TDI (FFFF) TDO (FFFF);
SDR 16 TDI (FFFF) TDO (BEFF);
SDR 16 TDI (FFFF) TDO (FF6E);
SDR 16 TDI (FFFF) TDO (79FF);
SDR 16 TDI (FFFF) TDO (FFFF);
SDR 16 TDI (FFFF) TDO (BFFF);
SDR 16 TDI (FFFF) TDO (FFFF);
SDR 16 TDI (FFFF) TDO (7FFF);
SDR 16 TDI (FFFF) TDO (FFFF);
SDR 16 TDI (FFFF) TDO (BFFF);
SDR 16 TDI (FFFF) TDO (FFFF);
SDR 16 TDI (FFFF) TDO (7FFF);
SDR 16 TDI (FFFF) TDO (FFFF);
SDR 16 TDI (FFFF) TDO (BFFF);
SDR 16 TDI (FFFF) TDO (FFEF);
SDR 16 TDI (FFFF) TDO (7FBE);
SDR 16 TDI (FFFF) TDO (AEFF);
SDR 16 TDI (FFFF) TDO (BFFF);
SDR 16 TDI (FFFF) TDO (EFFF);
SDR 16 TDI (FFFF) TDO (7FFF);
SDR 16 TDI (FFFF) TDO (FFFF);
SDR 16 TDI (FFFF) TDO (BFFF);
SDR 16 TDI (FFFF) TDO (FFFF);
SDR 16 TDI (FFFF) TDO (7FFF);
SDR 16 TDI (FFFF) TDO (FFFF);
SDR 16 TDI (FFFF) TDO (BFFF);
SDR 16 TDI (FFFF) TDO (FFFF);
SDR 16 TDI (FFFF) TDO (7FFF);
SDR 16 TDI (FFFF) TDO (FFFF);
SDR 16 TDI (FFFF) TDO (BEFF);
SDR 16 TDI (FFFF) TDO (BFFF);
SDR 16 TDI (FFFF) TDO (6BBF);
SDR 16 TDI (FFFF) TDO (BFEE);
SDR 16 TDI (FFFF) TDO (BEFF);
SDR 16 TDI (FFFF) TDO (FF7F);
SDR 16 TDI (FFFF) TDO (7FFF);
SDR 16 TDI (FFFF) TDO (FFFF);
SDR 16 TDI (FFFF) TDO (BFFF);
SDR 16 TDI (FFFF) TDO (FFFF);
SDR 16 TDI (FFFF) TDO (7FFF);
SDR 16 TDI (FFFF) TDO (FFFF);
SDR 16 TDI (FFFF) TDO (BFFF);
SDR 16 TDI (FFFF) TDO (FFFF);
SDR 16 TDI (FFFF) TDO (7FFF);
SDR 16 TDI (FFFF) TDO (FFFF);
SDR 16 TDI (FFFF) TDO (BF3B);
SDR 16 TDI (FFFF) TDO (A9AE);
SDR 16 TDI (FFFF) TDO (7F7F);
SDR 16 TDI (FFFF) TDO (FDCF);
SDR 16 TDI (FFFF) TDO (BFD7);
SDR 16 TDI (FFFF) TDO (F6FF);
SDR 16 TDI (FFFF) TDO (7FFF);
SDR 16 TDI (FFFF) TDO (FFFF);
SDR 16 TDI (FFFF) TDO (BAAF);
SDR 16 TDI (FFFF) TDO (FFFF);
SDR 16 TDI (FFFF) TDO (7FFF);
SDR 16 TDI (FFFF) TDO (FFFF);
SDR 16 TDI (FFFF) TDO (BFFF);
SDR 16 TDI (FFFF) TDO (FFFF);
SDR 16 TDI (FFFF) TDO (7FFF);
SDR 16 TDI (FFFF) TDO (FFFF);
SDR 16 TDI (FFFF) TDO (BFDF);
SDR 16 TDI (FFFF) TDO (FFDF);
SDR 16 TDI (FFFF) TDO (71CF);
SDR 16 TDI (FFFF) TDO (1FFF);
SDR 16 TDI (FFFF) TDO (BE7E);
SDR 16 TDI (FFFF) TDO (FD7F);
SDR 16 TDI (FFFF) TDO (7FFF);
SDR 16 TDI (FFFF) TDO (FFFF);
SDR 16 TDI (FFFF) TDO (BFFF);
SDR 16 TDI (FFFF) TDO (FFFF);
SDR 16 TDI (FFFF) TDO (7FFF);
SDR 16 TDI (FFFF) TDO (FFFF);
SDR 16 TDI (FFFF) TDO (BFFF);
SDR 16 TDI (FFFF) TDO (FFFF);
SDR 16 TDI (FFFF) TDO (7FFF);
SDR 16 TDI (FFFF) TDO (FFFF);
SDR 16 TDI (FFFF) TDO (BEFF);
SDR 16 TDI (FFFF) TDO (FFF5);
SDR 16 TDI (FFFF) TDO (6EB0);
SDR 16 TDI (FFFF) TDO (E2FE);
SDR 16 TDI (FFFF) TDO (BDFD);
SDR 16 TDI (FFFF) TDO (CFFF);
SDR 16 TDI (FFFF) TDO (7FFF);
SDR 16 TDI (FFFF) TDO (FFFF);
SDR 16 TDI (FFFF) TDO (A55F);
SDR 16 TDI (FFFF) TDO (FFFF);
SDR 16 TDI (FFFF) TDO (7FDF);
SDR 16 TDI (FFFF) TDO (FFFF);
SDR 16 TDI (FFFF) TDO (BFFF);
SDR 16 TDI (FFFF) TDO (FFEF);
SDR 16 TDI (FFFF) TDO (7FFF);
SDR 16 TDI (FFFF) TDO (FFFF);
SDR 16 TDI (FFFF) TDO (BE1F);
SDR 16 TDI (FFFF) TDO (5E06);
SDR 16 TDI (FFFF) TDO (6CC4);
SDR 16 TDI (FFFF) TDO (883F);
SDR 16 TDI (FFFF) TDO (B600);
SDR 16 TDI (FFFF) TDO (0074);
SDR 16 TDI (FFFF) TDO (79FF);
SDR 16 TDI (FFFF) TDO (FFFF);
SDR 16 TDI (FFFF) TDO (AFFF);
SDR 16 TDI (FFFF) TDO (FFFF);
SDR 16 TDI (FFFF) TDO (7FBF);
SDR 16 TDI (FFFF) TDO (FFFF);
SDR 16 TDI (FFFF) TDO (BFFF);
SDR 16 TDI (FFFF) TDO (FFDF);
SDR 16 TDI (FFFF) TDO (7FFF);
SDR 16 TDI (FFFF) TDO (FFFF);
SDR 16 TDI (FFFF) TDO (BF5F);
SDR 16 TDI (FFFF) TDO (DE0C);
SDR 16 TDI (FFFF) TDO (6044);
SDR 16 TDI (FFFF) TDO (A839);
SDR 16 TDI (FFFF) TDO (BA78);
SDR 16 TDI (FFFF) TDO (767F);
SDR 16 TDI (FFFF) TDO (75FF);
SDR 16 TDI (FFFF) TDO (FFFF);
SDR 16 TDI (FFFF) TDO (B55F);
SDR 16 TDI (FFFF) TDO (FFFF);
SDR 16 TDI (FFFF) TDO (7FFF);
SDR 16 TDI (FFFF) TDO (FFFF);
SDR 16 TDI (FFFF) TDO (BFFF);
SDR 16 TDI (FFFF) TDO (FFFF);
SDR 16 TDI (FFFF) TDO (7FFF);
SDR 16 TDI (FFFF) TDO (FFFF);
SDR 16 TDI (FFFF) TDO (BE1F);
SDR 16 TDI (FFFF) TDO (BF8E);
SDR 16 TDI (FFFF) TDO (6EFF);
SDR 16 TDI (FFFF) TDO (C80F);
SDR 16 TDI (FFFF) TDO (BE03);
SDR 16 TDI (FFFF) TDO (0274);
SDR 16 TDI (FFFF) TDO (7FFF);
SDR 16 TDI (FFFF) TDO (FFFF);
SDR 16 TDI (FFFF) TDO (BFFF);
SDR 16 TDI (FFFF) TDO (FFFF);
SDR 16 TDI (FFFF) TDO (7FFF);
SDR 16 TDI (FFFF) TDO (FFFF);
SDR 16 TDI (FFFF) TDO (BFFF);
SDR 16 TDI (FFFF) TDO (FFFF);
SDR 16 TDI (FFFF) TDO (7FFF);
SDR 16 TDI (FFFF) TDO (FFFF);
SDR 16 TDI (FFFF) TDO (BF9F);
SDR 16 TDI (FFFF) TDO (BF8F);
SDR 16 TDI (FFFF) TDO (7664);
SDR 16 TDI (FFFF) TDO (DF0F);
SDR 16 TDI (FFFF) TDO (BE03);
SDR 16 TDI (FFFF) TDO (066F);
SDR 16 TDI (FFFF) TDO (7FFF);
SDR 16 TDI (FFFF) TDO (FFFF);
SDR 16 TDI (FFFF) TDO (BFFF);
SDR 16 TDI (FFFF) TDO (3333);
SDR 16 TDI (FFFF) TDO (63E6);
SDR 16 TDI (FFFF) TDO (6667);
SDR 16 TDI (FFFF) TDO (B333);
SDR 16 TDI (FFFF) TDO (31F3);
SDR 16 TDI (FFFF) TDO (6666);
SDR 16 TDI (FFFF) TDO (7CCC);
SDR 16 TDI (FFFF) TDO (B98F);
SDR 16 TDI (FFFF) TDO (BB9D);
SDR 16 TDI (FFFF) TDO (73CE);
SDR 16 TDI (FFFF) TDO (EE07);
SDR 16 TDI (FFFF) TDO (BC81);
SDR 16 TDI (FFFF) TDO (CCFD);
SDR 16 TDI (FFFF) TDO (7FFF);
SDR 16 TDI (FFFF) TDO (FFFF);
SDR 16 TDI (FFFF) TDO (BFFF);
SDR 16 TDI (FFFF) TDO (7777);
SDR 16 TDI (FFFF) TDO (6957);
SDR 16 TDI (FFFF) TDO (7777);
SDR 16 TDI (FFFF) TDO (B777);
SDR 16 TDI (FFFF) TDO (74AB);
SDR 16 TDI (FFFF) TDO (7777);
SDR 16 TDI (FFFF) TDO (7DDD);
SDR 16 TDI (FFFF) TDO (BBA5);
SDR 16 TDI (FFFF) TDO (19D9);
SDR 16 TDI (FFFF) TDO (7BCC);
SDR 16 TDI (FFFF) TDO (CCCA);
SDR 16 TDI (FFFF) TDO (B59C);
SDR 16 TDI (FFFF) TDO (DDEB);
SDR 16 TDI (FFFF) TDO (7FFF);
SDR 16 TDI (FFFF) TDO (FFFF);
SDR 16 TDI (FFFF) TDO (BFFF);
SDR 16 TDI (FFFF) TDO (FFFF);
SDR 16 TDI (FFFF) TDO (7FDF);
SDR 16 TDI (FFFF) TDO (FFFF);
SDR 16 TDI (FFFF) TDO (BFFF);
SDR 16 TDI (FFFF) TDO (FFEF);
SDR 16 TDI (FFFF) TDO (7FFF);
SDR 16 TDI (FFFF) TDO (FFFF);
SDR 16 TDI (FFFF) TDO (BFDF);
SDR 16 TDI (FFFF) TDO (7FBF);
SDR 16 TDI (FFFF) TDO (7FFF);
SDR 16 TDI (FFFF) TDO (FF7F);
SDR 16 TDI (FFFF) TDO (B7F3);
SDR 16 TDI (FFFF) TDO (FBFF);
SDR 16 TDI (FFFF) TDO (7FFF);
SDR 16 TDI (FFFF) TDO (FFFF);
SDR 16 TDI (FFFF) TDO (BFFF);
SDR 16 TDI (FFFF) TDO (FFFF);
SDR 16 TDI (FFFF) TDO (7FFF);
SDR 16 TDI (FFFF) TDO (FFFF);
SDR 16 TDI (FFFF) TDO (BFFF);
SDR 16 TDI (FFFF) TDO (FFFF);
SDR 16 TDI (FFFF) TDO (7FFF);
SDR 16 TDI (FFFF) TDO (FFFD);
SDR 16 TDI (FFFF) TDO (BFFF);
SDR 16 TDI (FFFF) TDO (FEF7);
SDR 16 TDI (FFFF) TDO (7BFF);
SDR 16 TDI (FFFF) TDO (FF7F);
SDR 16 TDI (FFFF) TDO (BFFF);
SDR 16 TDI (FFFF) TDO (F7FF);
SDR 16 TDI (FFFF) TDO (7FFF);
SDR 16 TDI (FFFF) TDO (FFFF);
SDR 16 TDI (FFFF) TDO (BFFF);
SDR 16 TDI (FFFF) TDO (FFFF);
SDR 16 TDI (FFFF) TDO (7FFF);
SDR 16 TDI (FFFF) TDO (FFFF);
SDR 16 TDI (FFFF) TDO (BFFF);
SDR 16 TDI (FFFF) TDO (FFFF);
SDR 16 TDI (FFFF) TDO (7FFF);
SDR 16 TDI (FFFF) TDO (FDFB);
SDR 16 TDI (FFFF) TDO (B7FF);
SDR 16 TDI (FFFF) TDO (EFDF);
SDR 16 TDI (FFFF) TDO (7FD7);
SDR 16 TDI (FFFF) TDO (FFFF);
SDR 16 TDI (FFFF) TDO (BAF7);
SDR 16 TDI (FFFF) TDO (BBFF);
SDR 16 TDI (FFFF) TDO (7FFF);
SDR 16 TDI (FFFF) TDO (FFFF);
SDR 16 TDI (FFFF) TDO (AFFF);
SDR 16 TDI (FFFF) TDO (FFFF);
SDR 16 TDI (FFFF) TDO (7FFF);
SDR 16 TDI (FFFF) TDO (FFFF);
SDR 16 TDI (FFFF) TDO (BFFF);
SDR 16 TDI (FFFF) TDO (FFFF);
SDR 16 TDI (FFFF) TDO (7FFF);
SDR 16 TDI (FFFF) TDO (FFFF);
SDR 16 TDI (FFFF) TDO (BFFF);
SDR 16 TDI (FFFF) TDO (FFF7);
SDR 16 TDI (FFFF) TDO (7FFF);
SDR 16 TDI (FFFF) TDO (FFFF);
SDR 16 TDI (FFFF) TDO (BFFF);
SDR 16 TDI (FFFF) TDO (F7FF);
SDR 16 TDI (FFFF) TDO (7DFF);
SDR 16 TDI (FFFF) TDO (FFFF);
SDR 16 TDI (FFFF) TDO (AFFF);
SDR 16 TDI (FFFF) TDO (FFFF);
SDR 16 TDI (FFFF) TDO (7FFF);
SDR 16 TDI (FFFF) TDO (FFFF);
SDR 16 TDI (FFFF) TDO (BFFF);
SDR 16 TDI (FFFF) TDO (FFFF);
SDR 16 TDI (FFFF) TDO (7FFF);
SDR 16 TDI (FFFF) TDO (FDFD);
SDR 16 TDI (FFFF) TDO (BFFF);
SDR 16 TDI (FFFF) TDO (FF5F);
SDR 16 TDI (FFFF) TDO (77E7);
SDR 16 TDI (FFFF) TDO (FFBF);
SDR 16 TDI (FFFF) TDO (BFF7);
SDR 16 TDI (FFFF) TDO (FFFF);
SDR 16 TDI (FFFF) TDO (7DFF);
SDR 16 TDI (FFFF) TDO (FFFF);
SDR 16 TDI (FFFF) TDO (BFFF);
SDR 16 TDI (FFFF) TDO (BFFF);
SDR 16 TDI (FFFF) TDO (7FFF);
SDR 16 TDI (FFFF) TDO (FFFF);
SDR 16 TDI (FFFF) TDO (BFFF);
SDR 16 TDI (FFFF) TDO (FFFF);
SDR 16 TDI (FFFF) TDO (7FFF);
SDR 16 TDI (FFFF) TDO (FFFF);
SDR 16 TDI (FFFF) TDO (BFFF);
SDR 16 TDI (FFFF) TDO (FFFF);
SDR 16 TDI (FFFF) TDO (7FEF);
SDR 16 TDI (FFFF) TDO (FFFF);
SDR 16 TDI (FFFF) TDO (BF6F);
SDR 16 TDI (FFFF) TDO (DFFF);
SDR 16 TDI (FFFF) TDO (7FFF);
SDR 16 TDI (FFFF) TDO (FFFF);
SDR 16 TDI (FFFF) TDO (BFFF);
SDR 16 TDI (FFFF) TDO (FFFF);
SDR 16 TDI (FFFF) TDO (7FFF);
SDR 16 TDI (FFFF) TDO (FFFF);
SDR 16 TDI (FFFF) TDO (BFFF);
SDR 16 TDI (FFFF) TDO (FFFF);
SDR 16 TDI (FFFF) TDO (7FFF);
SDR 16 TDI (FFFF) TDO (FFFF);
SDR 16 TDI (FFFF) TDO (BFFF);
SDR 16 TDI (FFFF) TDO (FFFF);
SDR 16 TDI (FFFF) TDO (7FF7);
SDR 16 TDI (FFFF) TDO (F7FF);
SDR 16 TDI (FFFF) TDO (BFFF);
SDR 16 TDI (FFFF) TDO (FFFF);
SDR 16 TDI (FFFF) TDO (7FFF);
SDR 16 TDI (FFFF) TDO (FFFF);
SDR 16 TDI (FFFF) TDO (BFFF);
SDR 16 TDI (FFFF) TDO (FFFF);
SDR 16 TDI (FFFF) TDO (7FFF);
SDR 16 TDI (FFFF) TDO (FFFF);
SDR 16 TDI (FFFF) TDO (BFFF);
SDR 16 TDI (FFFF) TDO (FFFF);
SDR 16 TDI (FFFF) TDO (7FFF);
SDR 16 TDI (FFFF) TDO (EFFF);
SDR 16 TDI (FFFF) TDO (BFFF);
SDR 16 TDI (FFFF) TDO (FFFF);
SDR 16 TDI (FFFF) TDO (7FFF);
SDR 16 TDI (FFFF) TDO (E6FF);
SDR 16 TDI (FFFF) TDO (BF37);
SDR 16 TDI (FFFF) TDO (FBFF);
SDR 16 TDI (FFFF) TDO (7FFF);
SDR 16 TDI (FFFF) TDO (FFFF);
SDR 16 TDI (FFFF) TDO (BFFF);
SDR 16 TDI (FFFF) TDO (BFFF);
SDR 16 TDI (FFFF) TDO (7FFF);
SDR 16 TDI (FFFF) TDO (FFFF);
SDR 16 TDI (FFFF) TDO (BFFF);
SDR 16 TDI (FFFF) TDO (FFFF);
SDR 16 TDI (FFFF) TDO (7FFF);
SDR 16 TDI (FFFF) TDO (FFFF);
SDR 16 TDI (FFFF) TDO (BFFF);
SDR 16 TDI (FFFF) TDO (FFFF);
SDR 16 TDI (FFFF) TDO (7FEB);
SDR 16 TDI (FFFF) TDO (FFFF);
SDR 16 TDI (FFFF) TDO (BFFF);
SDR 16 TDI (FFFF) TDO (BFFF);
SDR 16 TDI (FFFF) TDO (7FFF);
SDR 16 TDI (FFFF) TDO (FFFF);
SDR 16 TDI (FFFF) TDO (BFFF);
SDR 16 TDI (FFFF) TDO (FFFF);
SDR 16 TDI (FFFF) TDO (7FFF);
SDR 16 TDI (FFFF) TDO (FFFF);
SDR 16 TDI (FFFF) TDO (BFFF);
SDR 16 TDI (FFFF) TDO (FFFF);
SDR 16 TDI (FFFF) TDO (7FFF);
SDR 16 TDI (FFFF) TDO (EFFF);
SDR 16 TDI (FFFF) TDO (BFFF);
SDR 16 TDI (FFFF) TDO (FFBD);
SDR 16 TDI (FFFF) TDO (7FAF);
SDR 16 TDI (FFFF) TDO (FFFF);
SDR 16 TDI (FFFF) TDO (BFFF);
SDR 16 TDI (FFFF) TDO (FEBF);
SDR 16 TDI (FFFF) TDO (7FFF);
SDR 16 TDI (FFFF) TDO (FFFF);
SDR 16 TDI (FFFF) TDO (BFFF);
SDR 16 TDI (FFFF) TDO (FFFF);
SDR 16 TDI (FFFF) TDO (7FFF);
SDR 16 TDI (FFFF) TDO (FFFF);
SDR 16 TDI (FFFF) TDO (BFFF);
SDR 16 TDI (FFFF) TDO (FFFF);
SDR 16 TDI (FFFF) TDO (7FFF);
SDR 16 TDI (FFFF) TDO (EFFF);
SDR 16 TDI (FFFF) TDO (BFBF);
SDR 16 TDI (FFFF) TDO (FFFF);
SDR 16 TDI (FFFF) TDO (7FFF);
SDR 16 TDI (FFFF) TDO (FFDF);
SDR 16 TDI (FFFF) TDO (BFFF);
SDR 16 TDI (FFFF) TDO (FFFB);
SDR 16 TDI (FFFF) TDO (7FFF);
SDR 16 TDI (FFFF) TDO (FFFF);
SDR 16 TDI (FFFF) TDO (BFFF);
SDR 16 TDI (FFFF) TDO (FFFF);
SDR 16 TDI (FFFF) TDO (7FFF);
SDR 16 TDI (FFFF) TDO (FFFF);
SDR 16 TDI (FFFF) TDO (BFFF);
SDR 16 TDI (FFFF) TDO (FFFF);
SDR 16 TDI (FFFF) TDO (7FFF);
SDR 16 TDI (FFFF) TDO (FFFF);
SDR 16 TDI (FFFF) TDO (BFBF);
SDR 16 TDI (FFFF) TDO (FEFD);
SDR 16 TDI (FFFF) TDO (7FFE);
SDR 16 TDI (FFFF) TDO (FEFF);
SDR 16 TDI (FFFF) TDO (BFBF);
SDR 16 TDI (FFFF) TDO (ABFD);
SDR 16 TDI (FFFF) TDO (7FFF);
SDR 16 TDI (FFFF) TDO (FFFF);
SDR 16 TDI (FFFF) TDO (BFFF);
SDR 16 TDI (FFFF) TDO (FFFF);
SDR 16 TDI (FFFF) TDO (7FFF);
SDR 16 TDI (FFFF) TDO (FFFF);
SDR 16 TDI (FFFF) TDO (BFFF);
SDR 16 TDI (FFFF) TDO (FFFF);
SDR 16 TDI (FFFF) TDO (7FFF);
SDR 16 TDI (FFFF) TDO (FFFF);
SDR 16 TDI (FFFF) TDO (BFFF);
SDR 16 TDI (FFFF) TDO (FFDF);
SDR 16 TDI (FFFF) TDO (7F9F);
SDR 16 TDI (FFFF) TDO (FFFF);
SDR 16 TDI (FFFF) TDO (BFFF);
SDR 16 TDI (FFFF) TDO (FF3F);
SDR 16 TDI (FFFF) TDO (7FFF);
SDR 16 TDI (FFFF) TDO (FFFF);
SDR 16 TDI (FFFF) TDO (A55F);
SDR 16 TDI (FFFF) TDO (FFFF);
SDR 16 TDI (FFFF) TDO (7FFF);
SDR 16 TDI (FFFF) TDO (FFFF);
SDR 16 TDI (FFFF) TDO (BFFF);
SDR 16 TDI (FFFF) TDO (FFFF);
SDR 16 TDI (FFFF) TDO (7FFF);
SDR 16 TDI (FFFF) TDO (FFFF);
SDR 16 TDI (FFFF) TDO (BFFF);
SDR 16 TDI (FFFF) TDO (FFFF);
SDR 16 TDI (FFFF) TDO (7FF7);
SDR 16 TDI (FFFF) TDO (BDFF);
SDR 16 TDI (FFFF) TDO (BDF7);
SDR 16 TDI (FFFF) TDO (DDF4);
SDR 16 TDI (FFFF) TDO (75FF);
SDR 16 TDI (FFFF) TDO (FFFF);
SDR 16 TDI (FFFF) TDO (AFFF);
SDR 16 TDI (FFFF) TDO (FFFF);
SDR 16 TDI (FFFF) TDO (7FFF);
SDR 16 TDI (FFFF) TDO (FFFF);
SDR 16 TDI (FFFF) TDO (BFFF);
SDR 16 TDI (FFFF) TDO (FFFF);
SDR 16 TDI (FFFF) TDO (7FFF);
SDR 16 TDI (FFFF) TDO (FFFF);
SDR 16 TDI (FFFF) TDO (BFFF);
SDR 16 TDI (FFFF) TDO (FAAF);
SDR 16 TDI (FFFF) TDO (7FED);
SDR 16 TDI (FFFF) TDO (FFEF);
SDR 16 TDI (FFFF) TDO (BFDE);
SDR 16 TDI (FFFF) TDO (EEFF);
SDR 16 TDI (FFFF) TDO (7DFF);
SDR 16 TDI (FFFF) TDO (FFFF);
SDR 16 TDI (FFFF) TDO (A55F);
SDR 16 TDI (FFFF) TDO (FFFF);
SDR 16 TDI (FFFF) TDO (7FFF);
SDR 16 TDI (FFFF) TDO (FFFF);
SDR 16 TDI (FFFF) TDO (BFFF);
SDR 16 TDI (FFFF) TDO (FFFF);
SDR 16 TDI (FFFF) TDO (7FFF);
SDR 16 TDI (FFFF) TDO (FFEF);
SDR 16 TDI (FFFF) TDO (BDF7);
SDR 16 TDI (FFFF) TDO (FFEF);
SDR 16 TDI (FFFF) TDO (7FFB);
SDR 16 TDI (FFFF) TDO (EBFF);
SDR 16 TDI (FFFF) TDO (BFF3);
SDR 16 TDI (FFFF) TDO (FFF4);
SDR 16 TDI (FFFF) TDO (79FF);
SDR 16 TDI (FFFF) TDO (FFFF);
SDR 16 TDI (FFFF) TDO (AAAF);
SDR 16 TDI (FFFF) TDO (FFFF);
SDR 16 TDI (FFFF) TDO (7FFF);
SDR 16 TDI (FFFF) TDO (FFFF);
SDR 16 TDI (FFFF) TDO (BFFF);
SDR 16 TDI (FFFF) TDO (FFFF);
SDR 16 TDI (FFFF) TDO (7FFF);
SDR 16 TDI (FFFF) TDO (FDFF);
SDR 16 TDI (FFFF) TDO (BFFF);
SDR 16 TDI (FFFF) TDO (FFFB);
SDR 16 TDI (FFFF) TDO (7FFF);
SDR 16 TDI (FFFF) TDO (BF7F);
SDR 16 TDI (FFFF) TDO (BFFF);
SDR 16 TDI (FFFF) TDO (7F7E);
SDR 16 TDI (FFFF) TDO (7DFF);
SDR 16 TDI (FFFF) TDO (FFFF);
SDR 16 TDI (FFFF) TDO (9FFF);
SDR 16 TDI (FFFF) TDO (FFFF);
SDR 16 TDI (FFFF) TDO (7FFF);
SDR 16 TDI (FFFF) TDO (FFFF);
SDR 16 TDI (FFFF) TDO (9FFF);
SDR 16 TDI (FFFF) TDO (FFFF);
SDR 16 TDI (FFFF) TDO (7FFF);
SDR 16 TDI (FFFF) TDO (FFFE);
SDR 16 TDI (FFFF) TDO (BFFB);
SDR 16 TDI (FFFF) TDO (FFBF);
SDR 16 TDI (FFFF) TDO (7BBF);
SDR 16 TDI (FFFF) TDO (FFFF);
SDR 16 TDI (FFFF) TDO (9B7F);
SDR 16 TDI (FFFF) TDO (F3FF);
SDR 16 TDI (FFFF) TDO (7FFF);
SDR 16 TDI (FFFF) TDO (FFFF);
SDR 16 TDI (FFFF) TDO (9FFF);
SDR 16 TDI (FFFF) TDO (FFFF);
SDR 16 TDI (FFFF) TDO (7FFF);
SDR 16 TDI (FFFF) TDO (FFFF);
SDR 16 TDI (FFFF) TDO (BFFF);
SDR 16 TDI (FFFF) TDO (FFFF);
SDR 16 TDI (FFFF) TDO (7FFF);
SDR 16 TDI (FFFF) TDO (FFFF);
SDR 16 TDI (FFFF) TDO (BFFF);
SDR 16 TDI (FFFF) TDO (BFFF);
SDR 16 TDI (FFFF) TDO (7FDE);
SDR 16 TDI (FFFF) TDO (FA7F);
SDR 16 TDI (FFFF) TDO (9F7F);
SDR 16 TDI (FFFF) TDO (BFFF);
SDR 16 TDI (FFFF) TDO (7FFF);
SDR 16 TDI (FFFF) TDO (FFFF);
SDR 16 TDI (FFFF) TDO (BFFF);
SDR 16 TDI (FFFF) TDO (FFFF);
SDR 16 TDI (FFFF) TDO (7FFF);
SDR 16 TDI (FFFF) TDO (FFFF);
SDR 16 TDI (FFFF) TDO (BFFF);
SDR 16 TDI (FFFF) TDO (FFFF);
SDR 16 TDI (FFFF) TDO (7FFF);
SDR 16 TDI (FFFF) TDO (FFFF);
SDR 16 TDI (FFFF) TDO (9FED);
SDR 16 TDI (FFFF) TDO (BFFF);
SDR 16 TDI (FFFF) TDO (7FBD);
SDR 16 TDI (FFFF) TDO (D65F);
SDR 16 TDI (FFFF) TDO (BDEF);
SDR 16 TDI (FFFF) TDO (D5FF);
SDR 16 TDI (FFFF) TDO (7FFF);
SDR 16 TDI (FFFF) TDO (FFFF);
SDR 16 TDI (FFFF) TDO (9AAF);
SDR 16 TDI (FFFF) TDO (FFFF);
SDR 16 TDI (FFFF) TDO (7FFF);
SDR 16 TDI (FFFF) TDO (FFFF);
SDR 16 TDI (FFFF) TDO (9FFF);
SDR 16 TDI (FFFF) TDO (FFFF);
SDR 16 TDI (FFFF) TDO (7FFF);
SDR 16 TDI (FFFF) TDO (FFDF);
SDR 16 TDI (FFFF) TDO (BFFF);
SDR 16 TDI (FFFF) TDO (FD6B);
SDR 16 TDI (FFFF) TDO (77CB);
SDR 16 TDI (FFFF) TDO (FFBF);
SDR 16 TDI (FFFF) TDO (9BFD);
SDR 16 TDI (FFFF) TDO (BB7F);
SDR 16 TDI (FFFF) TDO (7FFF);
SDR 16 TDI (FFFF) TDO (FFFF);
SDR 16 TDI (FFFF) TDO (9FFF);
SDR 16 TDI (FFFF) TDO (FFFF);
SDR 16 TDI (FFFF) TDO (7FFF);
SDR 16 TDI (FFFF) TDO (FFFF);
SDR 16 TDI (FFFF) TDO (BFFF);
SDR 16 TDI (FFFF) TDO (FFFF);
SDR 16 TDI (FFFF) TDO (7FFF);
SDR 16 TDI (FFFF) TDO (FEFE);
SDR 16 TDI (FFFF) TDO (9BFF);
SDR 16 TDI (FFFF) TDO (FF97);
SDR 16 TDI (FFFF) TDO (7FF6);
SDR 16 TDI (FFFF) TDO (39FF);
SDR 16 TDI (FFFF) TDO (9E56);
SDR 16 TDI (FFFF) TDO (6EFF);
SDR 16 TDI (FFFF) TDO (7FFF);
SDR 16 TDI (FFFF) TDO (FFFF);
SDR 16 TDI (FFFF) TDO (A55F);
SDR 16 TDI (FFFF) TDO (FFFF);
SDR 16 TDI (FFFF) TDO (7FDF);
SDR 16 TDI (FFFF) TDO (FFFF);
SDR 16 TDI (FFFF) TDO (BFFF);
SDR 16 TDI (FFFF) TDO (FFEF);
SDR 16 TDI (FFFF) TDO (7FFF);
SDR 16 TDI (FFFF) TDO (F30C);
SDR 16 TDI (FFFF) TDO (81FF);
SDR 16 TDI (FFFF) TDO (1E4E);
SDR 16 TDI (FFFF) TDO (6C11);
SDR 16 TDI (FFFF) TDO (FD0F);
SDR 16 TDI (FFFF) TDO (B3E7);
SDR 16 TDI (FFFF) TDO (8BF4);
SDR 16 TDI (FFFF) TDO (75FF);
SDR 16 TDI (FFFF) TDO (FFFF);
SDR 16 TDI (FFFF) TDO (AFFF);
SDR 16 TDI (FFFF) TDO (FFFF);
SDR 16 TDI (FFFF) TDO (7FBF);
SDR 16 TDI (FFFF) TDO (FFFF);
SDR 16 TDI (FFFF) TDO (9FFF);
SDR 16 TDI (FFFF) TDO (FFDF);
SDR 16 TDI (FFFF) TDO (7FFF);
SDR 16 TDI (FFFF) TDO (F30C);
SDR 16 TDI (FFFF) TDO (A1FB);
SDR 16 TDI (FFFF) TDO (9806);
SDR 16 TDI (FFFF) TDO (6C15);
SDR 16 TDI (FFFF) TDO (FDCF);
SDR 16 TDI (FFFF) TDO (8A47);
SDR 16 TDI (FFFF) TDO (EA7F);
SDR 16 TDI (FFFF) TDO (69FF);
SDR 16 TDI (FFFF) TDO (FFFF);
SDR 16 TDI (FFFF) TDO (955F);
SDR 16 TDI (FFFF) TDO (FFFF);
SDR 16 TDI (FFFF) TDO (7FFF);
SDR 16 TDI (FFFF) TDO (FFFF);
SDR 16 TDI (FFFF) TDO (BFFF);
SDR 16 TDI (FFFF) TDO (FFFF);
SDR 16 TDI (FFFF) TDO (7FFF);
SDR 16 TDI (FFFF) TDO (F30C);
SDR 16 TDI (FFFF) TDO (81EF);
SDR 16 TDI (FFFF) TDO (9806);
SDR 16 TDI (FFFF) TDO (6C02);
SDR 16 TDI (FFFF) TDO (362F);
SDR 16 TDI (FFFF) TDO (9C67);
SDR 16 TDI (FFFF) TDO (8475);
SDR 16 TDI (FFFF) TDO (7FFF);
SDR 16 TDI (FFFF) TDO (FFFF);
SDR 16 TDI (FFFF) TDO (BFFF);
SDR 16 TDI (FFFF) TDO (FFFF);
SDR 16 TDI (FFFF) TDO (7FFF);
SDR 16 TDI (FFFF) TDO (FFFF);
SDR 16 TDI (FFFF) TDO (9FFF);
SDR 16 TDI (FFFF) TDO (FFFF);
SDR 16 TDI (FFFF) TDO (7FFF);
SDR 16 TDI (FFFF) TDO (F30C);
SDR 16 TDI (FFFF) TDO (81FF);
SDR 16 TDI (FFFF) TDO (9E2E);
SDR 16 TDI (FFFF) TDO (6C00);
SDR 16 TDI (FFFF) TDO (7EEF);
SDR 16 TDI (FFFF) TDO (BC04);
SDR 16 TDI (FFFF) TDO (E47F);
SDR 16 TDI (FFFF) TDO (7FFF);
SDR 16 TDI (FFFF) TDO (FFFF);
SDR 16 TDI (FFFF) TDO (9FFF);
SDR 16 TDI (FFFF) TDO (3333);
SDR 16 TDI (FFFF) TDO (63E6);
SDR 16 TDI (FFFF) TDO (6667);
SDR 16 TDI (FFFF) TDO (9333);
SDR 16 TDI (FFFF) TDO (31F3);
SDR 16 TDI (FFFF) TDO (6666);
SDR 16 TDI (FFFF) TDO (7CCE);
SDR 16 TDI (FFFF) TDO (BD9F);
SDR 16 TDI (FFFF) TDO (BD11);
SDR 16 TDI (FFFF) TDO (73CC);
SDR 16 TDI (FFFF) TDO (DCF7);
SDR 16 TDI (FFFF) TDO (9BD9);
SDR 16 TDI (FFFF) TDO (BBFF);
SDR 16 TDI (FFFF) TDO (6FFF);
SDR 16 TDI (FFFF) TDO (FFFF);
SDR 16 TDI (FFFF) TDO (9FFF);
SDR 16 TDI (FFFF) TDO (7777);
SDR 16 TDI (FFFF) TDO (6957);
SDR 16 TDI (FFFF) TDO (7777);
SDR 16 TDI (FFFF) TDO (B777);
SDR 16 TDI (FFFF) TDO (74AB);
SDR 16 TDI (FFFF) TDO (7777);
SDR 16 TDI (FFFF) TDO (7CCC);
SDR 16 TDI (FFFF) TDO (99B5);
SDR 16 TDI (FFFF) TDO (1899);
SDR 16 TDI (FFFF) TDO (73DD);
SDR 16 TDI (FFFF) TDO (DDC2);
SDR 16 TDI (FFFF) TDO (91DD);
SDR 16 TDI (FFFF) TDO (99FE);
SDR 16 TDI (FFFF) TDO (7FFF);
SDR 16 TDI (FFFF) TDO (FFFF);
SDR 16 TDI (FFFF) TDO (BFFF);
SDR 16 TDI (FFFF) TDO (FFFF);
SDR 16 TDI (FFFF) TDO (7FDF);
SDR 16 TDI (FFFF) TDO (FFFF);
SDR 16 TDI (FFFF) TDO (9FFF);
SDR 16 TDI (FFFF) TDO (FFEF);
SDR 16 TDI (FFFF) TDO (7FFF);
SDR 16 TDI (FFFF) TDO (FF7F);
SDR 16 TDI (FFFF) TDO (8FFF);
SDR 16 TDI (FFFF) TDO (7F77);
SDR 16 TDI (FFFF) TDO (7FEF);
SDR 16 TDI (FFFF) TDO (EEFF);
SDR 16 TDI (FFFF) TDO (B7BF);
SDR 16 TDI (FFFF) TDO (FFFF);
SDR 16 TDI (FFFF) TDO (7FFF);
SDR 16 TDI (FFFF) TDO (FFFF);
SDR 16 TDI (FFFF) TDO (BFFF);
SDR 16 TDI (FFFF) TDO (FFFE);
SDR 16 TDI (FFFF) TDO (7FFF);
SDR 16 TDI (FFFF) TDO (FBFF);
SDR 16 TDI (FFFF) TDO (BFFF);
SDR 16 TDI (FFFF) TDO (FFFF);
SDR 16 TDI (FFFF) TDO (5FFF);
SDR 16 TDI (FFFF) TDO (FFFF);
SDR 16 TDI (FFFF) TDO (BFBF);
SDR 16 TDI (FFFF) TDO (FFFF);
SDR 16 TDI (FFFF) TDO (7BEF);
SDR 16 TDI (FFFF) TDO (FF6F);
SDR 16 TDI (FFFF) TDO (BF7D);
SDR 16 TDI (FFFF) TDO (EFFF);
SDR 16 TDI (FFFF) TDO (7FFF);
SDR 16 TDI (FFFF) TDO (FFFF);
SDR 16 TDI (FFFF) TDO (9FFF);
SDR 16 TDI (FFFF) TDO (FFFF);
SDR 16 TDI (FFFF) TDO (7FFF);
SDR 16 TDI (FFFF) TDO (FFFF);
SDR 16 TDI (FFFF) TDO (BFFF);
SDR 16 TDI (FFFF) TDO (FFFF);
SDR 16 TDI (FFFF) TDO (7FFF);
SDR 16 TDI (FFFF) TDO (FFFF);
SDR 16 TDI (FFFF) TDO (BFFF);
SDR 16 TDI (FFFF) TDO (FFFF);
SDR 16 TDI (FFFF) TDO (7FFE);
SDR 16 TDI (FFFF) TDO (F7FF);
SDR 16 TDI (FFFF) TDO (9BFF);
SDR 16 TDI (FFFF) TDO (BFFF);
SDR 16 TDI (FFFF) TDO (7FFF);
SDR 16 TDI (FFFF) TDO (FFFF);
SDR 16 TDI (FFFF) TDO (AFFF);
SDR 16 TDI (FFFF) TDO (FFFF);
SDR 16 TDI (FFFF) TDO (7FFF);
SDR 16 TDI (FFFF) TDO (FBFF);
SDR 16 TDI (FFFF) TDO (BFFF);
SDR 16 TDI (FFFF) TDO (FFFF);
SDR 16 TDI (FFFF) TDO (7FFF);
SDR 16 TDI (FFFF) TDO (FFFF);
SDR 16 TDI (FFFF) TDO (BFBF);
SDR 16 TDI (FFFF) TDO (FFFF);
SDR 16 TDI (FFFF) TDO (57FF);
SDR 16 TDI (FFFF) TDO (FFFF);
SDR 16 TDI (FFFF) TDO (BEFF);
SDR 16 TDI (FFFF) TDO (FFFF);
SDR 16 TDI (FFFF) TDO (7DFF);
SDR 16 TDI (FFFF) TDO (FFFF);
SDR 16 TDI (FFFF) TDO (AFFF);
SDR 16 TDI (FFFF) TDO (FFFD);
SDR 16 TDI (FFFF) TDO (7FFF);
SDR 16 TDI (FFFF) TDO (FFFF);
SDR 16 TDI (FFFF) TDO (BFFF);
SDR 16 TDI (FFFF) TDO (FFFF);
SDR 16 TDI (FFFF) TDO (5FFF);
SDR 16 TDI (FFFF) TDO (FFFF);
SDR 16 TDI (FFFF) TDO (BFFF);
SDR 16 TDI (FFFF) TDO (FFFF);
SDR 16 TDI (FFFF) TDO (7FDF);
SDR 16 TDI (FFFF) TDO (F7AF);
SDR 16 TDI (FFFF) TDO (BFFD);
SDR 16 TDI (FFFF) TDO (F7FF);
SDR 16 TDI (FFFF) TDO (7DFF);
SDR 16 TDI (FFFF) TDO (FFFF);
SDR 16 TDI (FFFF) TDO (BBFF);
SDR 16 TDI (FFFF) TDO (FFFF);
SDR 16 TDI (FFFF) TDO (5FFF);
SDR 16 TDI (FFFF) TDO (FFFF);
SDR 16 TDI (FFFF) TDO (BFFF);
SDR 16 TDI (FFFF) TDO (FFFF);
SDR 16 TDI (FFFF) TDO (7F7F);
SDR 16 TDI (FFFF) TDO (FFFF);
SDR 16 TDI (FFFF) TDO (BFFF);
SDR 16 TDI (FFFF) TDO (FFFF);
SDR 16 TDI (FFFF) TDO (7EFF);
SDR 16 TDI (FFFF) TDO (FFEF);
SDR 16 TDI (FFFF) TDO (BF5F);
SDR 16 TDI (FFFF) TDO (BBFF);
SDR 16 TDI (FFFF) TDO (5FFF);
SDR 16 TDI (FFFF) TDO (FFFF);
SDR 16 TDI (FFFF) TDO (BFFF);
SDR 16 TDI (FFFF) TDO (FFFF);
SDR 16 TDI (FFFF) TDO (7FFF);
SDR 16 TDI (FFFF) TDO (FFFF);
SDR 16 TDI (FFFF) TDO (BFFF);
SDR 16 TDI (FFFF) TDO (FFFF);
SDR 16 TDI (FFFF) TDO (7FFF);
SDR 16 TDI (FFFF) TDO (FFFF);
SDR 16 TDI (FFFF) TDO (BFFF);
SDR 16 TDI (FFFF) TDO (FFFF);
SDR 16 TDI (FFFF) TDO (5FFF);
SDR 16 TDI (FFFF) TDO (FFFF);
SDR 16 TDI (FFFF) TDO (BBFE);
SDR 16 TDI (FFFF) TDO (FFFF);
SDR 16 TDI (FFFF) TDO (7FFF);
SDR 16 TDI (FFFF) TDO (FFFF);
SDR 16 TDI (FFFF) TDO (BFFF);
SDR 16 TDI (FFFF) TDO (FFFF);
SDR 16 TDI (FFFF) TDO (7FFF);
SDR 16 TDI (FFFF) TDO (FFFF);
SDR 16 TDI (FFFF) TDO (BFFF);
SDR 16 TDI (FFFF) TDO (FFFF);
SDR 16 TDI (FFFF) TDO (5FFF);
SDR 16 TDI (FFFF) TDO (EFFF);
SDR 16 TDI (FFFF) TDO (BFFF);
SDR 16 TDI (FFFF) TDO (FFFF);
SDR 16 TDI (FFFF) TDO (7EFF);
SDR 16 TDI (FFFF) TDO (FFDF);
SDR 16 TDI (FFFF) TDO (BF5F);
SDR 16 TDI (FFFF) TDO (FFFF);
SDR 16 TDI (FFFF) TDO (7BFF);
SDR 16 TDI (FFFF) TDO (FFFF);
SDR 16 TDI (FFFF) TDO (BFFF);
SDR 16 TDI (FFFF) TDO (FFFF);
SDR 16 TDI (FFFF) TDO (5FFF);
SDR 16 TDI (FFFF) TDO (FFFF);
SDR 16 TDI (FFFF) TDO (BFFF);
SDR 16 TDI (FFFF) TDO (FFFF);
SDR 16 TDI (FFFF) TDO (7F7F);
SDR 16 TDI (FFFF) TDO (FFFF);
SDR 16 TDI (FFFF) TDO (BFFF);
SDR 16 TDI (FFFF) TDO (FFFF);
SDR 16 TDI (FFFF) TDO (7FFF);
SDR 16 TDI (FFFF) TDO (FFFF);
SDR 16 TDI (FFFF) TDO (BDFF);
SDR 16 TDI (FFFF) TDO (3BFF);
SDR 16 TDI (FFFF) TDO (5FFF);
SDR 16 TDI (FFFF) TDO (FFFF);
SDR 16 TDI (FFFF) TDO (BFFF);
SDR 16 TDI (FFFF) TDO (FFFF);
SDR 16 TDI (FFFF) TDO (7FFF);
SDR 16 TDI (FFFF) TDO (FFFF);
SDR 16 TDI (FFFF) TDO (BFFF);
SDR 16 TDI (FFFF) TDO (FFFF);
SDR 16 TDI (FFFF) TDO (7FFF);
SDR 16 TDI (FFFF) TDO (EFFF);
SDR 16 TDI (FFFF) TDO (BFFF);
SDR 16 TDI (FFFF) TDO (FFFF);
SDR 16 TDI (FFFF) TDO (5FAB);
SDR 16 TDI (FFFF) TDO (6FFF);
SDR 16 TDI (FFFF) TDO (BFFF);
SDR 16 TDI (FFFF) TDO (F7FF);
SDR 16 TDI (FFFF) TDO (7FFF);
SDR 16 TDI (FFFF) TDO (FFFF);
SDR 16 TDI (FFFF) TDO (BFBB);
SDR 16 TDI (FFFF) TDO (FFFF);
SDR 16 TDI (FFFF) TDO (7FFF);
SDR 16 TDI (FFFF) TDO (FFFF);
SDR 16 TDI (FFFF) TDO (BFFF);
SDR 16 TDI (FFFF) TDO (FFFF);
SDR 16 TDI (FFFF) TDO (5FFF);
SDR 16 TDI (FFFF) TDO (FFFF);
SDR 16 TDI (FFFF) TDO (BFFF);
SDR 16 TDI (FFFF) TDO (BFFF);
SDR 16 TDI (FFFF) TDO (7FFF);
SDR 16 TDI (FFFF) TDO (FFDF);
SDR 16 TDI (FFFF) TDO (BFBF);
SDR 16 TDI (FFFF) TDO (FFFF);
SDR 16 TDI (FFFF) TDO (7FFF);
SDR 16 TDI (FFFF) TDO (FFFF);
SDR 16 TDI (FFFF) TDO (BF7F);
SDR 16 TDI (FFFF) TDO (FFFF);
SDR 16 TDI (FFFF) TDO (5FFF);
SDR 16 TDI (FFFF) TDO (FFFF);
SDR 16 TDI (FFFF) TDO (BFFF);
SDR 16 TDI (FFFF) TDO (FFFF);
SDR 16 TDI (FFFF) TDO (7FFF);
SDR 16 TDI (FFFF) TDO (FFFF);
SDR 16 TDI (FFFF) TDO (BFFF);
SDR 16 TDI (FFFF) TDO (FFFF);
SDR 16 TDI (FFFF) TDO (7FFF);
SDR 16 TDI (FFFF) TDO (DFDF);
SDR 16 TDI (FFFF) TDO (BFDF);
SDR 16 TDI (FFFF) TDO (B3FF);
SDR 16 TDI (FFFF) TDO (5FFF);
SDR 16 TDI (FFFF) TDO (FFFF);
SDR 16 TDI (FFFF) TDO (BFFB);
SDR 16 TDI (FFFF) TDO (FFFF);
SDR 16 TDI (FFFF) TDO (7FFF);
SDR 16 TDI (FFFF) TDO (FFFF);
SDR 16 TDI (FFFF) TDO (BFFF);
SDR 16 TDI (FFFF) TDO (FFFF);
SDR 16 TDI (FFFF) TDO (7FFF);
SDR 16 TDI (FFFF) TDO (FFFF);
SDR 16 TDI (FFFF) TDO (BFFF);
SDR 16 TDI (FFFF) TDO (FFFF);
SDR 16 TDI (FFFF) TDO (5F9B);
SDR 16 TDI (FFFF) TDO (7FFF);
SDR 16 TDI (FFFF) TDO (BFFF);
SDR 16 TDI (FFFF) TDO (FFFF);
SDR 16 TDI (FFFF) TDO (7FFF);
SDR 16 TDI (FFFF) TDO (FFFF);
SDR 16 TDI (FFFF) TDO (A55F);
SDR 16 TDI (FFFF) TDO (FFFF);
SDR 16 TDI (FFFF) TDO (7FFF);
SDR 16 TDI (FFFF) TDO (FFFF);
SDR 16 TDI (FFFF) TDO (BFFF);
SDR 16 TDI (FFFF) TDO (FFFF);
SDR 16 TDI (FFFF) TDO (5FFF);
SDR 16 TDI (FFFF) TDO (FFFF);
SDR 16 TDI (FFFF) TDO (BFFF);
SDR 16 TDI (FFFF) TDO (FFFF);
SDR 16 TDI (FFFF) TDO (7FFE);
SDR 16 TDI (FFFF) TDO (F7EF);
SDR 16 TDI (FFFF) TDO (BFFF);
SDR 16 TDI (FFFF) TDO (FFFD);
SDR 16 TDI (FFFF) TDO (7BFF);
SDR 16 TDI (FFFF) TDO (FFFF);
SDR 16 TDI (FFFF) TDO (AFFF);
SDR 16 TDI (FFFF) TDO (FFFF);
SDR 16 TDI (FFFF) TDO (5FFF);
SDR 16 TDI (FFFF) TDO (FFFF);
SDR 16 TDI (FFFF) TDO (BFFF);
SDR 16 TDI (FFFF) TDO (FFFF);
SDR 16 TDI (FFFF) TDO (7FFF);
SDR 16 TDI (FFFF) TDO (FAFA);
SDR 16 TDI (FFFF) TDO (BFDF);
SDR 16 TDI (FFFF) TDO (AFAA);
SDR 16 TDI (FFFF) TDO (75F7);
SDR 16 TDI (FFFF) TDO (DFBF);
SDR 16 TDI (FFFF) TDO (BCFE);
SDR 16 TDI (FFFF) TDO (BFFF);
SDR 16 TDI (FFFF) TDO (5FFF);
SDR 16 TDI (FFFF) TDO (FFFF);
SDR 16 TDI (FFFF) TDO (A55F);
SDR 16 TDI (FFFF) TDO (FFFF);
SDR 16 TDI (FFFF) TDO (7FFF);
SDR 16 TDI (FFFF) TDO (FFFF);
SDR 16 TDI (FFFF) TDO (BFFF);
SDR 16 TDI (FFFF) TDO (FFFF);
SDR 16 TDI (FFFF) TDO (7FFF);
SDR 16 TDI (FFFF) TDO (FFFF);
SDR 16 TDI (FFFF) TDO (BFFF);
SDR 16 TDI (FFFF) TDO (FFEF);
SDR 16 TDI (FFFF) TDO (5F5F);
SDR 16 TDI (FFFF) TDO (FDFF);
SDR 16 TDI (FFFF) TDO (BEBB);
SDR 16 TDI (FFFF) TDO (EFFD);
SDR 16 TDI (FFFF) TDO (79FF);
SDR 16 TDI (FFFF) TDO (FFFF);
SDR 16 TDI (FFFF) TDO (AAAF);
SDR 16 TDI (FFFF) TDO (FFFF);
SDR 16 TDI (FFFF) TDO (7FFF);
SDR 16 TDI (FFFF) TDO (FFFF);
SDR 16 TDI (FFFF) TDO (BFFF);
SDR 16 TDI (FFFF) TDO (FFFF);
SDR 16 TDI (FFFF) TDO (5FFF);
SDR 16 TDI (FFFF) TDO (FFFF);
SDR 16 TDI (FFFF) TDO (BFFF);
SDR 16 TDI (FFFF) TDO (FFFF);
SDR 16 TDI (FFFF) TDO (7FDF);
SDR 16 TDI (FFFF) TDO (B7FE);
SDR 16 TDI (FFFF) TDO (BFDF);
SDR 16 TDI (FFFF) TDO (FBFF);
SDR 16 TDI (FFFF) TDO (7DFF);
SDR 16 TDI (FFFF) TDO (FFFF);
SDR 16 TDI (FFFF) TDO (9FFF);
SDR 16 TDI (FFFF) TDO (FFFF);
SDR 16 TDI (FFFF) TDO (7FFF);
SDR 16 TDI (FFFF) TDO (FFFF);
SDR 16 TDI (FFFF) TDO (BFFF);
SDR 16 TDI (FFFF) TDO (FFFF);
SDR 16 TDI (FFFF) TDO (7FFF);
SDR 16 TDI (FFFF) TDO (FBFB);
SDR 16 TDI (FFFF) TDO (BF7F);
SDR 16 TDI (FFFF) TDO (EFFE);
SDR 16 TDI (FFFF) TDO (7DFF);
SDR 16 TDI (FFFF) TDO (FF7F);
SDR 16 TDI (FFFF) TDO (9FEF);
SDR 16 TDI (FFFF) TDO (FEFF);
SDR 16 TDI (FFFF) TDO (77FF);
SDR 16 TDI (FFFF) TDO (FFFF);
SDR 16 TDI (FFFF) TDO (BFFF);
SDR 16 TDI (FFFF) TDO (FFFF);
SDR 16 TDI (FFFF) TDO (7FFF);
SDR 16 TDI (FFFF) TDO (FFFF);
SDR 16 TDI (FFFF) TDO (BFFF);
SDR 16 TDI (FFFF) TDO (FFFF);
SDR 16 TDI (FFFF) TDO (7FFF);
SDR 16 TDI (FFFF) TDO (FEFE);
SDR 16 TDI (FFFF) TDO (BFDF);
SDR 16 TDI (FFFF) TDO (BBBB);
SDR 16 TDI (FFFF) TDO (5FBE);
SDR 16 TDI (FFFF) TDO (6EDF);
SDR 16 TDI (FFFF) TDO (BDED);
SDR 16 TDI (FFFF) TDO (FFFF);
SDR 16 TDI (FFFF) TDO (7FFF);
SDR 16 TDI (FFFF) TDO (FFFF);
SDR 16 TDI (FFFF) TDO (BFFF);
SDR 16 TDI (FFFF) TDO (FFFF);
SDR 16 TDI (FFFF) TDO (7FFF);
SDR 16 TDI (FFFF) TDO (FFFF);
SDR 16 TDI (FFFF) TDO (BFFF);
SDR 16 TDI (FFFF) TDO (FFFF);
SDR 16 TDI (FFFF) TDO (5FFF);
SDR 16 TDI (FFFF) TDO (F6F6);
SDR 16 TDI (FFFF) TDO (BF9F);
SDR 16 TDI (FFFF) TDO (B3A3);
SDR 16 TDI (FFFF) TDO (6EFD);
SDR 16 TDI (FFFF) TDO (315E);
SDR 16 TDI (FFFF) TDO (BF7F);
SDR 16 TDI (FFFF) TDO (5BFF);
SDR 16 TDI (FFFF) TDO (7FFF);
SDR 16 TDI (FFFF) TDO (FFFF);
SDR 16 TDI (FFFF) TDO (BAAF);
SDR 16 TDI (FFFF) TDO (FFFF);
SDR 16 TDI (FFFF) TDO (5FFF);
SDR 16 TDI (FFFF) TDO (FFFF);
SDR 16 TDI (FFFF) TDO (BFFF);
SDR 16 TDI (FFFF) TDO (FFFF);
SDR 16 TDI (FFFF) TDO (7FFF);
SDR 16 TDI (FFFF) TDO (FBFB);
SDR 16 TDI (FFFF) TDO (BF7F);
SDR 16 TDI (FFFF) TDO (EFDE);
SDR 16 TDI (FFFF) TDO (7D3F);
SDR 16 TDI (FFFF) TDO (FFEF);
SDR 16 TDI (FFFF) TDO (BF8B);
SDR 16 TDI (FFFF) TDO (FFFB);
SDR 16 TDI (FFFF) TDO (57FF);
SDR 16 TDI (FFFF) TDO (FFFF);
SDR 16 TDI (FFFF) TDO (BFFF);
SDR 16 TDI (FFFF) TDO (FFFF);
SDR 16 TDI (FFFF) TDO (7FFF);
SDR 16 TDI (FFFF) TDO (FFFF);
SDR 16 TDI (FFFF) TDO (BFFF);
SDR 16 TDI (FFFF) TDO (FFFF);
SDR 16 TDI (FFFF) TDO (7FFF);
SDR 16 TDI (FFFF) TDO (FDFD);
SDR 16 TDI (FFFF) TDO (BFFF);
SDR 16 TDI (FFFF) TDO (DFFD);
SDR 16 TDI (FFFF) TDO (5BC6);
SDR 16 TDI (FFFF) TDO (CEBF);
SDR 16 TDI (FFFF) TDO (B8F5);
SDR 16 TDI (FFFF) TDO (EEFF);
SDR 16 TDI (FFFF) TDO (7FFF);
SDR 16 TDI (FFFF) TDO (FFFF);
SDR 16 TDI (FFFF) TDO (B95F);
SDR 16 TDI (FFFF) TDO (FFFF);
SDR 16 TDI (FFFF) TDO (7FDF);
SDR 16 TDI (FFFF) TDO (FFFF);
SDR 16 TDI (FFFF) TDO (BFFF);
SDR 16 TDI (FFFF) TDO (FFEF);
SDR 16 TDI (FFFF) TDO (5FFF);
SDR 16 TDI (FFFF) TDO (FFF6);
SDR 16 TDI (FFFF) TDO (BF17);
SDR 16 TDI (FFFF) TDO (0638);
SDR 16 TDI (FFFF) TDO (75FC);
SDR 16 TDI (FFFF) TDO (0FFF);
SDR 16 TDI (FFFF) TDO (B1D1);
SDR 16 TDI (FFFF) TDO (D274);
SDR 16 TDI (FFFF) TDO (79FF);
SDR 16 TDI (FFFF) TDO (FFFF);
SDR 16 TDI (FFFF) TDO (BFFF);
SDR 16 TDI (FFFF) TDO (FFFF);
SDR 16 TDI (FFFF) TDO (5FBF);
SDR 16 TDI (FFFF) TDO (FFFF);
SDR 16 TDI (FFFF) TDO (BFFF);
SDR 16 TDI (FFFF) TDO (FFDF);
SDR 16 TDI (FFFF) TDO (5FFF);
SDR 16 TDI (FFFF) TDO (FDF6);
SDR 16 TDI (FFFF) TDO (BF1E);
SDR 16 TDI (FFFF) TDO (8628);
SDR 16 TDI (FFFF) TDO (6070);
SDR 16 TDI (FFFF) TDO (0D89);
SDR 16 TDI (FFFF) TDO (B8D1);
SDR 16 TDI (FFFF) TDO (D27E);
SDR 16 TDI (FFFF) TDO (5DFF);
SDR 16 TDI (FFFF) TDO (FFFF);
SDR 16 TDI (FFFF) TDO (B99F);
SDR 16 TDI (FFFF) TDO (FFFF);
SDR 16 TDI (FFFF) TDO (5FFF);
SDR 16 TDI (FFFF) TDO (FFFF);
SDR 16 TDI (FFFF) TDO (BFFF);
SDR 16 TDI (FFFF) TDO (FFFF);
SDR 16 TDI (FFFF) TDO (7FFF);
SDR 16 TDI (FFFF) TDO (FFF5);
SDR 16 TDI (FFFF) TDO (BEFF);
SDR 16 TDI (FFFF) TDO (864F);
SDR 16 TDI (FFFF) TDO (4FF0);
SDR 16 TDI (FFFF) TDO (0F9F);
SDR 16 TDI (FFFF) TDO (B821);
SDR 16 TDI (FFFF) TDO (8475);
SDR 16 TDI (FFFF) TDO (7BFF);
SDR 16 TDI (FFFF) TDO (FFFF);
SDR 16 TDI (FFFF) TDO (BFFF);
SDR 16 TDI (FFFF) TDO (FFFF);
SDR 16 TDI (FFFF) TDO (7FFF);
SDR 16 TDI (FFFF) TDO (FFFF);
SDR 16 TDI (FFFF) TDO (BFFF);
SDR 16 TDI (FFFF) TDO (FFFF);
SDR 16 TDI (FFFF) TDO (5FFF);
SDR 16 TDI (FFFF) TDO (FFF1);
SDR 16 TDI (FFFF) TDO (BEFF);
SDR 16 TDI (FFFF) TDO (A646);
SDR 16 TDI (FFFF) TDO (76F0);
SDR 16 TDI (FFFF) TDO (4F0F);
SDR 16 TDI (FFFF) TDO (B807);
SDR 16 TDI (FFFF) TDO (847F);
SDR 16 TDI (FFFF) TDO (7FFF);
SDR 16 TDI (FFFF) TDO (FFFF);
SDR 16 TDI (FFFF) TDO (BEFF);
SDR 16 TDI (FFFF) TDO (3333);
SDR 16 TDI (FFFF) TDO (43E6);
SDR 16 TDI (FFFF) TDO (6667);
SDR 16 TDI (FFFF) TDO (B333);
SDR 16 TDI (FFFF) TDO (31F3);
SDR 16 TDI (FFFF) TDO (6666);
SDR 16 TDI (FFFF) TDO (78CE);
SDR 16 TDI (FFFF) TDO (B9CF);
SDR 16 TDI (FFFF) TDO (8BBB);
SDR 16 TDI (FFFF) TDO (73CE);
SDR 16 TDI (FFFF) TDO (CCE7);
SDR 16 TDI (FFFF) TDO (999B);
SDR 16 TDI (FFFF) TDO (99DF);
SDR 16 TDI (FFFF) TDO (57FF);
SDR 16 TDI (FFFF) TDO (FFFF);
SDR 16 TDI (FFFF) TDO (BFFF);
SDR 16 TDI (FFFF) TDO (7777);
SDR 16 TDI (FFFF) TDO (6957);
SDR 16 TDI (FFFF) TDO (7777);
SDR 16 TDI (FFFF) TDO (B777);
SDR 16 TDI (FFFF) TDO (74AB);
SDR 16 TDI (FFFF) TDO (7777);
SDR 16 TDI (FFFF) TDO (7DDC);
SDR 16 TDI (FFFF) TDO (9B85);
SDR 16 TDI (FFFF) TDO (5999);
SDR 16 TDI (FFFF) TDO (5BDC);
SDR 16 TDI (FFFF) TDO (DDC2);
SDR 16 TDI (FFFF) TDO (B499);
SDR 16 TDI (FFFF) TDO (CCFF);
SDR 16 TDI (FFFF) TDO (7FFF);
SDR 16 TDI (FFFF) TDO (FFFF);
SDR 16 TDI (FFFF) TDO (BFFF);
SDR 16 TDI (FFFF) TDO (FFFF);
SDR 16 TDI (FFFF) TDO (7FDF);
SDR 16 TDI (FFFF) TDO (FFFF);
SDR 16 TDI (FFFF) TDO (BFFF);
SDR 16 TDI (FFFF) TDO (FFEF);
SDR 16 TDI (FFFF) TDO (5FFF);
SDR 16 TDI (FFFF) TDO (FFFF);
SDR 16 TDI (FFFF) TDO (BFFF);
SDR 16 TDI (FFFF) TDO (7FFF);
SDR 16 TDI (FFFF) TDO (77EF);
SDR 16 TDI (FFFF) TDO (EEFF);
SDR 16 TDI (FFFF) TDO (B7FF);
SDR 16 TDI (FFFF) TDO (FFDF);
SDR 16 TDI (FFFF) TDO (7FFF);
SDR 16 TDI (FFFF) TDO (FFFF);
SDR 16 TDI (FFFF) TDO (9FFF);
SDR 16 TDI (FFFF) TDO (FFFF);
SDR 16 TDI (FFFF) TDO (5FFF);
SDR 16 TDI (FFFF) TDO (FFFF);
SDR 16 TDI (FFFF) TDO (BFFF);
SDR 16 TDI (FFFF) TDO (FFFF);
SDR 16 TDI (FFFF) TDO (7FFF);
SDR 16 TDI (FFFF) TDO (FFFF);
SDR 16 TDI (FFFF) TDO (BFFF);
SDR 16 TDI (FFFF) TDO (F7FF);
SDR 16 TDI (FFFF) TDO (6FD9);
SDR 16 TDI (FFFF) TDO (7FFF);
SDR 16 TDI (FFFF) TDO (BFEF);
SDR 16 TDI (FFFF) TDO (FFFF);
SDR 16 TDI (FFFF) TDO (5FFF);
SDR 16 TDI (FFFF) TDO (FFFF);
SDR 16 TDI (FFFF) TDO (BFFF);
SDR 16 TDI (FFFF) TDO (FFFE);
SDR 16 TDI (FFFF) TDO (7FFF);
SDR 16 TDI (FFFF) TDO (FFFF);
SDR 16 TDI (FFFF) TDO (BFFF);
SDR 16 TDI (FFFF) TDO (FFFD);
SDR 16 TDI (FFFF) TDO (7FBF);
SDR 16 TDI (FFFF) TDO (FFFB);
SDR 16 TDI (FFFF) TDO (BFFF);
SDR 16 TDI (FFFF) TDO (FEFF);
SDR 16 TDI (FFFF) TDO (5FFF);
SDR 16 TDI (FFFF) TDO (EF9F);
SDR 16 TDI (FFFF) TDO (BDDF);
SDR 16 TDI (FFFF) TDO (FFFF);
SDR 16 TDI (FFFF) TDO (7FFF);
SDR 16 TDI (FFFF) TDO (FFFF);
SDR 16 TDI (FFFF) TDO (BFFF);
SDR 16 TDI (FFFF) TDO (FFFF);
SDR 16 TDI (FFFF) TDO (7FFF);
SDR 16 TDI (FFFF) TDO (FFFF);
SDR 16 TDI (FFFF) TDO (BFFF);
SDR 16 TDI (FFFF) TDO (FFFF);
SDR 16 TDI (FFFF) TDO (5FFF);
SDR 16 TDI (FFFF) TDO (FFFF);
SDR 16 TDI (FFFF) TDO (BFFF);
SDR 16 TDI (FFFF) TDO (EFFF);
SDR 16 TDI (FFFF) TDO (7FEB);
SDR 16 TDI (FFFF) TDO (FFEF);
SDR 16 TDI (FFFF) TDO (BDD7);
SDR 16 TDI (FFFF) TDO (FFFF);
SDR 16 TDI (FFFF) TDO (7FFF);
SDR 16 TDI (FFFF) TDO (FFFF);
SDR 16 TDI (FFFF) TDO (BBFF);
SDR 16 TDI (FFFF) TDO (FFFF);
SDR 16 TDI (FFFF) TDO (5FFF);
SDR 16 TDI (FFFF) TDO (FFFF);
SDR 16 TDI (FFFF) TDO (BFFF);
SDR 16 TDI (FFFF) TDO (FFFF);
SDR 16 TDI (FFFF) TDO (7FFF);
SDR 16 TDI (FFFF) TDO (FFFF);
SDR 16 TDI (FFFF) TDO (BFFF);
SDR 16 TDI (FFFF) TDO (FFFE);
SDR 16 TDI (FFFF) TDO (7FFE);
SDR 16 TDI (FFFF) TDO (7FFF);
SDR 16 TDI (FFFF) TDO (9FFF);
SDR 16 TDI (FFFF) TDO (FFFF);
SDR 16 TDI (FFFF) TDO (5FFF);
SDR 16 TDI (FFFF) TDO (FFFF);
SDR 16 TDI (FFFF) TDO (BFFF);
SDR 16 TDI (FFFF) TDO (FFFF);
SDR 16 TDI (FFFF) TDO (7FFF);
SDR 16 TDI (FFFF) TDO (FF7F);
SDR 16 TDI (FFFF) TDO (BFFF);
SDR 16 TDI (FFFF) TDO (FFFF);
SDR 16 TDI (FFFF) TDO (6FFF);
SDR 16 TDI (FFFF) TDO (FFFF);
SDR 16 TDI (FFFF) TDO (BF7F);
SDR 16 TDI (FFFF) TDO (FEFF);
SDR 16 TDI (FFFF) TDO (5A77);
SDR 16 TDI (FFFF) TDO (FFBF);
SDR 16 TDI (FFFF) TDO (BFFF);
SDR 16 TDI (FFFF) TDO (7BFF);
SDR 16 TDI (FFFF) TDO (7FFF);
SDR 16 TDI (FFFF) TDO (FFFF);
SDR 16 TDI (FFFF) TDO (BFFF);
SDR 16 TDI (FFFF) TDO (FFFF);
SDR 16 TDI (FFFF) TDO (7FFF);
SDR 16 TDI (FFFF) TDO (FFFF);
SDR 16 TDI (FFFF) TDO (BFFF);
SDR 16 TDI (FFFF) TDO (FFFF);
SDR 16 TDI (FFFF) TDO (5FFF);
SDR 16 TDI (FFFF) TDO (EEFF);
SDR 16 TDI (FFFF) TDO (BFFF);
SDR 16 TDI (FFFF) TDO (FFAF);
SDR 16 TDI (FFFF) TDO (7FFF);
SDR 16 TDI (FFFF) TDO (FFEF);
SDR 16 TDI (FFFF) TDO (BDD3);
SDR 16 TDI (FFFF) TDO (FFFF);
SDR 16 TDI (FFFF) TDO (7FFF);
SDR 16 TDI (FFFF) TDO (FFFF);
SDR 16 TDI (FFFF) TDO (BFFF);
SDR 16 TDI (FFFF) TDO (FFFF);
SDR 16 TDI (FFFF) TDO (5FFF);
SDR 16 TDI (FFFF) TDO (FF7F);
SDR 16 TDI (FFFF) TDO (BFFF);
SDR 16 TDI (FFFF) TDO (FFFF);
SDR 16 TDI (FFFF) TDO (6FFF);
SDR 16 TDI (FFFF) TDO (EFFF);
SDR 16 TDI (FFFF) TDO (BFFF);
SDR 16 TDI (FFFF) TDO (FF7F);
SDR 16 TDI (FFFF) TDO (7E7F);
SDR 16 TDI (FFFF) TDO (FFFF);
SDR 16 TDI (FFFF) TDO (BBFF);
SDR 16 TDI (FFFF) TDO (FFFF);
SDR 16 TDI (FFFF) TDO (5FFF);
SDR 16 TDI (FFFF) TDO (FFFF);
SDR 16 TDI (FFFF) TDO (BFFF);
SDR 16 TDI (FFFF) TDO (FFFF);
SDR 16 TDI (FFFF) TDO (7FFF);
SDR 16 TDI (FFFF) TDO (FFFF);
SDR 16 TDI (FFFF) TDO (BFFF);
SDR 16 TDI (FFFF) TDO (FFFF);
SDR 16 TDI (FFFF) TDO (7FFF);
SDR 16 TDI (FFFF) TDO (FFFF);
SDR 16 TDI (FFFF) TDO (BF7F);
SDR 16 TDI (FFFF) TDO (FFFF);
SDR 16 TDI (FFFF) TDO (57FB);
SDR 16 TDI (FFFF) TDO (FF7F);
SDR 16 TDI (FFFF) TDO (BFAF);
SDR 16 TDI (FFFF) TDO (7BFF);
SDR 16 TDI (FFFF) TDO (7FFF);
SDR 16 TDI (FFFF) TDO (FFFF);
SDR 16 TDI (FFFF) TDO (BFFF);
SDR 16 TDI (FFFF) TDO (FFFF);
SDR 16 TDI (FFFF) TDO (7FFF);
SDR 16 TDI (FFFF) TDO (EFDF);
SDR 16 TDI (FFFF) TDO (BFFF);
SDR 16 TDI (FFFF) TDO (FFFF);
SDR 16 TDI (FFFF) TDO (5FFD);
SDR 16 TDI (FFFF) TDO (EFFF);
SDR 16 TDI (FFFF) TDO (BFFF);
SDR 16 TDI (FFFF) TDO (FFF7);
SDR 16 TDI (FFFF) TDO (7FFF);
SDR 16 TDI (FFFF) TDO (FFFF);
SDR 16 TDI (FFFF) TDO (BBFF);
SDR 16 TDI (FFFF) TDO (FFFF);
SDR 16 TDI (FFFF) TDO (7FFF);
SDR 16 TDI (FFFF) TDO (FFFF);
SDR 16 TDI (FFFF) TDO (BFFF);
SDR 16 TDI (FFFF) TDO (EFFE);
SDR 16 TDI (FFFF) TDO (5FFF);
SDR 16 TDI (FFFF) TDO (FEFF);
SDR 16 TDI (FFFF) TDO (BFFF);
SDR 16 TDI (FFFF) TDO (EFFF);
SDR 16 TDI (FFFF) TDO (7DF7);
SDR 16 TDI (FFFF) TDO (EFFF);
SDR 16 TDI (FFFF) TDO (BFFF);
SDR 16 TDI (FFFF) TDO (BFFF);
SDR 16 TDI (FFFF) TDO (7FFF);
SDR 16 TDI (FFFF) TDO (FFFF);
SDR 16 TDI (FFFF) TDO (BFDF);
SDR 16 TDI (FFFF) TDO (FFFF);
SDR 16 TDI (FFFF) TDO (5FFF);
SDR 16 TDI (FFFF) TDO (FFFF);
SDR 16 TDI (FFFF) TDO (BFFF);
SDR 16 TDI (FFFF) TDO (DFFD);
SDR 16 TDI (FFFF) TDO (7FFF);
SDR 16 TDI (FFFF) TDO (F77F);
SDR 16 TDI (FFFF) TDO (BFFF);
SDR 16 TDI (FFFF) TDO (DFFF);
SDR 16 TDI (FFFF) TDO (7FF7);
SDR 16 TDI (FFFF) TDO (FFFF);
SDR 16 TDI (FFFF) TDO (BFFF);
SDR 16 TDI (FFFF) TDO (DFFF);
SDR 16 TDI (FFFF) TDO (5FFF);
SDR 16 TDI (FFFF) TDO (FFFF);
SDR 16 TDI (FFFF) TDO (BDFF);
SDR 16 TDI (FFFF) TDO (FFFF);
SDR 16 TDI (FFFF) TDO (7FFF);
SDR 16 TDI (FFFF) TDO (FFFF);
SDR 16 TDI (FFFF) TDO (BFFF);
SDR 16 TDI (FFFF) TDO (FFFF);
SDR 16 TDI (FFFF) TDO (7FFF);
SDR 16 TDI (FFFF) TDO (FFBF);
SDR 16 TDI (FFFF) TDO (9FFF);
SDR 16 TDI (FFFF) TDO (FFFF);
SDR 16 TDI (FFFF) TDO (7DFB);
SDR 16 TDI (FFFF) TDO (FFFF);
SDR 16 TDI (FFFF) TDO (BFFF);
SDR 16 TDI (FFFF) TDO (FFEF);
SDR 16 TDI (FFFF) TDO (7FFF);
SDR 16 TDI (FFFF) TDO (FFFF);
SDR 16 TDI (FFFF) TDO (BFDF);
SDR 16 TDI (FFFF) TDO (FFFF);
SDR 16 TDI (FFFF) TDO (7FFF);
SDR 16 TDI (FFFF) TDO (FFFF);
SDR 16 TDI (FFFF) TDO (BFFF);
SDR 16 TDI (FFFF) TDO (FFDF);
SDR 16 TDI (FFFF) TDO (5FFF);
SDR 16 TDI (FFFF) TDO (FFFF);
SDR 16 TDI (FFFF) TDO (BFFF);
SDR 16 TDI (FFFF) TDO (FFFF);
SDR 16 TDI (FFFF) TDO (7DFF);
SDR 16 TDI (FFFF) TDO (FFFF);
SDR 16 TDI (FFFF) TDO (BFFF);
SDR 16 TDI (FFFF) TDO (AFFF);
SDR 16 TDI (FFFF) TDO (7FFF);
SDR 16 TDI (FFFF) TDO (FFFF);
SDR 16 TDI (FFFF) TDO (9EDF);
SDR 16 TDI (FFFF) TDO (FFFF);
SDR 16 TDI (FFFF) TDO (7FFF);
SDR 16 TDI (FFFF) TDO (FFFF);
SDR 16 TDI (FFFF) TDO (BFFF);
SDR 16 TDI (FFFF) TDO (FF75);
SDR 16 TDI (FFFF) TDO (6FFB);
SDR 16 TDI (FFFF) TDO (FFFF);
SDR 16 TDI (FFFF) TDO (BFFE);
SDR 16 TDI (FFFF) TDO (EFFA);
SDR 16 TDI (FFFF) TDO (77FF);
SDR 16 TDI (FFFF) TDO (FFFF);
SDR 16 TDI (FFFF) TDO (BFFF);
SDR 16 TDI (FFFF) TDO (FFFF);
SDR 16 TDI (FFFF) TDO (5FFF);
SDR 16 TDI (FFFF) TDO (FFFF);
SDR 16 TDI (FFFF) TDO (BFFF);
SDR 16 TDI (FFFF) TDO (FFFF);
SDR 16 TDI (FFFF) TDO (7FFF);
SDR 16 TDI (FFFF) TDO (FFFF);
SDR 16 TDI (FFFF) TDO (BFFF);
SDR 16 TDI (FFFF) TDO (FDFF);
SDR 16 TDI (FFFF) TDO (7FFF);
SDR 16 TDI (FFFF) TDO (FFFF);
SDR 16 TDI (FFFF) TDO (BEBF);
SDR 16 TDI (FFFF) TDO (FFFF);
SDR 16 TDI (FFFF) TDO (5FFF);
SDR 16 TDI (FFFF) TDO (FF8F);
SDR 16 TDI (FFFF) TDO (BFFF);
SDR 16 TDI (FFFF) TDO (FFFF);
SDR 16 TDI (FFFF) TDO (7FFA);
SDR 16 TDI (FFFF) TDO (FFFF);
SDR 16 TDI (FFFF) TDO (BFFF);
SDR 16 TDI (FFFF) TDO (FFFF);
SDR 16 TDI (FFFF) TDO (7FFF);
SDR 16 TDI (FFFF) TDO (FFFF);
SDR 16 TDI (FFFF) TDO (BFFF);
SDR 16 TDI (FFFF) TDO (FFFF);
SDR 16 TDI (FFFF) TDO (5FFB);
SDR 16 TDI (FFFF) TDO (FFFF);
SDR 16 TDI (FFFF) TDO (BFFE);
SDR 16 TDI (FFFF) TDO (EFFF);
SDR 16 TDI (FFFF) TDO (7BFF);
SDR 16 TDI (FFFF) TDO (FFFF);
SDR 16 TDI (FFFF) TDO (BFFF);
SDR 16 TDI (FFFF) TDO (AFFF);
SDR 16 TDI (FFFF) TDO (7FFF);
SDR 16 TDI (FFFF) TDO (FFFF);
SDR 16 TDI (FFFF) TDO (BF5F);
SDR 16 TDI (FFFF) TDO (FFFF);
SDR 16 TDI (FFFF) TDO (5FFF);
SDR 16 TDI (FFFF) TDO (FFFF);
SDR 16 TDI (FFFF) TDO (BFFF);
SDR 16 TDI (FFFF) TDO (FC00);
SDR 16 TDI (FFFF) TDO (65FB);
SDR 16 TDI (FFFF) TDO (3FFF);
SDR 16 TDI (FFFF) TDO (BFE7);
SDR 16 TDI (FFFF) TDO (FFF2);
SDR 16 TDI (FFFF) TDO (67FF);
SDR 16 TDI (FFFF) TDO (FFF9);
SDR 16 TDI (FFFF) TDO (B33F);
SDR 16 TDI (FFFF) TDO (DFFF);
SDR 16 TDI (FFFF) TDO (5FFF);
SDR 16 TDI (FFFF) TDO (999B);
SDR 16 TDI (FFFF) TDO (BFCF);
SDR 16 TDI (FFFF) TDO (FFFF);
SDR 16 TDI (FFFF) TDO (7FFF);
SDR 16 TDI (FFFF) TDO (FFFF);
SDR 16 TDI (FFFF) TDO (BFFF);
SDR 16 TDI (FFFF) TDO (FFFF);
SDR 16 TDI (FFFF) TDO (7FFF);
SDR 16 TDI (FFFF) TDO (FFFF);
SDR 16 TDI (FFFF) TDO (BFFF);
SDR 16 TDI (FFFF) TDO (FFFF);
SDR 16 TDI (FFFF) TDO (5FFF);
SDR 16 TDI (FFFF) TDO (FFFF);
SDR 16 TDI (FFFF) TDO (BFFF);
SDR 16 TDI (FFFF) TDO (FFFF);
SDR 16 TDI (FFFF) TDO (7FFF);
SDR 16 TDI (FFFF) TDO (FFFF);
SDR 16 TDI (FFFF) TDO (BFEF);
SDR 16 TDI (FFFF) TDO (FFFF);
SDR 16 TDI (FFFF) TDO (7FFF);
SDR 16 TDI (FFFF) TDO (FFFF);
SDR 16 TDI (FFFF) TDO (BFFF);
SDR 16 TDI (FFFF) TDO (FFFF);
SDR 16 TDI (FFFF) TDO (59FF);
SDR 16 TDI (FFFF) TDO (FFFF);
SDR 16 TDI (FFFF) TDO (BFFF);
SDR 16 TDI (FFFF) TDO (FFFF);
SDR 16 TDI (FFFF) TDO (7FFF);
SDR 16 TDI (FFFF) TDO (FFFF);
SDR 16 TDI (FFFF) TDO (BFFF);
SDR 16 TDI (FFFF) TDO (FFFF);
SDR 16 TDI (FFFF) TDO (7FFF);
SDR 16 TDI (FFFF) TDO (FFF3);
SDR 16 TDI (FFFF) TDO (BFFF);
SDR 16 TDI (FFFF) TDO (FFFF);
SDR 16 TDI (FFFF) TDO (5FFF);
SDR 16 TDI (FFFF) TDO (FFFF);
SDR 16 TDI (FFFF) TDO (BFFF);
SDR 16 TDI (FFFF) TDO (FFFF);
SDR 16 TDI (FFFF) TDO (7FFF);
SDR 16 TDI (FFFF) TDO (FFFF);
SDR 16 TDI (FFFF) TDO (BFFF);
SDR 16 TDI (FFFF) TDO (FFFF);
SDR 16 TDI (FFFF) TDO (7FFF);
SDR 16 TDI (FFFF) TDO (FFFF);
SDR 16 TDI (FFFF) TDO (BFFF);
SDR 16 TDI (FFFF) TDO (FFFF);
SDR 16 TDI (FFFF) TDO (5FFF);
SDR 16 TDI (FFFF) TDO (FFFF);
SDR 16 TDI (FFFF) TDO (BFFF);
SDR 16 TDI (FFFF) TDO (FFFF);
SDR 16 TDI (FFFF) TDO (5FFF);
SDR 16 TDI (FFFF) TDO (FFFF);
SDR 16 TDI (FFFF) TDO (BFFF);
SDR 16 TDI (FFFF) TDO (FFFF);
SDR 16 TDI (FFFF) TDO (7FFF);
SDR 16 TDI (FFFF) TDO (FFFF);
SDR 16 TDI (FFFF) TDO (BFFF);
SDR 16 TDI (FFFF) TDO (FFFF);
SDR 16 TDI (FFFF) TDO (7FFF);
SDR 16 TDI (FFFF) TDO (FFFF);
SDR 16 TDI (FFFF) TDO (BFFF);
SDR 16 TDI (FFFF) TDO (FFFF);
SDR 16 TDI (FFFF) TDO (7FFF);
SDR 16 TDI (FFFF) TDO (FFFF);
SDR 16 TDI (FFFF) TDO (BFFF);
SDR 16 TDI (FFFF) TDO (FFFF);
SDR 16 TDI (FFFF) TDO (7FFF);
SDR 16 TDI (FFFF) TDO (FFFF);
SDR 16 TDI (FFFF) TDO (BFFF);
SDR 16 TDI (FFFF) TDO (FFFF);
SDR 16 TDI (FFFF) TDO (7FFF);
SDR 16 TDI (FFFF) TDO (FFFF);
SDR 16 TDI (FFFF) TDO (BFFF);
SDR 16 TDI (FFFF) TDO (FFFF);
SDR 16 TDI (FFFF) TDO (7FFF);
SDR 16 TDI (FFFF) TDO (FFFF);
SDR 16 TDI (FFFF) TDO (BFFF);
SDR 16 TDI (FFFF) TDO (FFFF);
SDR 16 TDI (FFFF) TDO (7FFF);
SDR 16 TDI (FFFF) TDO (FFFF);
SDR 16 TDI (FFFF) TDO (BFFF);
SDR 16 TDI (FFFF) TDO (FFFF);
SDR 16 TDI (FFFF) TDO (7FFF);
SDR 16 TDI (FFFF) TDO (FFFF);
SDR 16 TDI (FFFF) TDO (BFFF);
SDR 16 TDI (FFFF) TDO (FFFF);
SDR 16 TDI (FFFF) TDO (7FFF);
SDR 16 TDI (FFFF) TDO (FFFF);
SDR 16 TDI (FFFF) TDO (BFFF);
SDR 16 TDI (FFFF) TDO (FFFF);
SDR 16 TDI (FFFF) TDO (7FFF);
SDR 16 TDI (FFFF) TDO (FFFF);
SDR 16 TDI (FFFF) TDO (BFFF);
SDR 16 TDI (FFFF) TDO (FFFF);
SDR 16 TDI (FFFF) TDO (7FFF);
SDR 16 TDI (FFFF) TDO (FFFF);
SDR 16 TDI (FFFF) TDO (BFFF);
SDR 16 TDI (FFFF) TDO (FFFF);
SDR 16 TDI (FFFF) TDO (7FFF);
SDR 16 TDI (FFFF) TDO (FFFF);
SDR 16 TDI (FFFF) TDO (BFFF);
SDR 16 TDI (FFFF) TDO (FFFF);
SDR 16 TDI (FFFF) TDO (7FFF);
SDR 16 TDI (FFFF) TDO (FFFF);
SDR 16 TDI (FFFF) TDO (BFFF);
SDR 16 TDI (FFFF) TDO (FFFF);
SDR 16 TDI (FFFF) TDO (7FFF);
SDR 16 TDI (FFFF) TDO (FFFF);
SDR 16 TDI (FFFF) TDO (BFFF);
SDR 16 TDI (FFFF) TDO (FFFF);
SDR 16 TDI (FFFF) TDO (7FFF);
SDR 16 TDI (FFFF) TDO (FFFF);
SDR 16 TDI (FFFF) TDO (BFFF);
SDR 16 TDI (FFFF) TDO (FFFF);
SDR 16 TDI (FFFF) TDO (7FFF);
SDR 16 TDI (FFFF) TDO (FFFF);
SDR 16 TDI (FFFF) TDO (BFFF);
SDR 16 TDI (FFFF) TDO (FFFF);
SDR 16 TDI (FFFF) TDO (7FFF);
SDR 16 TDI (FFFF) TDO (FFFF);
SDR 16 TDI (FFFF) TDO (BFFF);
SDR 16 TDI (FFFF) TDO (FFFF);
SDR 16 TDI (FFFF) TDO (7FFF);
SDR 16 TDI (FFFF) TDO (FFFF);
SDR 16 TDI (FFFF) TDO (BFFF);
SDR 16 TDI (FFFF) TDO (FFFF);
SDR 16 TDI (FFFF) TDO (7FFF);
SDR 16 TDI (FFFF) TDO (FFFF);
SDR 16 TDI (FFFF) TDO (BFFF);
SDR 16 TDI (FFFF) TDO (FFFF);
SDR 16 TDI (FFFF) TDO (7FFF);
SDR 16 TDI (FFFF) TDO (FFFF);
SDR 16 TDI (FFFF) TDO (BFFF);
SDR 16 TDI (FFFF) TDO (FFFF);
SDR 16 TDI (FFFF) TDO (7FFF);
SDR 16 TDI (FFFF) TDO (FFFF);
SDR 16 TDI (FFFF) TDO (BFFF);
SDR 16 TDI (FFFF) TDO (FFFF);
SDR 16 TDI (FFFF) TDO (7FFF);
SDR 16 TDI (FFFF) TDO (FFFF);
SDR 16 TDI (FFFF) TDO (BFFF);
SDR 16 TDI (FFFF) TDO (FFFF);
SDR 16 TDI (FFFF) TDO (7FFF);
SDR 16 TDI (FFFF) TDO (FFFF);
SDR 16 TDI (FFFF) TDO (BFFF);
SDR 16 TDI (FFFF) TDO (FFFF);
SDR 16 TDI (FFFF) TDO (7FFF);
SDR 16 TDI (FFFF) TDO (FFFF);
SDR 16 TDI (FFFF) TDO (BFFF);
SDR 16 TDI (FFFF) TDO (FFFF);
SDR 16 TDI (FFFF) TDO (7FFF);
SDR 16 TDI (FFFF) TDO (FFFF);
SDR 16 TDI (FFFF) TDO (BFFF);
SDR 16 TDI (FFFF) TDO (FFFF);
SDR 16 TDI (FFFF) TDO (7FFF);
SDR 16 TDI (FFFF) TDO (FFFF);
SDR 16 TDI (FFFF) TDO (BFFF);
SDR 16 TDI (FFFF) TDO (FFFF);
SDR 16 TDI (FFFF) TDO (7FFF);
SDR 16 TDI (FFFF) TDO (FFFF);
SDR 16 TDI (FFFF) TDO (BFFF);
SDR 16 TDI (FFFF) TDO (FFFF);
SDR 16 TDI (FFFF) TDO (7FFF);
SDR 16 TDI (FFFF) TDO (FFFF);
SDR 16 TDI (FFFF) TDO (BFFF);
SDR 16 TDI (FFFF) TDO (FFFF);
SDR 16 TDI (FFFF) TDO (7FFF);
SDR 16 TDI (FFFF) TDO (FFFF);
SDR 16 TDI (FFFF) TDO (BFFF);
SDR 16 TDI (FFFF) TDO (FFFF);
SDR 16 TDI (FFFF) TDO (7FFF);
SDR 16 TDI (FFFF) TDO (FFFF);
SDR 16 TDI (FFFF) TDO (BFFF);
SDR 16 TDI (FFFF) TDO (FFFF);
SDR 16 TDI (FFFF) TDO (7FFF);
SDR 16 TDI (FFFF) TDO (FFFF);
SDR 16 TDI (FFFF) TDO (BFFF);
SDR 16 TDI (FFFF) TDO (FFFF);
SDR 16 TDI (FFFF) TDO (7FFF);
SDR 16 TDI (FFFF) TDO (FFFF);
SDR 16 TDI (FFFF) TDO (BFFF);
SDR 16 TDI (FFFF) TDO (FFFF);
SDR 16 TDI (FFFF) TDO (7FFF);
SDR 16 TDI (FFFF) TDO (FFFF);
SDR 16 TDI (FFFF) TDO (BFFF);
SDR 16 TDI (FFFF) TDO (FFFF);
SDR 16 TDI (FFFF) TDO (7FFF);
SDR 16 TDI (FFFF) TDO (FFFF);
SDR 16 TDI (FFFF) TDO (BFFF);
SDR 16 TDI (FFFF) TDO (FFFF);
SDR 16 TDI (FFFF) TDO (7FFF);
SDR 16 TDI (FFFF) TDO (FFFF);
SDR 16 TDI (FFFF) TDO (BFFF);
SDR 16 TDI (FFFF) TDO (FFFF);
SDR 16 TDI (FFFF) TDO (7FFF);
SDR 16 TDI (FFFF) TDO (FFFF);
SDR 16 TDI (FFFF) TDO (BFFF);
SDR 16 TDI (FFFF) TDO (FFFF);
SDR 16 TDI (FFFF) TDO (7FFF);
SDR 16 TDI (FFFF) TDO (FFFF);
SDR 16 TDI (FFFF) TDO (BFFF);
SDR 16 TDI (FFFF) TDO (FFFF);
SDR 16 TDI (FFFF) TDO (7FFF);
SDR 16 TDI (FFFF) TDO (FFFF);
SDR 16 TDI (FFFF) TDO (BFFF);
SDR 16 TDI (FFFF) TDO (FFFF);
SDR 16 TDI (FFFF) TDO (7FFF);
SDR 16 TDI (FFFF) TDO (FFFF);
SDR 16 TDI (FFFF) TDO (BFFF);
SDR 16 TDI (FFFF) TDO (FFFF);
SDR 16 TDI (FFFF) TDO (7FFF);
SDR 16 TDI (FFFF) TDO (FFFF);
SDR 16 TDI (FFFF) TDO (BFFF);
SDR 16 TDI (FFFF) TDO (FFFF);
SDR 16 TDI (FFFF) TDO (7FFF);
SDR 16 TDI (FFFF) TDO (FFFF);
SDR 16 TDI (FFFF) TDO (BFFF);
SDR 16 TDI (FFFF) TDO (FFFF);
SDR 16 TDI (FFFF) TDO (7FFF);
SDR 16 TDI (FFFF) TDO (FFFF);
SDR 16 TDI (FFFF) TDO (BFFF);
SDR 16 TDI (FFFF) TDO (FFFF);
SDR 16 TDI (FFFF) TDO (7FFF);
SDR 16 TDI (FFFF) TDO (FFFF);
SDR 16 TDI (FFFF) TDO (BFFF);
SDR 16 TDI (FFFF) TDO (FFFF);
SDR 16 TDI (FFFF) TDO (7FFF);
SDR 16 TDI (FFFF) TDO (FFFF);
SDR 16 TDI (FFFF) TDO (BFFF);
SDR 16 TDI (FFFF) TDO (FFFF);
SDR 16 TDI (FFFF) TDO (7FFF);
SDR 16 TDI (FFFF) TDO (FFFF);
SDR 16 TDI (FFFF) TDO (BFFF);
SDR 16 TDI (FFFF) TDO (FFFF);
SDR 16 TDI (FFFF) TDO (7FFF);
SDR 16 TDI (FFFF) TDO (FFFF);
SDR 16 TDI (FFFF) TDO (BFFF);
SDR 16 TDI (FFFF) TDO (FFFF);
SDR 16 TDI (FFFF) TDO (7FFF);
SDR 16 TDI (FFFF) TDO (FFFF);
SDR 16 TDI (FFFF) TDO (BFFF);
SDR 16 TDI (FFFF) TDO (FFFF);
SDR 16 TDI (FFFF) TDO (7FFF);
SDR 16 TDI (FFFF) TDO (FFFF);
SDR 16 TDI (FFFF) TDO (BFFF);
SDR 16 TDI (FFFF) TDO (FFFF);
SDR 16 TDI (FFFF) TDO (7FFF);
SDR 16 TDI (FFFF) TDO (FFFF);
SDR 16 TDI (FFFF) TDO (BFFF);
SDR 16 TDI (FFFF) TDO (FFFF);
SDR 16 TDI (FFFF) TDO (7FFF);
SDR 16 TDI (FFFF) TDO (FFFF);
SDR 16 TDI (FFFF) TDO (BFFF);
SDR 16 TDI (FFFF) TDO (FFFF);
SDR 16 TDI (FFFF) TDO (7FFF);
SDR 16 TDI (FFFF) TDO (FFFF);
SDR 16 TDI (FFFF) TDO (BFFF);
SDR 16 TDI (FFFF) TDO (FFFF);
SIR 10 TDI (203);
RUNTEST 53 TCK;
SDR 13 TDI (0001);
SIR 10 TDI (205);
RUNTEST 53 TCK;
SDR 16 TDI (FFFF) TDO (FFFF) MASK (FFFF);
SDR 16 TDI (FFFF) TDO (FFFF);
SDR 16 TDI (FFFF) TDO (FFFF);
SDR 16 TDI (FFFF) TDO (FFFF);
SDR 16 TDI (FFFF) TDO (FFFF);
SDR 16 TDI (FFFF) TDO (FFFF);
SDR 16 TDI (FFFF) TDO (FFFF);
SDR 16 TDI (FFFF) TDO (FFFF);
SDR 16 TDI (FFFF) TDO (FFFF);
SDR 16 TDI (FFFF) TDO (FFFF);
SDR 16 TDI (FFFF) TDO (FFFF);
SDR 16 TDI (FFFF) TDO (FFFF);
SDR 16 TDI (FFFF) TDO (FFFF);
SDR 16 TDI (FFFF) TDO (FFFF);
SDR 16 TDI (FFFF) TDO (FFFF);
SDR 16 TDI (FFFF) TDO (FFFF);
SDR 16 TDI (FFFF) TDO (FFFF);
SDR 16 TDI (FFFF) TDO (FFFF);
SDR 16 TDI (FFFF) TDO (FFFF);
SDR 16 TDI (FFFF) TDO (FFFF);
SDR 16 TDI (FFFF) TDO (FFFF);
SDR 16 TDI (FFFF) TDO (FFFF);
SDR 16 TDI (FFFF) TDO (FFFF);
SDR 16 TDI (FFFF) TDO (FFFF);
SDR 16 TDI (FFFF) TDO (FFFF);
SDR 16 TDI (FFFF) TDO (FFFF);
SDR 16 TDI (FFFF) TDO (FFFF);
SDR 16 TDI (FFFF) TDO (FFFF);
SDR 16 TDI (FFFF) TDO (FFFF);
SDR 16 TDI (FFFF) TDO (FFFF);
SDR 16 TDI (FFFF) TDO (FFFF);
SDR 16 TDI (FFFF) TDO (FFFF);
SDR 16 TDI (FFFF) TDO (FFFF);
SDR 16 TDI (FFFF) TDO (FFFF);
SDR 16 TDI (FFFF) TDO (FFFF);
SDR 16 TDI (FFFF) TDO (FFFF);
SDR 16 TDI (FFFF) TDO (FFFF);
SDR 16 TDI (FFFF) TDO (FFFF);
SDR 16 TDI (FFFF) TDO (FFFF);
SDR 16 TDI (FFFF) TDO (FFFF);
SDR 16 TDI (FFFF) TDO (FFFF);
SDR 16 TDI (FFFF) TDO (FFFF);
SDR 16 TDI (FFFF) TDO (FFFF);
SDR 16 TDI (FFFF) TDO (FFFF);
SDR 16 TDI (FFFF) TDO (FFFF);
SDR 16 TDI (FFFF) TDO (FFFF);
SDR 16 TDI (FFFF) TDO (FFFF);
SDR 16 TDI (FFFF) TDO (FFFF);
SDR 16 TDI (FFFF) TDO (FFFF);
SDR 16 TDI (FFFF) TDO (FFFF);
SDR 16 TDI (FFFF) TDO (FFFF);
SDR 16 TDI (FFFF) TDO (FFFF);
SDR 16 TDI (FFFF) TDO (FFFF);
SDR 16 TDI (FFFF) TDO (FFFF);
SDR 16 TDI (FFFF) TDO (FFFF);
SDR 16 TDI (FFFF) TDO (FFFF);
SDR 16 TDI (FFFF) TDO (FFFF);
SDR 16 TDI (FFFF) TDO (FFFF);
SDR 16 TDI (FFFF) TDO (FFFF);
SDR 16 TDI (FFFF) TDO (FFFF);
SDR 16 TDI (FFFF) TDO (FFFF);
SDR 16 TDI (FFFF) TDO (FFFF);
SDR 16 TDI (FFFF) TDO (FFFF);
SDR 16 TDI (FFFF) TDO (FFFF);
SDR 16 TDI (FFFF) TDO (FFFF);
SDR 16 TDI (FFFF) TDO (FFFF);
SDR 16 TDI (FFFF) TDO (FFFF);
SDR 16 TDI (FFFF) TDO (FFFF);
SDR 16 TDI (FFFF) TDO (FFFF);
SDR 16 TDI (FFFF) TDO (FFFF);
SDR 16 TDI (FFFF) TDO (FFFF);
SDR 16 TDI (FFFF) TDO (FFFF);
SDR 16 TDI (FFFF) TDO (FFFF);
SDR 16 TDI (FFFF) TDO (FFFF);
SDR 16 TDI (FFFF) TDO (FFFF);
SDR 16 TDI (FFFF) TDO (FFFF);
SDR 16 TDI (FFFF) TDO (FFFF);
SDR 16 TDI (FFFF) TDO (FFFF);
SDR 16 TDI (FFFF) TDO (FFFF);
SDR 16 TDI (FFFF) TDO (FFFF);
SDR 16 TDI (FFFF) TDO (FFFF);
SDR 16 TDI (FFFF) TDO (FFFF);
SDR 16 TDI (FFFF) TDO (FFFF);
SDR 16 TDI (FFFF) TDO (FFFF);
SDR 16 TDI (FFFF) TDO (FFFF);
SDR 16 TDI (FFFF) TDO (FFFF);
SDR 16 TDI (FFFF) TDO (FFFF);
SDR 16 TDI (FFFF) TDO (FFFF);
SDR 16 TDI (FFFF) TDO (FFFF);
SDR 16 TDI (FFFF) TDO (FFFF);
SDR 16 TDI (FFFF) TDO (FFFF);
SDR 16 TDI (FFFF) TDO (FFFF);
SDR 16 TDI (FFFF) TDO (FFFF);
SDR 16 TDI (FFFF) TDO (FFFF);
SDR 16 TDI (FFFF) TDO (FFFF);
SDR 16 TDI (FFFF) TDO (FFFF);
SDR 16 TDI (FFFF) TDO (FFFF);
SDR 16 TDI (FFFF) TDO (FFFF);
SDR 16 TDI (FFFF) TDO (FFFF);
SDR 16 TDI (FFFF) TDO (FFFF);
SDR 16 TDI (FFFF) TDO (FFFF);
SDR 16 TDI (FFFF) TDO (FFFF);
SDR 16 TDI (FFFF) TDO (FFFF);
SDR 16 TDI (FFFF) TDO (FFFF);
SDR 16 TDI (FFFF) TDO (FFFF);
SDR 16 TDI (FFFF) TDO (FFFF);
SDR 16 TDI (FFFF) TDO (FFFF);
SDR 16 TDI (FFFF) TDO (FFFF);
SDR 16 TDI (FFFF) TDO (FFFF);
SDR 16 TDI (FFFF) TDO (FFFF);
SDR 16 TDI (FFFF) TDO (FFFF);
SDR 16 TDI (FFFF) TDO (FFFF);
SDR 16 TDI (FFFF) TDO (FFFF);
SDR 16 TDI (FFFF) TDO (FFFF);
SDR 16 TDI (FFFF) TDO (FFFF);
SDR 16 TDI (FFFF) TDO (FFFF);
SDR 16 TDI (FFFF) TDO (FFFF);
SDR 16 TDI (FFFF) TDO (FFFF);
SDR 16 TDI (FFFF) TDO (FFFF);
SDR 16 TDI (FFFF) TDO (FFFF);
SDR 16 TDI (FFFF) TDO (FFFF);
SDR 16 TDI (FFFF) TDO (FFFF);
SDR 16 TDI (FFFF) TDO (FFFF);
SDR 16 TDI (FFFF) TDO (FFFF);
SDR 16 TDI (FFFF) TDO (FFFF);
SDR 16 TDI (FFFF) TDO (FFFF);
SDR 16 TDI (FFFF) TDO (FFFF);
SDR 16 TDI (FFFF) TDO (FFFF);
SDR 16 TDI (FFFF) TDO (FFFF);
SDR 16 TDI (FFFF) TDO (FFFF);
SDR 16 TDI (FFFF) TDO (FFFF);
SDR 16 TDI (FFFF) TDO (FFFF);
SDR 16 TDI (FFFF) TDO (FFFF);
SDR 16 TDI (FFFF) TDO (FFFF);
SDR 16 TDI (FFFF) TDO (FFFF);
SDR 16 TDI (FFFF) TDO (FFFF);
SDR 16 TDI (FFFF) TDO (FFFF);
SDR 16 TDI (FFFF) TDO (FFFF);
SDR 16 TDI (FFFF) TDO (FFFF);
SDR 16 TDI (FFFF) TDO (FFFF);
SDR 16 TDI (FFFF) TDO (FFFF);
SDR 16 TDI (FFFF) TDO (FFFF);
SDR 16 TDI (FFFF) TDO (FFFF);
SDR 16 TDI (FFFF) TDO (FFFF);
SDR 16 TDI (FFFF) TDO (FFFF);
SDR 16 TDI (FFFF) TDO (FFFF);
SDR 16 TDI (FFFF) TDO (FFFF);
SDR 16 TDI (FFFF) TDO (FFFF);
SDR 16 TDI (FFFF) TDO (FFFF);
SDR 16 TDI (FFFF) TDO (FFFF);
SDR 16 TDI (FFFF) TDO (FFFF);
SDR 16 TDI (FFFF) TDO (FFFF);
SDR 16 TDI (FFFF) TDO (FFFF);
SDR 16 TDI (FFFF) TDO (FFFF);
SDR 16 TDI (FFFF) TDO (FFFF);
SDR 16 TDI (FFFF) TDO (FFFF);
SDR 16 TDI (FFFF) TDO (FFFF);
SDR 16 TDI (FFFF) TDO (FFFF);
SDR 16 TDI (FFFF) TDO (FFFF);
SDR 16 TDI (FFFF) TDO (FFFF);
SDR 16 TDI (FFFF) TDO (FFFF);
SDR 16 TDI (FFFF) TDO (FFFF);
SDR 16 TDI (FFFF) TDO (FFFF);
SDR 16 TDI (FFFF) TDO (FFFF);
SDR 16 TDI (FFFF) TDO (FFFF);
SDR 16 TDI (FFFF) TDO (FFFF);
SDR 16 TDI (FFFF) TDO (FFFF);
SDR 16 TDI (FFFF) TDO (FFFF);
SDR 16 TDI (FFFF) TDO (FFFF);
SDR 16 TDI (FFFF) TDO (FFFF);
SDR 16 TDI (FFFF) TDO (FFFF);
SDR 16 TDI (FFFF) TDO (FFFF);
SDR 16 TDI (FFFF) TDO (FFFF);
SDR 16 TDI (FFFF) TDO (FFFF);
SDR 16 TDI (FFFF) TDO (FFFF);
SDR 16 TDI (FFFF) TDO (FFFF);
SDR 16 TDI (FFFF) TDO (FFFF);
SDR 16 TDI (FFFF) TDO (FFFF);
SDR 16 TDI (FFFF) TDO (FFFF);
SDR 16 TDI (FFFF) TDO (FFFF);
SDR 16 TDI (FFFF) TDO (FFFF);
SDR 16 TDI (FFFF) TDO (FFFF);
SDR 16 TDI (FFFF) TDO (FFFF);
SDR 16 TDI (FFFF) TDO (FFFF);
SDR 16 TDI (FFFF) TDO (FFFF);
SDR 16 TDI (FFFF) TDO (FFFF);
SDR 16 TDI (FFFF) TDO (FFFF);
SDR 16 TDI (FFFF) TDO (FFFF);
SDR 16 TDI (FFFF) TDO (FFFF);
SDR 16 TDI (FFFF) TDO (FFFF);
SDR 16 TDI (FFFF) TDO (FFFF);
SDR 16 TDI (FFFF) TDO (FFFF);
SDR 16 TDI (FFFF) TDO (FFFF);
SDR 16 TDI (FFFF) TDO (FFFF);
SDR 16 TDI (FFFF) TDO (FFFF);
SDR 16 TDI (FFFF) TDO (FFFF);
SDR 16 TDI (FFFF) TDO (FFFF);
SDR 16 TDI (FFFF) TDO (FFFF);
SDR 16 TDI (FFFF) TDO (FFFF);
SDR 16 TDI (FFFF) TDO (FFFF);
SDR 16 TDI (FFFF) TDO (FFFF);
SDR 16 TDI (FFFF) TDO (FFFF);
SDR 16 TDI (FFFF) TDO (FFFF);
SDR 16 TDI (FFFF) TDO (FFFF);
SDR 16 TDI (FFFF) TDO (FFFF);
SDR 16 TDI (FFFF) TDO (FFFF);
SDR 16 TDI (FFFF) TDO (FFFF);
SDR 16 TDI (FFFF) TDO (FFFF);
SDR 16 TDI (FFFF) TDO (FFFF);
SDR 16 TDI (FFFF) TDO (FFFF);
SDR 16 TDI (FFFF) TDO (FFFF);
SDR 16 TDI (FFFF) TDO (FFFF);
SDR 16 TDI (FFFF) TDO (FFFF);
SDR 16 TDI (FFFF) TDO (FFFF);
SDR 16 TDI (FFFF) TDO (FFFF);
SDR 16 TDI (FFFF) TDO (FFFF);
SDR 16 TDI (FFFF) TDO (FFFF);
SDR 16 TDI (FFFF) TDO (FFFF);
SDR 16 TDI (FFFF) TDO (FFFF);
SDR 16 TDI (FFFF) TDO (FFFF);
SDR 16 TDI (FFFF) TDO (FFFF);
SDR 16 TDI (FFFF) TDO (FFFF);
SDR 16 TDI (FFFF) TDO (FFFF);
SDR 16 TDI (FFFF) TDO (FFFF);
SDR 16 TDI (FFFF) TDO (FFFF);
SDR 16 TDI (FFFF) TDO (FFFF);
SDR 16 TDI (FFFF) TDO (FFFF);
SDR 16 TDI (FFFF) TDO (FFFF);
SDR 16 TDI (FFFF) TDO (FFFF);
SDR 16 TDI (FFFF) TDO (FFFF);
SDR 16 TDI (FFFF) TDO (FFFF);
SDR 16 TDI (FFFF) TDO (FFFF);
SDR 16 TDI (FFFF) TDO (FFFF);
SDR 16 TDI (FFFF) TDO (FFFF);
SDR 16 TDI (FFFF) TDO (FFFF);
SDR 16 TDI (FFFF) TDO (FFFF);
SDR 16 TDI (FFFF) TDO (FFFF);
SDR 16 TDI (FFFF) TDO (FFFF);
SDR 16 TDI (FFFF) TDO (FFFF);
SDR 16 TDI (FFFF) TDO (FFFF);
SDR 16 TDI (FFFF) TDO (FFFF);
SDR 16 TDI (FFFF) TDO (FFFF);
SDR 16 TDI (FFFF) TDO (FFFF);
SDR 16 TDI (FFFF) TDO (FFFF);
SDR 16 TDI (FFFF) TDO (FFFF);
SDR 16 TDI (FFFF) TDO (FFFF);
SDR 16 TDI (FFFF) TDO (FFFF);
SDR 16 TDI (FFFF) TDO (FFFF);
SDR 16 TDI (FFFF) TDO (FFFF);
SDR 16 TDI (FFFF) TDO (FFFF);
SDR 16 TDI (FFFF) TDO (FFFF);
SDR 16 TDI (FFFF) TDO (FFFF);
SDR 16 TDI (FFFF) TDO (FFFF);
SDR 16 TDI (FFFF) TDO (FFFF);
SDR 16 TDI (FFFF) TDO (FFFF);
SDR 16 TDI (FFFF) TDO (FFFF);
SDR 16 TDI (FFFF) TDO (FFFF);
SDR 16 TDI (FFFF) TDO (FFFF);
SDR 16 TDI (FFFF) TDO (FFFF);
SDR 16 TDI (FFFF) TDO (FFFF);
SDR 16 TDI (FFFF) TDO (FFFF);
SDR 16 TDI (FFFF) TDO (FFFF);
SDR 16 TDI (FFFF) TDO (FFFF);
SDR 16 TDI (FFFF) TDO (FFFF);
SDR 16 TDI (FFFF) TDO (FFFF);
SDR 16 TDI (FFFF) TDO (FFFF);
SDR 16 TDI (FFFF) TDO (FFFF);
SDR 16 TDI (FFFF) TDO (FFFF);
SDR 16 TDI (FFFF) TDO (FFFF);
SDR 16 TDI (FFFF) TDO (FFFF);
SDR 16 TDI (FFFF) TDO (FFFF);
SDR 16 TDI (FFFF) TDO (FFFF);
SDR 16 TDI (FFFF) TDO (FFFF);
SDR 16 TDI (FFFF) TDO (FFFF);
SDR 16 TDI (FFFF) TDO (FFFF);
SDR 16 TDI (FFFF) TDO (FFFF);
SDR 16 TDI (FFFF) TDO (FFFF);
SDR 16 TDI (FFFF) TDO (FFFF);
SDR 16 TDI (FFFF) TDO (FFFF);
SDR 16 TDI (FFFF) TDO (FFFF);
SDR 16 TDI (FFFF) TDO (FFFF);
SDR 16 TDI (FFFF) TDO (FFFF);
SDR 16 TDI (FFFF) TDO (FFFF);
SDR 16 TDI (FFFF) TDO (FFFF);
SDR 16 TDI (FFFF) TDO (FFFF);
SDR 16 TDI (FFFF) TDO (FFFF);
SDR 16 TDI (FFFF) TDO (FFFF);
SDR 16 TDI (FFFF) TDO (FFFF);
SDR 16 TDI (FFFF) TDO (FFFF);
SDR 16 TDI (FFFF) TDO (FFFF);
SDR 16 TDI (FFFF) TDO (FFFF);
SDR 16 TDI (FFFF) TDO (FFFF);
SDR 16 TDI (FFFF) TDO (FFFF);
SDR 16 TDI (FFFF) TDO (FFFF);
SDR 16 TDI (FFFF) TDO (FFFF);
SDR 16 TDI (FFFF) TDO (FFFF);
SDR 16 TDI (FFFF) TDO (FFFF);
SDR 16 TDI (FFFF) TDO (FFFF);
SDR 16 TDI (FFFF) TDO (FFFF);
SDR 16 TDI (FFFF) TDO (FFFF);
SDR 16 TDI (FFFF) TDO (FFFF);
SDR 16 TDI (FFFF) TDO (FFFF);
SDR 16 TDI (FFFF) TDO (FFFF);
SDR 16 TDI (FFFF) TDO (FFFF);
SDR 16 TDI (FFFF) TDO (FFFF);
SDR 16 TDI (FFFF) TDO (FFFF);
SDR 16 TDI (FFFF) TDO (FFFF);
SDR 16 TDI (FFFF) TDO (FFFF);
SDR 16 TDI (FFFF) TDO (FFFF);
SDR 16 TDI (FFFF) TDO (FFFF);
SDR 16 TDI (FFFF) TDO (FFFF);
SDR 16 TDI (FFFF) TDO (FFFF);
SDR 16 TDI (FFFF) TDO (FFFF);
SDR 16 TDI (FFFF) TDO (FFFF);
SDR 16 TDI (FFFF) TDO (FFFF);
SDR 16 TDI (FFFF) TDO (FFFF);
SDR 16 TDI (FFFF) TDO (FFFF);
SDR 16 TDI (FFFF) TDO (FFFF);
SDR 16 TDI (FFFF) TDO (FFFF);
SDR 16 TDI (FFFF) TDO (FFFF);
SDR 16 TDI (FFFF) TDO (FFFF);
SDR 16 TDI (FFFF) TDO (FFFF);
SDR 16 TDI (FFFF) TDO (FFFF);
SDR 16 TDI (FFFF) TDO (FFFF);
SDR 16 TDI (FFFF) TDO (FFFF);
SDR 16 TDI (FFFF) TDO (FFFF);
SDR 16 TDI (FFFF) TDO (FFFF);
SDR 16 TDI (FFFF) TDO (FFFF);
SDR 16 TDI (FFFF) TDO (FFFF);
SDR 16 TDI (FFFF) TDO (FFFF);
SDR 16 TDI (FFFF) TDO (FFFF);
SDR 16 TDI (FFFF) TDO (FFFF);
SDR 16 TDI (FFFF) TDO (FFFF);
SDR 16 TDI (FFFF) TDO (FFFF);
SDR 16 TDI (FFFF) TDO (FFFF);
SDR 16 TDI (FFFF) TDO (FFFF);
SDR 16 TDI (FFFF) TDO (FFFF);
SDR 16 TDI (FFFF) TDO (FFFF);
SDR 16 TDI (FFFF) TDO (FFFF);
SDR 16 TDI (FFFF) TDO (FFFF);
SDR 16 TDI (FFFF) TDO (FFFF);
SDR 16 TDI (FFFF) TDO (FFFF);
SDR 16 TDI (FFFF) TDO (FFFF);
SDR 16 TDI (FFFF) TDO (FFFF);
SDR 16 TDI (FFFF) TDO (FFFF);
SDR 16 TDI (FFFF) TDO (FFFF);
SDR 16 TDI (FFFF) TDO (FFFF);
SDR 16 TDI (FFFF) TDO (FFFF);
SDR 16 TDI (FFFF) TDO (FFFF);
SDR 16 TDI (FFFF) TDO (FFFF);
SDR 16 TDI (FFFF) TDO (FFFF);
SDR 16 TDI (FFFF) TDO (FFFF);
SDR 16 TDI (FFFF) TDO (FFFF);
SDR 16 TDI (FFFF) TDO (FFFF);
SDR 16 TDI (FFFF) TDO (FFFF);
SDR 16 TDI (FFFF) TDO (FFFF);
SDR 16 TDI (FFFF) TDO (FFFF);
SDR 16 TDI (FFFF) TDO (FFFF);
SDR 16 TDI (FFFF) TDO (FFFF);
SDR 16 TDI (FFFF) TDO (FFFF);
SDR 16 TDI (FFFF) TDO (FFFF);
SDR 16 TDI (FFFF) TDO (FFFF);
SDR 16 TDI (FFFF) TDO (FFFF);
SDR 16 TDI (FFFF) TDO (FFFF);
SDR 16 TDI (FFFF) TDO (FFFF);
SDR 16 TDI (FFFF) TDO (FFFF);
SDR 16 TDI (FFFF) TDO (FFFF);
SDR 16 TDI (FFFF) TDO (FFFF);
SDR 16 TDI (FFFF) TDO (FFFF);
SDR 16 TDI (FFFF) TDO (FFFF);
SDR 16 TDI (FFFF) TDO (FFFF);
SDR 16 TDI (FFFF) TDO (FFFF);
SDR 16 TDI (FFFF) TDO (FFFF);
SDR 16 TDI (FFFF) TDO (FFFF);
SDR 16 TDI (FFFF) TDO (FFFF);
SDR 16 TDI (FFFF) TDO (FFFF);
SDR 16 TDI (FFFF) TDO (FFFF);
SDR 16 TDI (FFFF) TDO (FFFF);
SDR 16 TDI (FFFF) TDO (FFFF);
SDR 16 TDI (FFFF) TDO (FFFF);
SDR 16 TDI (FFFF) TDO (FFFF);
SDR 16 TDI (FFFF) TDO (FFFF);
SDR 16 TDI (FFFF) TDO (FFFF);
SDR 16 TDI (FFFF) TDO (FFFF);
SDR 16 TDI (FFFF) TDO (FFFF);
SDR 16 TDI (FFFF) TDO (FFFF);
SDR 16 TDI (FFFF) TDO (FFFF);
SDR 16 TDI (FFFF) TDO (FFFF);
SDR 16 TDI (FFFF) TDO (FFFF);
SDR 16 TDI (FFFF) TDO (FFFF);
SDR 16 TDI (FFFF) TDO (FFFF);
SDR 16 TDI (FFFF) TDO (FFFF);
SDR 16 TDI (FFFF) TDO (FFFF);
SDR 16 TDI (FFFF) TDO (FFFF);
SDR 16 TDI (FFFF) TDO (FFFF);
SDR 16 TDI (FFFF) TDO (FFFF);
SDR 16 TDI (FFFF) TDO (FFFF);
SDR 16 TDI (FFFF) TDO (FFFF);
SDR 16 TDI (FFFF) TDO (FFFF);
SDR 16 TDI (FFFF) TDO (FFFF);
SDR 16 TDI (FFFF) TDO (FFFF);
SDR 16 TDI (FFFF) TDO (FFFF);
SDR 16 TDI (FFFF) TDO (FFFF);
SDR 16 TDI (FFFF) TDO (FFFF);
SDR 16 TDI (FFFF) TDO (FFFF);
SDR 16 TDI (FFFF) TDO (FFFF);
SDR 16 TDI (FFFF) TDO (FFFF);
SDR 16 TDI (FFFF) TDO (FFFF);
SDR 16 TDI (FFFF) TDO (FFFF);
SDR 16 TDI (FFFF) TDO (FFFF);
SDR 16 TDI (FFFF) TDO (FFFF);
SDR 16 TDI (FFFF) TDO (FFFF);
SDR 16 TDI (FFFF) TDO (FFFF);
SDR 16 TDI (FFFF) TDO (FFFF);
SDR 16 TDI (FFFF) TDO (FFFF);
SDR 16 TDI (FFFF) TDO (FFFF);
SDR 16 TDI (FFFF) TDO (FFFF);
SDR 16 TDI (FFFF) TDO (FFFF);
SDR 16 TDI (FFFF) TDO (FFFF);
SDR 16 TDI (FFFF) TDO (FFFF);
SDR 16 TDI (FFFF) TDO (FFFF);
SDR 16 TDI (FFFF) TDO (FFFF);
SDR 16 TDI (FFFF) TDO (FFFF);
SDR 16 TDI (FFFF) TDO (FFFF);
SDR 16 TDI (FFFF) TDO (FFFF);
SDR 16 TDI (FFFF) TDO (FFFF);
SDR 16 TDI (FFFF) TDO (FFFF);
SDR 16 TDI (FFFF) TDO (FFFF);
SDR 16 TDI (FFFF) TDO (FFFF);
SDR 16 TDI (FFFF) TDO (FFFF);
SDR 16 TDI (FFFF) TDO (FFFF);
SDR 16 TDI (FFFF) TDO (FFFF);
SDR 16 TDI (FFFF) TDO (FFFF);
SDR 16 TDI (FFFF) TDO (FFFF);
SDR 16 TDI (FFFF) TDO (FFFF);
SDR 16 TDI (FFFF) TDO (FFFF);
SDR 16 TDI (FFFF) TDO (FFFF);
SDR 16 TDI (FFFF) TDO (FFFF);
SDR 16 TDI (FFFF) TDO (FFFF);
SDR 16 TDI (FFFF) TDO (FFFF);
SDR 16 TDI (FFFF) TDO (FFFF);
SDR 16 TDI (FFFF) TDO (FFFF);
SDR 16 TDI (FFFF) TDO (FFFF);
SDR 16 TDI (FFFF) TDO (FFFF);
SDR 16 TDI (FFFF) TDO (FFFF);
SDR 16 TDI (FFFF) TDO (FFFF);
SDR 16 TDI (FFFF) TDO (FFFF);
SDR 16 TDI (FFFF) TDO (FFFF);
SDR 16 TDI (FFFF) TDO (FFFF);
SDR 16 TDI (FFFF) TDO (FFFF);
SDR 16 TDI (FFFF) TDO (FFFF);
SDR 16 TDI (FFFF) TDO (FFFF);
SDR 16 TDI (FFFF) TDO (FFFF);
SDR 16 TDI (FFFF) TDO (FFFF);
SDR 16 TDI (FFFF) TDO (FFFF);
SDR 16 TDI (FFFF) TDO (FFFF);
SDR 16 TDI (FFFF) TDO (FFFF);
SDR 16 TDI (FFFF) TDO (FFFF);
SDR 16 TDI (FFFF) TDO (FFFF);
SDR 16 TDI (FFFF) TDO (FFFF);
SDR 16 TDI (FFFF) TDO (FFFF);
SDR 16 TDI (FFFF) TDO (FFFF);
SDR 16 TDI (FFFF) TDO (FFFF);
SDR 16 TDI (FFFF) TDO (FFFF);
SDR 16 TDI (FFFF) TDO (FFFF);
SDR 16 TDI (FFFF) TDO (FFFF);
SDR 16 TDI (FFFF) TDO (FFFF);
SDR 16 TDI (FFFF) TDO (FFFF);
SDR 16 TDI (FFFF) TDO (FFFF);
SDR 16 TDI (FFFF) TDO (FFFF);
SDR 16 TDI (FFFF) TDO (FFFF);
SDR 16 TDI (FFFF) TDO (FFFF);
SDR 16 TDI (FFFF) TDO (FFFF);
SDR 16 TDI (FFFF) TDO (FFFF);
SDR 16 TDI (FFFF) TDO (FFFF);
SDR 16 TDI (FFFF) TDO (FFFF);
SDR 16 TDI (FFFF) TDO (FFFF);
SDR 16 TDI (FFFF) TDO (FFFF);
SDR 16 TDI (FFFF) TDO (FFFF);
SDR 16 TDI (FFFF) TDO (FFFF);
SDR 16 TDI (FFFF) TDO (FFFF);
SDR 16 TDI (FFFF) TDO (FFFF);
SDR 16 TDI (FFFF) TDO (FFFF);
SDR 16 TDI (FFFF) TDO (FFFF);
SDR 16 TDI (FFFF) TDO (FFFF);
SDR 16 TDI (FFFF) TDO (FFFF);
SDR 16 TDI (FFFF) TDO (FFFF);
SDR 16 TDI (FFFF) TDO (FFFF);
SDR 16 TDI (FFFF) TDO (FFFF);
SDR 16 TDI (FFFF) TDO (FFFF);
SDR 16 TDI (FFFF) TDO (FFFF);
SDR 16 TDI (FFFF) TDO (FFFF);
SDR 16 TDI (FFFF) TDO (FFFF);
SDR 16 TDI (FFFF) TDO (FFFF);
SDR 16 TDI (FFFF) TDO (FFFF);
SDR 16 TDI (FFFF) TDO (FFFF);
SDR 16 TDI (FFFF) TDO (FFFF);
SDR 16 TDI (FFFF) TDO (FFFF);
SDR 16 TDI (FFFF) TDO (FFFF);
SDR 16 TDI (FFFF) TDO (FFFF);
SDR 16 TDI (FFFF) TDO (FFFF);
SDR 16 TDI (FFFF) TDO (FFFF);
SDR 16 TDI (FFFF) TDO (FFFF);
SDR 16 TDI (FFFF) TDO (FFFF);
SDR 16 TDI (FFFF) TDO (FFFF);
SDR 16 TDI (FFFF) TDO (FFFF);
SDR 16 TDI (FFFF) TDO (FFFF);
SDR 16 TDI (FFFF) TDO (FFFF);
SDR 16 TDI (FFFF) TDO (FFFF);
SDR 16 TDI (FFFF) TDO (FFFF);
SDR 16 TDI (FFFF) TDO (FFFF);
SDR 16 TDI (FFFF) TDO (FFFF);
SIR 10 TDI (203);
RUNTEST 53 TCK;
SDR 13 TDI (0000);
SIR 10 TDI (2F4);
RUNTEST 53 TCK;
SDR 16 TDI (7BFF);
RUNTEST 1000 TCK;
SDR 16 TDI (FFFF);
RUNTEST 1000 TCK;
SDR 16 TDI (BFFF);
RUNTEST 1000 TCK;
SDR 16 TDI (FFFF);
RUNTEST 1000 TCK;
SIR 10 TDI (201);
RUNTEST 10003 TCK;
SIR 10 TDI (3FF);
RUNTEST 10000 TCK;
STATE IDLE;
